ticker,cnpj,nome
0,21.254.073/0001-80,Companhia Itaunense Energia e Participações
00,00.644.907/0001-93,INVESTCO S.A.
0000,85.041.333/0001-11,PORTO PONTA DO FELIX S/A
00000,85.041.333/0001-11,PORTO PONTA DO FELIX S/A
000000,30.306.294/0001-45,BCO BTG PACTUAL S.A.
003H11,30.816.679/0001-52,KINEA CO INVESTIMENTO FII RESPONSABILIDADE LIMITADA
004C11,59.137.499/0001-26,FUNDO DE INVESTIMENTO IMOBILIÁRIO FINU
00DX11,26.191.053/0001-20,FII GOLDEN WEST
00GE11,20.019.120/0001-48,FII 4KIDS RL
00KG11,23.964.908/0001-10,PRIME 16 - FI IMOBILIÁRIO RL
00MM11,22.081.808/0001-83,BRAZIL PROPERTIES FII
00MQ11,26.846.280/0001-47,FUTURO FUNDO INVESTIMENTO IMOBILIARIO
00RK11,27.538.477/0001-81,HARMONIA FUNDO INVESTIMENTO IMOBILIARIO
016K11,30.982.923/0001-57,FII VITACON
017C11,32.667.306/0001-92,FII M8 MULT RL
018C11,30.871.660/0001-09,CLASSE A DO VBI ULIVING MULTICLASSE FII RESP LIMITADA
01J911,24.703.709/0001-11,FUNDO DE INVESTIMENTO IMOBILIÁRIO KEYCASH
01JV11,30.642.032/0001-51,BACURI FUNDO DE INVESTIMENTO IMOBILIARIO
01M911,26.846.134/0001-11,FUNDO DE INVESTIMENTO IMOBILIARIO BRASIL
01MD11,30.578.351/0001-45,VX XII FUNDO DE INVESTIMENTO IMOBILIÁRIO
01MF11,26.502.810/0001-30,XPCE RE FII 2 - FUNDO DE INVESTIMENTO IM
01TS11,30.609.558/0001-30,COLORADO FUNDO DE INVESTIMENTO EM PARTICIPAÇÕES EM CADEIAS P
01W411,30.258.790/0001-70,PRAZO FII - RESPONSABILIDADE LIMITADA
020K11,21.862.783/0001-92,CAM THRONE FUNDO DE INVESTIMENTO IMOBILIÁRIO
022055,61.189.288/0001-89,MARISA LOJAS S.A.
023175,08.159.965/0001-33,IGUA SANEAMENTO S.A.
025611,18.647.268/0001-85,CAM VERA CRUZ FUNDO DE INVESTIMENTO IMOBILIÁRIO
026W11,31.547.782/0001-07,AGRI8 - FUNDO DE INVESTIMENTO IMOBILIÁRIO
027I11,28.899.178/0001-35,FUNDO DE INVESTIMENTO IMOBILIARIOS HIRE PROPERTIES
028K11,22.103.617/0001-75,TC ALMAVI FII
028U11,33.842.871/0001-01,YORK FII
02EN11,32.388.168/0001-02,SERRA FUNDO DE INVESTIMENTO IMOBILIÁRIO
02TX11,32.903.702/0001-71,SAM - SANTANDER RENDA DE ALUGUEIS FII RL
03SP11,35.652.081/0001-99,GOLDEN LOG FII RL
045111,54.315.465/0001-60,TAMBORA HEDGE FUND FUNDO DE INVESTIMENTO IMOBILIÁRIO
045A11,23.781.211/0001-04,FII NORTHWEST
048511,35.940.506/0001-65,PLATINIUM XXI FUNDO DE INVESTIMENTO IMOBILIÁRIO RL
04OT11,24.774.904/0001-32,NF CAPITAL FUNDO DE INVESTIMENTO IMOBILIÁRIO
04T011,35.652.174/0001-13,PATRIA RBR FII
04U511,35.652.227/0001-04,FII RB CAP LOG RL
059711,35.725.666/0001-91,CV HAUS - FUNDO DE INVESTIMENTO IMOBILIARIO - FII
05GM11,35.755.044/0001-06,FUNDO DE INVESTIMENTO IMOBILIARIO XP EXETER
05J111,35.725.659/0001-90,CAPITAL RS FUNDO DE INVESTIMENTO IMOBILIÁRIO - FII
05KX11,35.765.889/0001-82,JACARANDÁ FUNDO DE INVESTIMENTO IMOBILIÁRIO
05WG11,37.262.531/0001-62,XP IDEA!ZARVOS FUNDO DE INVESTIMENTO IMOBILIÁRIO
06X411,36.200.654/0001-06,VINCI FULWOOD DESENV LOGÍSTICO FUNDO DE INVEST IMOBILIÁRIO
07FH11,38.498.758/0001-74,IC LOTEAMENTOS E RECEBÍVEIS FII
07OQ11,40.010.015/0001-55,FUNDO DE INVESTIMENTO IMOBILIÁRIO STAR
07OR11,36.258.924/0001-30,PIEMONTE - FUNDO DE INVESTIMENTO IMOBILIÁRIO
082S11,18.730.914/0001-73,FII EXCLUSIVO INFRA PATRIMONIAL II RL
08W611,37.645.417/0001-11,UBYFOL AGRO III
09F911,27.882.134/0001-30,APOLO FUNDO DE INVESTIMENTO IMOBILIÁRIO
09FR11,27.368.863/0001-72,FUNDO DE INVESTIMENTO IMOBILIÁRIO COLATERAL
09HW11,34.847.063/0001-08,ALIANZA MULTI FII
09NM11,42.463.823/0001-01,FUNDO DE INVESTIMENTO IMOBILIARIO XP EXETER II
09T511,40.011.279/0001-23,ALIANZA ITACA  FII
09XM11,65.838.122/0001-05,FII CF4
09XW11,41.251.077/0001-11,FRONTEIRA FII
0A0U11,39.449.207/0001-83,POMPEIA FUNDO DE INVESTIMENTO IMOBILIÁRIO
0A1T11,30.091.506/0001-14,NOVA IGUACU FII RL
0A3I11,42.133.756/0001-59,FIAGRO NAGRO GHIA
0A5E11,43.564.551/0001-90,PRIME HOTELS FDO INVEST IMOBILIARIO
0ABA11,42.479.609/0001-35,KINEA LOG DESENVOLVIMENTO FUNDO DE INVESTIMENTO IMOBILIÁRIO
0AFQ11,44.107.380/0001-33,BRM FUNDO DE INVESTIMENTO IMOBILIARIO
0AHB11,40.265.671/0001-07,KIJANI ASATALA FIAGRO
0AJU11,42.537.540/0001-59,BRICK 80 FII RL
0AKI11,35.868.733/0001-27,EXES XINGU FIAGRO DIREITOS CREDITÓRIOS - SEM
0ALP11,41.969.537/0001-41,ANGRA FUNDO DE INVESTIMENTO IMOBILIÁRIO
0AQ911,41.199.975/0001-78,FII ROOFTOP II RL
0B4Q11,44.625.562/0001-04,FUNDO DE INVESTIMENTO IMOBILIARIO TG REAL ESTATE
0BLF11,41.969.521/0001-39,EVORIS FUNDO DE INVESTIMENTO IMOBILIÁRIO
0BRY11,44.625.657/0001-10,FUNDO DE INVESTIMENTO IMOBILIÁRIO TG RENDA IMOBILIÁRIA
0BVU11,45.123.558/0001-00,CANAÃ - FIAGRO - IMOBILIÁRIO - RESPONSABILIDADE LIMITADA
0BZC11,44.728.520/0001-90,HIGH END REAL ESTATE FUNDO DE INVESTIMENTO IMOBILIARIO
0C4211,45.063.985/0001-32,FII ARTEMIS 20222
0C9J11,45.338.646/0001-11,FII VBI CRÉDITO ALOCAÇÃO ESTRATÉGICA
0CC211,35.434.726/0001-17,AGBI III CARBON FIAGRO
0CCH11,45.777.119/0001-03,G5 EMPREENDIMENTO IMOBILIARIO FII
0CHG11,41.673.349/0001-71,RDP LOG FUNDO DE INVESTIMENTO IMOBILIÁRIO
0CKQ11,46.334.715/0001-81,SULAMERICA REAL ESTATE FII
0CL211,46.322.850/0001-07,VALORA CRI INFRA FII
0CNP11,43.617.647/0001-70,FUNDO DE INVESTIMENTO IMOBILIÁRIO - FII BIOTIC
0CQS11,46.879.122/0001-09,BOJNICE 421 FUNDO DE INVESTIMENTO IMOBILIARIO
0CWF11,41.776.296/0001-14,LUCERNA FUNDO DE INVESTIMENTO IMOBILIÁRIOS
0D0T11,44.272.584/0001-20,LAVORO AGRO FIDC REPONSABILIDADE LIMITADA
0D5011,47.136.369/0001-90,REAL ESTATE SPECIAL SITUATIONS I FII
0D5111,46.027.189/0001-07,BRC III DESENVOLVIMENTO FII - RESPONSABILIDADE LIMITADA
0D7011,43.008.233/0001-43,BTG INCORPORACAO FII
0DDT11,43.741.205/0001-30,JGP CRÉDITO AGRO FIAGRO - IMOBILIÁRIO
0DE911,46.437.903/0001-35,FII NAVI HEDGE
0DFC11,44.302.001/0001-66,CULTTIVO
0DFM11,47.154.849/0001-83,PROPP I FUNDO DE INVESTIMENTO IMOBILIÁRIO
0DID11,41.251.371/0001-23,MIRANTE REALTY RECEBÍVEIS IMOBILIÁRIOS FII
0DJM11,45.120.786/0001-19,FII PLANTA DESENV URBANO RETROFIT
0DL611,40.837.664/0001-24,CARTEIRA: FII PLANNER 2400 - LOG IND FII
0DLA11,42.031.201/0001-04,CARTEIRA: FII PLANNER 0407 - INSTANT RENDA URBANA
0DLD11,43.101.312/0001-02,FII PLANNER 2837 - MEIRINGEN FII
0DLE11,42.592.916/0001-28,FUNDO DE INVESTIMENTO IMOB BIG BOX
0DLL11,43.741.195/0001-33,MAUÁ CAPITAL CRÉDITO ESTRUTURADO FII
0DLW11,28.267.530/0001-10,FII PLANNER 2405 - SABUGAL FII
0DLZ11,27.539.651/0001-00,FII PLANNER 2410 - TRADE INVEST CARE II FII
0DQH11,46.375.522/0001-79,PERFIN ANGELIN FUNDO DE I. NAS CADEIAS P. DO AGRONEGÓCIO
0DS511,41.673.359/0001-07,CLD GUARULHOS - FUNDO DE INVESTIMENTO IMOBILIÁRIO - FII
0DWK11,22.646.161/0001-90,IZAR FUNDO DE INVESTIMENTO IMOBILIÁRIO - FII
0E0711,47.102.860/0001-08,FII ATIVOS EM SAÚDE - SAUD
0E0S11,46.965.606/0001-62,FII PLANNER 2412 - PEDRA ALTA FII
0E3311,41.778.415/0001-78,HIGH FUNDO DE INVESTIMENTO IMOBIL  SUB
0E4T11,48.410.852/0001-83,JGP CRÉDITO IMOBILIÁRIO FUNDO DE INVESTIMENTO IMOBILIÁRIO
0E5Z11,47.936.340/0001-92,OPEA AGRO
0E9L11,47.896.665/0001-99,FII CAPITÂNIA SHOPP
0EBI11,42.754.362/0001-18,KINEA UNIQUE HY CDI FII RESPONSABILIDADE LIMITADA
0EBW11,42.516.999/0001-76,BRAY REAL ESTATE FUNDO DE INVESTIMENTO IMOBILIARIO
0EES11,47.669.421/0001-73,KOPPERT FUNDO INVEST. NAS CADEIAS PROD. DO AGRONEGÓCIO  RL
0EHG11,48.955.582/0001-96,BRK DESENVOLVIMENTO IMOBILIARIO FII
0EHW11,44.002.561/0001-03,TORINO FDO INVEST IMOB RESP LTDA
0EI911,45.188.176/0001-57,BTGP HEDGE FUND FII
0EJ011,49.005.570/0001-63,XPCE FUNDO DE INVESTIMENTO IMOBILIARIO HIGH YIELD
0EKV11,33.701.887/0001-02,INTRABANK FUNDO DE INVESTIMENTO IMOBILIÁRIO RL
0EL011,48.904.259/0001-93,FII PLANNER 3602 - CARFAN FII RESP LIMITADA
0EL111,48.978.731/0001-32,FII PLANNER 3468 - FRATIX FII RP LM
0EL211,48.978.797/0001-22,FII PLANNER 3470 - MENESCAL FII RL
0EL311,43.790.197/0001-12,FII PLANNER 3570 - NOVO CAMPO FII RL
0ELF11,47.085.640/0001-05,JAI IV - FII
0EMK11,43.671.358/0001-59,AZURITA FUNDO DE INVESTIMENTO IMOBILIÁRIO
0EML11,33.884.197/0001-28,SÃO MIGUEL DOS MILAGRES FII RESPONSABILIDADE LIMITADA - FII
0EMM11,17.655.122/0001-19,VANQUISH FUNDO DE INVESTIMENTO IMOBILIÁRO - FII
0EMN11,32.222.912/0001-02,PRIVILEGE REAL ESTATE FUNDO DE INVESTIMENTO IMOBILIÁRIO RL
0EMQ11,43.617.702/0001-21,MODULO RENDA CORPORATIVA FII RESP LIMITADA
0EMR11,39.375.158/0001-81,IBIZA FUNDO DE INVESTIMENTO IMOBILIÁRIO
0EPD11,43.565.147/0001-31,REAL STATE TRANCOSO FUNDO DE INVESTIMENTO IMOBILIÁRIO
0EQ011,48.961.539/0001-33,BRYGGEN FII
0EQD11,45.188.199/0001-61,BRICK 104 FII RL
0ETL11,49.318.661/0001-59,NOAD RECEBIVEIS IMOBILIARIOS FUNDO DE IN
0EYN11,49.863.204/0001-45,AZ QUEST LUNA FIAGRO - IMOBILIÁRIO
0EYX11,22.169.716/0001-50,ALIANZA REAL ESTATE II- FII
0EZ011,31.907.591/0001-09,SBC FUNDO DE INVESTIMENTO IMOBILIÁRIO
0F6011,44.173.269/0001-45,KEPLER WEBER FIAGRO-DIREITOS CREDITÓRIOS R. LIMITADA
0F8911,50.143.549/0001-03,CAPITÂNIA CRÉDITO IMOB FII
0FCJ11,50.375.550/0001-63,CARTEIRA: FII PLANNER 2422 - FII ARANDU AUCTION OPPORTUNITIE
0FF411,48.984.698/0001-53,PINHEIROS FUNDO DE INVESTIMENTO IMOBILIÁRIO RL
0FFP11,50.479.122/0001-80,BTGP LOGCP FII
0FG811,50.255.690/0001-06,DEMETER FI NAS CADEIAS PRODUTIVAS AGROINDUSTRIAIS FIAGRO
0FHM11,40.063.899/0001-06,FII DESENVOLVIMENTO I MODALMAIS
0FIW11,50.522.058/0001-73,SANTA CATARINA FII
0FJE11,23.426.470/0001-17,FII TRIPLE A ORDINARIA
0FKE11,50.555.700/0001-10,DJF IV JIVE FUNDO DE INVESTIMENTO IMOBILIÁRIO
0FLV11,50.117.874/0001-00,ALDEOTA RENDA IMOBILIÁRIA FII RESP LIMITADA
0FMU11,41.820.693/0001-46,FLORIANO FUNDO DE INVESTIMENTO IMOBILIÁRIO
0FPY11,50.352.284/0001-53,PATRIA OPORT FII
0FPZ11,50.718.976/0001-72,JHSF CAP INST FII RL
0FQK11,50.876.919/0001-11,ARC IV FUNDO DE INVESTIMENTO IMOBILIARIO
0FRA11,50.718.891/0001-94,FOF JHSF PRIV FII RL
0FWT11,50.749.446/0001-91,CAETÊ FIAGRO
0FY611,50.418.740/0001-10,INVISTA SCJ FII
0FYA11,50.940.230/0001-09,BLACK BRIDGE FUNDO DE INVESTIMENTO IMOBILIÁRIO RL
0FYR11,50.939.923/0001-81,GREY EAGLE FUNDO DE INVESTIMENTO IMOBILIARIO RL
0G0411,51.067.062/0001-51,HOP FII - RESPONSABILIDADE LIMITADA
0G0X11,47.846.916/0001-20,FIAGRO SINAI PRIME FUNDO DE INVESTIMENTO IMOB CLASSE ÚNICA
0G1211,51.192.125/0001-00,MORE CRED IMOB FII
0G1T11,39.591.218/0001-01,BASÍLICA PARTNERS MEDWELL FII
0G3V11,51.392.366/0001-94,CERRO VERDE FUNDO DE INVESTIMENTO IMOBILIÁRIO
0GAU11,51.574.466/0001-31,W601 FII
0GDN11,50.469.925/0001-54,FIAGRO FIDC ECOAGRO MULTIPLICA
0GID11,50.671.473/0001-99,FUNDO DE INVESTIMENTO IMOBILIÁRIO REVO I
0GJP11,50.275.622/0001-09,ROHT FUNDO DE INVESTIMENTO IMOBILIÁRIO
0GMH11,51.991.587/0001-89,BTW 001 FUNDO DE INVESTIMENTO IMOBILIÁRIO
0GOK11,51.802.350/0001-02,VBI CRED MULTI FII
0GTX11,35.755.232/0001-34,BRESCO COINVESTIMENTO I FUNDO DE INVESTIMENTO IMOBILIÁRIO
0GTY11,32.000.013/0001-57,BRESCO GROWTH FUNDO DE INVESTIMENTO IMOBILIÁRIO
0GXV11,42.923.317/0001-40,FII GHIA DESENVOLVIMENTO
0H4611,50.041.467/0001-58,FUNDO DE INVESTIMENTO IMOBILIÁRIO TERREN
0H4S11,52.355.496/0001-10,REC - FAMI FUNDO DE CRI COTAS AMORTIZAVEIS - FII
0H4V11,52.286.115/0001-98,AGROGALAXY FORNECEDORES FIAGRO
0H6P11,52.355.764/0001-01,IMIGRANTES IV - FII
0H6Q11,52.355.865/0001-74,CL CASTELO BRANCO FII
0H8W11,49.893.516/0001-00,CL GUARULHOS II - FUNDO DE INVESTIMENTO IMOBILIARIO - FII
0HA311,52.610.289/0001-64,CASTELO FUNDO DE INVESTIMENTO IMOBILIÁRIO
0HA411,52.609.938/0001-07,SANDALS FUNDO DE INVESTIMENTO IMOBILIÁRIO
0HA511,52.610.191/0001-07,AJU FUNDO DE INVESTIMENTO IMOBILIÁRIO
0HFI11,52.153.014/0001-49,GUARDIAN HEDGE FUND FUNDO DE INVESTIMENT
0HHJ11,49.640.601/0001-58,AGILE INVESTE FUNDO DE INVESTIMENTO IMOBILIÁRIO
0HJS11,51.326.818/0001-30,MOEMA FUNDO DE INVESTIMENTO IMOBILIÁRIO
0HN311,53.179.110/0001-29,ARC PLAZA IGUATEMI I - FII RESPONSABILIDADE LIMITADA
0HNK11,53.076.746/0001-45,EXITUS PLUS  FUNDO DE INVESTIMENTO IMOBILIÁRIO
0HNP11,53.190.891/0001-52,CARTEIRA: FII PLANNER 2524 - BOQ1 FIAGRO FII
0HNQ11,53.193.237/0001-00,ÁRTEMIS FII RESPONSABILIDADE LIMITADA
0HPO11,53.249.951/0001-65,CARTEIRA: FII PLANNER 2450 - ESPANHOL FII
0HPP11,53.251.715/0001-83,CARTEIRA: FII PLANNER 2477 - SGON FII
0HRP11,53.251.006/0001-06,NAVI RESIDENCIAL PRIME OPPORTUNITIES FII
0HS411,52.908.543/0001-05,FIAGRO OPEA BIOFINANCE
0HV611,53.260.548/0001-37,REC FUNDO DE CRI COTAS AMORTIZAVEIS - FII
0HWC11,52.366.833/0001-74,CODEMAR FUNDO DE INVESTIMENTO IMOBILIÁRIO
0HX311,52.889.976/0001-60,BEDFORD FUNDO DE INVESTIMENTO IMOBILIARIO
0I2S11,52.904.581/0001-90,GESIM SMART FUNDO DE INVESTIMENTO IMOBILIÁRIO
0I6H11,36.532.530/0001-28,ALDEOTA FEEDER FII RESPONSABILIDADE LIMITADA
0I6I11,51.381.999/0001-05,FUNDO DE INVESTIMENTO IMOBILIARIO ENSEADA RL
0I6J11,27.590.950/0001-70,FUNDO DE INVESTIMENTO IMOBILIÁRIO JAGUAR RL
0I6K11,51.416.131/0001-95,FUNDO DE INVESTIMENTO IMOBILIARIO TORONTO RL
0I6L11,51.407.683/0001-37,FUNDO DE INVESTIMENTO IMOBILIARIO VANCOUVER RL
0I6M11,51.226.569/0001-00,MINESOTTA FUNDO DE INVESTIMENTO IMOBILIARIO RL
0I6N11,51.672.980/0001-00,OLSEN FUNDO DE INVESTIMENTO IMOBILIÁRIO RL
0I6O11,37.433.832/0001-01,VÊNUS FUNDO DE INVESTIMENTO IMOBILIÁRIO-FII
0I7C11,53.471.254/0001-54,KRONOLOG II FII RESP LTDA
0IH511,54.045.925/0001-88,FII PLANNER 2687 - SUNNY FII
0IHZ11,42.517.145/0001-04,ARAGUAIA FUNDO DE INVESTIMENTO IMOBILIÁRIO
0IP611,54.089.614/0001-10,FII AZ QUEST PANORAMA JANDIRA
0IQ211,54.315.465/0001-60,TAMBORA HEDGE FUND FUNDO DE INVESTIMENTO IMOBILIÁRIO
0IQ811,54.201.573/0001-02,TERRAMAGNA FUNDO DE I. EM COTAS DE FIAGRO - D. CREDITÓRIOS
0IS611,54.386.365/0001-25,PLAZA IGUATEMI - FUNDO DE INVESTIMENTO IMOBILIARIO
0ITH11,42.518.422/0001-01,ALVORADA SC FIAGRO
0IUP11,53.294.592/0001-68,JHSF PONTA NEGRA
0IUQ11,53.294.563/0001-04,JHSF CAPITAL HOTEIS FII LTDA
0IUR11,54.089.708/0001-90,EB JHSF CAPITAL FII RESIDENCIAL ALTO PADRÃO RESP LIMITADA
0IWO11,41.978.140/0001-16,VBI RENDA PREFERENCIAL FII
0IWX11,63.266.685/0001-32,BRASIL TIMBERLAND PARANA FII RESPONSABILIDADE LIMITADA
0IYG11,54.064.962/0001-33,CANITAR INVEST FUNDO DE INVESTIMENTO IMOBILIARIO
0IYH11,54.275.309/0001-13,BUCAREST FUNDO DE INVESTIMENTO IMOBILIÁRIO
0J2V11,54.675.539/0001-70,CARTEIRA: FII PLANNER 2392 - FRANCORCHAMPS FII
0J4A11,54.620.584/0001-27,TISHMAN SPEYER JARDINS FII ORIZ XP FEEDER FII
0J4Y11,62.839.177/0001-33,FIAGRO SINAI MAXI FII
0J5S11,40.054.838/0001-82,LOFT III FII RL
0J6F11,53.191.611/0001-20,TERRAZ FII
0J7Q11,54.564.113/0001-49,TISHMAN SPEYER JARDINS FII ORIZ XP-CONS
0J8A11,54.422.945/0001-20,CYRELA CORP FII
0J8B11,54.483.412/0001-59,ICATU GRU
0J9N11,54.250.318/0001-50,EDIFICARE FDO INVEST IMOB RESP LTDA
0J9O11,54.250.610/0001-72,ELOHIM FDO INVEST IMOB
0JDN11,54.869.435/0001-04,ARX CHILLON REC FII
0JJG11,55.054.815/0001-45,TERRAMAGNA II FUNDO DE I. EM COTAS DE FIAGRO - R. LIMITADA
0JK311,33.554.611/0001-30,LOTEAR FUNDO DE INVESTIMENTO IMOBILIÁRIO
0JK411,53.275.496/0001-72,TERRA MINAS FII
0JS311,44.669.674/0001-59,FII TAG OCEANUS
0JVP11,43.671.250/0001-66,LAGUNA FUNDO DE INVESTIMENTO IMOBILIÁRIO - FII
0JWI11,36.642.275/0001-76,RBR DESENV IV FII RL
0KNA11,44.173.416/0001-87,BTAG MASTER I FIAGRO - DIREITOS CREDITÓRIOS
0KO811,55.729.232/0001-77,RIZA KALITHEA FII RESPONSABILIDADE LIMITADA
0KRX11,55.768.096/0001-24,FII UNIMED INVESTCOOP NACIONAL II
0KSL11,50.918.320/0001-01,FII PIEMONTESE
0KX111,40.502.694/0001-80,SPE FEE RE I FII
0L2U11,37.950.819/0001-20,CONTE BIANCAMANO FII
0L6811,55.476.342/0001-74,LAVORO AGRO II
0L8U11,56.174.611/0001-00,FII PLANNER 0414 - SHOPPING TOTALBRAS E NEWMALL
0L9C11,56.053.824/0001-84,FII RIO BRAVO HEDGE
0L9E11,55.346.193/0001-29,THEMISO FUNDO DE INVESTIMENTO IMOBILIÁRIO RL
0L9T11,53.603.489/0001-52,EXES XINGU II FIAGRO
0LA311,56.191.016/0001-83,AZ QUEST RENDA SOLAR FUNDO DE INVESTIMENTO IMOBILIÁRIO
0LAE11,55.399.790/0001-11,ROMAPE FUNDO DE INVESTIMENTO IMOBILIÁRIO
0LB111,55.034.258/0001-09,FII ZAVIT SPECIAL OPPORTUNITIES
0LC411,55.969.466/0001-91,SUNXITT FII DE RESPONSABILIDADE LIMITADA
0LCU11,55.661.358/0001-57,CROWTECH FUNDO DE INVESTIMENTO IMOBILIÁR
0LDZ11,55.307.025/0001-24,FII FRUTO TERRAS I - CLASSE ÚNICA
0LHF11,56.729.347/0001-24,FAZENDA BELA VISTA FIAGRO FII RESPONSABILIDADE LIMITADA
0LJA11,56.303.820/0001-07,FII ARTEMIS 2024
0LJU11,56.990.470/0001-02,MAUÁ CRED IMOB FII
0LM611,38.293.862/0001-22,ALIANZA DIGITAL FII
0LMF11,54.557.596/0001-54,BM FII
0LNI11,52.353.292/0001-40,JS OPPORTUNITIES FII RESPONSABILIDADE IMOBILIÁRIA
0LNL11,36.642.311/0001-00,BTGP RE PRIME FII
0LNR11,53.309.565/0001-11,CROMOSSOMO FII
0LNS11,55.219.089/0001-73,CV RE HIGH YIELD FII
0LNW11,45.188.124/0001-80,EMPIRICA CRI FII RL
0LO011,55.314.271/0001-03,FII BLUEROCK ONE
0LO111,17.308.805/0001-08,FII SHOP LIGHT RL
0LO511,40.414.001/0001-05,FLAMENGO FII RESP LTDA
0LOU11,57.076.795/0001-39,ÉXES C. FUNDO DE I. NAS C. P. DO A. - F. - D. C. R. LIMITADA
0LPD11,56.524.816/0001-79,MASH EMPREENDIMENTOS FII RESPONSABILIDADE LIMITADA
0LPT11,57.170.846/0001-97,HSI CRED ESTR FII
0LQL11,52.890.292/0001-89,KIJANI LOGISTICA FII
0LRD11,56.883.420/0001-18,FUNDO DE INVESTIMENTO IMOBILIÁRIO ZION CEMITÉRIOS RL
0LRN11,55.985.251/0001-64,ETT BLUECAP FII RESPONSABILIDADE LIMITAD
0LT711,11.425.077/0001-20,FII MB RESP LIMITADA
0LT811,30.178.506/0001-56,FUNDO DE INVESTIMENTO IMOBILIÁRIO F2ZZ
0LTA11,33.701.501/0001-54,FII AUREA EXTREMA RESP LTDA
0LTD11,36.673.421/0001-20,FII MEZANINO ESTRUTURADO
0LTE11,37.931.298/0001-63,PETTRA - FUNDO DE INVESTIMENTO IMOBILIÁRIO
0LU911,57.216.258/0001-47,BGR B32 FUNDO DE INVESTIMENTO IMOBILIÁRIO
0LUY11,44.302.072/0001-69,BARRA FUNDO DE INVESTIMENTO IMOBILIARIO
0LV811,49.649.500/0001-48,TEN DESENVOLVIMENTO FII
0LV911,50.686.473/0001-62,IMMOBINVEST FUNDO INVESTIMENTO IMOBILIAR
0LVD11,52.241.939/0001-41,FII OUTLET SANTA MARIA
0LVF11,53.178.634/0001-03,ROMA FI IMOBILIARIO RESP LTDA
0LVH11,54.088.529/0001-38,TAUBATE FI IMOB RESP LTDA
0LZP11,57.109.161/0001-35,TRUST FIAGRO - FII SUBORDINADA
0M0R11,56.304.155/0001-76,BALTIMORE SUB FII
0M0Z11,57.350.504/0001-59,ROMA VI FUNDO DE INVESTIMENTO IMOBILIÁRIO RESP LIMITADA
0M1R11,54.505.336/0001-35,FII REGRA BTS VAREJO LTDA
0M1U11,57.469.492/0001-86,BTGP RE HF MULT FII
0M3911,57.300.503/0001-08,ANNECY 59 FII
0M5K11,57.593.613/0001-05,RIZA EQUITUS FII
0M5T11,57.519.008/0001-86,STARBOARD III FII
0MCA11,57.583.846/0001-19,AZ QST PANORAMA FII
0MCP11,55.944.877/0001-22,CIX GD ENERGIA SOLAR FII RESPONSABILIDADE LIMITADA
0MEO11,56.073.063/0001-22,ARION FUNDO DE INVESTIMENTO IMOBILIÁRIO
0MIG11,57.965.466/0001-49,WHG SP REALTY II FUNDO DE INVESTIMENTO IMOBILIÁRIO
0MKY11,54.660.460/0001-75,BARI CAPITAL RENDA FUNDO DE INVESTIMENTO IMOBILIÁRIO
0MN111,32.140.405/0001-11,G5 ALLOCATION FUNDO DE INVESTIMENTO IMOBILIARIO
0MON11,58.198.613/0001-65,ARX FUNDO DE INVESTIMENTO IMOBILIÁRIO PORTFÓLIO RENDA CDI+
0MPR11,51.889.479/0001-08,FLORESTA FUNDO DE INVESTIMENTO IMOBILIÁRIO
0MQG11,57.300.684/0001-64,BOREAL CAPITAL FII DE RESP LTDA
0MQM11,53.123.631/0001-64,REVERSE INVEST FUNDO DE INVESTIMENTO IMOBILIÁRIO
0MQN11,58.054.129/0001-62,FII PLANNER 3478 - LUMINI FII
0MQP11,57.933.661/0001-97,CIBRA FIAGRO - DIREITOS CREDITÓRIOS COMERCIAIS RESP LIMIT
0MSM11,58.290.688/0001-71,SPX RE RENDA I FII
0MST11,58.316.418/0001-92,BRASOL IMOB S FII
0MU211,49.996.755/0001-87,TERRA RICA FUNDO DE INVESTIMENTO IMOBILIÁRIO
0MUQ11,58.291.962/0001-27,HELM FIAGRO - RESPONSABILIDADE LIMITADA
0MUR11,58.395.744/0001-32,FARM S. F. D. I. E. C. D. F. D. I. N. C. P. A. -. F. -. D. C
0MVV11,58.501.860/0001-99,INTER HEDGE FII
0MXG11,58.549.748/0001-28,ORIZ RAIZ II
0MXP11,58.056.955/0001-40,SANTA ROSA FIAGRO - DIREITOS CREDITÓRIOS
0MYP11,57.986.419/0001-81,CCGL FUNDO DE INVESTIMENTO IMOBILIÁRIO
0MZO11,58.643.797/0001-25,MULTI RENDA FII
0N0811,58.595.391/0001-14,BTG P. C. A. B. II PRÉ F. DE I. NAS C. P. DO A. R. LIMITADA
0N1311,58.600.779/0001-66,BTG P. C. A. B. II CDI F. DE I. NAS C. P. DO A. R. LIMITADA
0N1Q11,58.823.628/0001-77,Capsicum Fundo de Investimento
0N1X11,58.495.684/0001-20,LA PERLA FUNDO DE INVESTIMENTO IMOBILIÁRIO
0N4011,58.863.998/0001-38,XP LOGÍSTICO PRIME YIELD FUNDO DE INVESTIMENTO IMOBILIÁRIO
0N5T11,58.523.596/0001-94,FII NEODOMUS
0N6L11,55.293.694/0001-94,PEDHRA FUNDO DE INVESTIMENTO IMOBILIÁRIO RL
0N7H11,59.158.574/0001-35,LCP RENDA IMOBILIARIA MASTER FII
0N8111,59.196.234/0001-07,LCP RENDA IMOBILIÁRIA FEEDER FII
0N8311,42.537.492/0001-07,PRIMEOFFICES III FII
0N9E11,59.030.677/0001-15,PISA VII FUNDO DE INVESTIMENTO IMOBILIÁRIO RESP LIMITADA
0NAK11,58.478.226/0001-82,FII MANATI TURMALINA
0NAL11,58.478.291/0001-08,OPEN KAPITAL FII RESP LTDA
0NBV11,59.337.307/0001-25,RIZA ONYX FII
0NDN11,54.500.419/0001-31,RIVIERA DOURADA FUNDO DE INVESTIMENTO IMOBILIÁRIO
0NDO11,15.463.207/0001-70,INHAUMA FII
0NDV11,59.535.572/0001-18,RIZA KAFÉ FI NAS CADEIAS PRODUTIVAS DO AGRO
0NDZ11,54.635.245/0001-14,FII PERSEVERA PLANO & PLANO
0NET11,59.604.698/0001-05,MANATÍ RENDA CDI FUNDO DE INVESTIMENTO IMOBILIÁRIO
0NFY11,59.678.443/0001-89,OPORTUNIDADES IMOBILIÁRIAS I  FII
0NHU11,59.693.395/0001-06,MINAS AGRO FIAGRO - IMOBILIÁRIO
0NIQ11,59.658.166/0001-42,BTG AAA CAJAMAR FII
0NK111,58.548.730/0001-01,FII LMNX FII RESPONSABILIDADE LIMITADA
0NKJ11,59.680.687/0001-04,051 AGRO FAZENDAS IV FII
0NOS11,58.250.751/0001-46,FII HCO LOGISTICS OPPS
0NOX11,59.987.139/0001-13,RIZA VISEU FUNDO DE INVESTIMENTO IMOBILIÁRIO
0NP311,51.991.713/0001-03,BRIO COINVESTIMENTO JARDINS FII
0NP411,42.869.879/0001-52,JACARANDÁ 03 FUNDO DE INVESTIMENTO IMOBILIÁRIO - FII
0NQ411,60.127.177/0001-85,REC ONE FII
0NT711,59.521.704/0001-52,QUATRO GERACOES FI NAS CADEIAS PROD DO AGRO - RESP LTDA
0NTF11,59.255.025/0001-89,CIX RETROFIT FUNDO DE INVESTIMENTO IMOBILIÁRIO RESP LIMITADA
0NUQ11,60.413.964/0001-93,LAZIO II FUNDO DE INVESTIMENTO IMOBILIAR
0NV011,54.029.980/0001-84,MVM FUNDO DE INVESTIMENTO IMOBILIÁRIO
0NWA11,60.480.984/0001-87,FI I DE PERMUTA FINANCEIRA LOTE5 MEZANINO RESP LIMITADA
0NXD11,60.522.814/0001-18,SUN FUNDO DE INVESTIMENTO IMOBILIÁRIO RESP LIMITADA
0NYJ11,60.551.924/0001-08,FUNDO DE INVESTIMENTO IMOBILIÁRIO TG RENDA URBANA MASTER FII
0NZU11,60.077.386/0001-61,AF INVEST REAL ESTATE MULTIESTRATEGIA
0O2D11,60.750.887/0001-67,PERMUTA LOTE 5 CAMPINAS FI IMOBILIÁRIO RESP LIMITADA
0O3S11,60.743.809/0001-35,VALORA AGRO RENDA FIAGRO DIREITOS CREDITÓRIOS - R. LIMITADA
0O5K11,60.535.430/0001-30,VALORA CRI CDI RENDA MAIS FII
0O6P11,60.701.292/0001-11,HORTSOY INSUMOS FI NAS CADEIAS PRODUTIVAS DO AGRONEGOCIO
0O6U11,60.958.603/0001-22,HIRE RESIDENCIAL II FUNDO DE INVESTIMENTO IMOBILIÁRIO
0O9X11,52.321.885/0001-24,R8 FUNDO DE INVESTIMENTO IMOBILIÁRIO
0OAA11,61.112.477/0001-53,PROPP II FUNDO DE INVESTIMENTO IMOBILIÁRIO
0OBB11,60.676.622/0001-66,EUROCHEM FIAGRO FIDC DO AGRONEGÓCIO DE RESP LTDA
0OC111,60.922.008/0001-37,PRIME LOGISTICA FII
0OCR11,61.103.762/0001-08,FUNDO DE INVESTIMENTO IMOBILIÁRIO JIVEMAUÁ PROPRIEDADES FII
0ODI11,61.184.625/0001-45,ATLAS FIAGRO - RESP LIMITADA
0OE111,61.232.706/0001-73,EXA RENDA HIGH GRADE FUNDO DE INVESTIMENTO IMOBILIÁRIO
0OEM11,60.220.343/0001-93,GUIMMAR FUNDO DE INVESTIMENTO IMOBILIÁRI
0OEW11,61.245.120/0001-43,XP CDI 94 I FII
0OF011,61.238.364/0001-07,XP CDI I FII
0OGF11,58.410.974/0001-23,ATIVOS INDUSTRIAIS FII RESPONSABILIDADE LIMITADA
0OH211,61.250.889/0001-50,BR ENERGIA FII
0OHB11,58.516.084/0001-09,SANTO CRAVINHOS FI NAS CADEIAS PRODUTIVAS AGROINDUSTRIAIS
0OKW11,61.453.937/0001-07,FII TG RENDA IMOBILIÁRIA FEEDER
0OL711,61.455.116/0001-00,IMMOB VI DESENVOLVIMENTO FII
0OLZ11,61.424.730/0001-04,FII XP RENDA IMOBILIÁRIA FEEDER
0ON311,27.882.272/0001-19,FII PLANNER 3572 - NPP FII RL
0OO511,61.530.579/0001-99,3M FUNDO DE INVESTIMENTO IMOBILIÁRIO RESP LIMITADA
0OPC11,53.076.137/0001-96,DAYCOVAL REAL ESTATE CRÉD IMOB FII RL
0OQW11,61.537.964/0001-68,LOHTSE FUNDO DE INVESTIMENTO IMOBILIÁRIO
0OR811,61.700.255/0001-51,AGROFIN MILÊNIO EQI FUNDO DE INVESTIMENTO EM COTAS DE FIAGRO
0ORM11,53.250.967/0001-98,ARTEMIS 2025 FII RESP LTDA
0OSF11,61.667.274/0001-23,RAIZZ DESENVOLVIMENTO III FUNDO DE INVES
0OV811,61.865.683/0001-34,SANTO REIS FIAGRO IMOBILIÁRIO RESPONSABILIDADE LIMITADA
0OV911,61.865.925/0001-90,FOF JIVE FII
0OVB11,61.848.349/0001-72,AZ QUEST PANORAMA RENDA CDI
0OVR11,61.293.720/0001-87,GENESIS CAPITAL PREMIUM PROPERTIES FII RESP LIMITADA
0OVX11,61.793.651/0001-70,INVITATO RE CI FII
0OXE11,61.922.643/0001-87,LCP PREFIXADO FEEDER FUNDO DE INVESTIMENTO IMOBILIÁRIO
0OXG11,61.918.522/0001-61,LCP PREFIXADO MASTER FUNDO DE INVESTIMENTO IMOBILIÁRIO
0OZ411,61.820.010/0001-68,PATRIA OPORTUNIDADES IMOBILIÁRIAS FII
0OZC11,61.912.292/0001-23,VALORA FII
0P0Z11,61.247.681/0001-81,DC BRAZIL 1 FUNDO DE INVESTIMENTO IMOBIL
0P1411,61.762.309/0001-03,CORPORATE CHUCRI - FII - RESPONSABILIDADE LIMITADA
0P1M11,62.021.906/0001-40,XP HABITAT RENDA IMOBILIÁRIA FEEDER FII
0P1Y11,61.516.271/0001-99,FII XP RENDA IMOBILIARIA MASTER
0P2I11,62.064.773/0001-99,HEDGE OPPORTUNITIES FII RESP LTDA
0P3511,61.700.572/0001-78,CRIALT INSUMOS
0P3611,62.017.234/0001-07,XP HABITAT RENDA IMOBILIÁRIA MASTER FII
0P3711,61.796.062/0001-46,BLUE ROCK TWO FI IMOBILIÁRIO RESP LIMITADA
0P5311,61.974.505/0001-41,BRIO BS COINVESTIMENTO FII RESP LIMITADA
0P5511,58.568.605/0001-63,WAVE FDO INVEST IMOBILIA RESP LTDA
0P5K11,58.564.425/0001-03,FDO DE INVESTIMENTO IMOB SYN 6 RESP LTDA
0P5L11,58.564.382/0001-66,FDO DE INVESTIMENTO IMOB SYN 5 RESP LTDA
0P5W11,57.305.969/0001-98,POLLI FIAGRO
0P6I11,61.761.762/0001-03,APIUNA FUNDO DE INVESTIMENTO IMOBILIÁRIO.
0P6M11,62.193.937/0001-88,AGD FIAGRO RESPONSABILIDADE LIMITADA
0P7511,61.929.180/0001-85,FIAGRO - GRUPO AGROCP - RESP LTDA
0P7L11,62.173.916/0001-09,LOTUS TOWER FII
0P7U11,62.145.710/0001-67,FUNDO DE INVESTIMENTO IMOBILIARIO AXIA E
0P7V11,62.235.730/0001-29,CVPAR FUNDO DE INVESTIMENTO IMOBILIARIO
0P7W11,62.236.181/0001-07,HCO CURITIBA I FUNDO DE INVESTIMENTO IMO
0P8411,53.076.143/0001-43,JHSF CAPITAL JARDIM DA PACOBA FII - RL
0P8911,62.252.669/0001-28,HEDGE CRÉDITO CDI RENDA MAIS FII
0P8E11,53.463.715/0001-47,JFL REAL ESTATE FDO INVEST IMOB
0P9411,62.308.074/0001-47,FUNDO DE INVESTIMENTO IMOBILIÁRIO JHSF CAPITAL MALLS FEEDER
0PAF11,62.305.611/0001-03,RIZA TRAKTOS FII
0PAT11,62.093.351/0001-41,GRUPO CANASSA FIAGRO - DC RESP LTDA
0PAX11,62.225.432/0001-58,BURITI FIAGRO RESP LTDA
0PC011,62.363.267/0001-09,SOLVE DESENVOLVIMENTO IMOBILIARIO FII RESP LIMITADA
0PDP11,62.452.316/0001-71,BOCOM BBM RESIDENCIAL FII
0PER11,62.134.120/0001-39,FIAGRO SINOVA RESPONSABILIDADE LIMITADA
0PF211,19.131.224/0001-60,SAPUCAÍ RIO FUNDO DE INVESTIMENTO IMOBILIÁRIO - FII
0PFB11,62.526.654/0001-00,MAUÁ CAPITAL LAJES CORPORATIVAS FEEDER FII
0PGX11,62.319.005/0001-39,GRUPO NATIVA FIAGRO - FIAGRO RESP LIMITADA
0PHU11,62.415.042/0001-40,B.OND INS. AGRO F. INV. CAD. PROD. AGROIND. FIAGRO D.C.R.L.
0PI511,62.206.618/0001-60,JS RENDA ATIVA FI IMOBILIARIO RESP LIMITADA
0PJ511,62.590.175/0001-53,RIZA TERRAX VINTAGE FIAGRO
0PJW11,62.731.360/0001-10,TRIPLO A RESIDENCIAL FUNDO DE INVESTIMENTO IMOBILIÁRIO
0PJX11,62.739.410/0001-06,FII WINGS RENDA IMOBILIÁRIA FEEDER
0PJZ11,62.683.216/0001-56,FII WINGS RENDA IMOBILIÁRIA MASTER
0PK011,61.630.290/0001-41,XPCE AGRO FII
0PKT11,62.736.870/0001-80,DW FII
0PL011,62.529.006/0001-08,METROPOLITANO BETIM FII - RESP LTDA
0PND11,62.840.168/0001-62,SOYAGRO FIAGRO RESP LTDA
0PNX11,61.458.298/0001-72,HCO OPPS AERO II FEEDER FUNDO DE INVESTI
0PO311,62.413.880/0001-85,TECNOMYL IV F. INVEST. CADEIAS PROD. DO AGRONEGÓCIO - R.L.
0PO511,62.811.491/0001-08,LCP LOTES FUNDO DE INVESTIMENTO IMOBILIA
0POO11,62.729.896/0001-00,SINUELO FIAGRO DC RESP LTDA
0PP111,61.271.310/0001-35,BAYER CROPCREDIT II FIAGRO RESP LTDA
0PP211,62.855.536/0001-46,LOTUS TOWER II FII
0PP311,62.864.543/0001-04,RAIZZ RENDA UBERLANDIA FUNDO DE INVESTIM
0PPI11,62.840.029/0001-39,SYAGRI FIAGRO RESP LTDA
0PQD11,62.588.649/0001-22,AGROGALAXY
0PRP11,62.995.712/0001-45,FUNDO DE INVESTIMENTO IMOBILIÁRIO RIZA MALLS FEEDER
0PRQ11,63.812.442/0001-52,RIZA JESUINO FII RL
0PRT11,62.871.390/0001-22,SETE ÁGUAS FIAGRO IMOB RESP LIMITADA CLASSE E
0PSG11,62.987.130/0001-17,TERRAS FUNDO DE INVESTIMENTO NAS CADEIAS PRODUTIVAS DO AGRO
0PSU11,61.972.544/0001-00,UNIGGEL FIAGRO RESP LTDA
0PT411,36.420.742/0001-13,MAUÁ CAPITAL LAJES CORPORATIVAS FII
0PV411,63.034.061/0001-90,ARKAN ALPHA MULTIESTRATEGIA FII
0PVP11,62.883.138/0001-33,BGR GALPÕES LOGÍSTICOS I FEEDER FII
0PVQ11,62.995.191/0001-26,BGR GALPÕES LOGÍSTICOS I MASTER FII
0PW311,63.104.203/0001-48,BRASOL RENDA IMOBILIÁRIA SOLAR II FII
0PXB11,63.087.508/0001-99,ECOAGRO III - FIAGRO - RESPONSABILIDADE LIMITADA
0PXE11,62.161.600/0001-99,VINCI CRÉDITO TERRAS AGRO FIAGRO DE RESPONS. LIMITADA
0PY311,62.840.303/0001-70,IMPACTPVA FIAGRO RESP LTDA
0PYC11,40.011.234/0001-59,MAUÁ CAP URBANO FII
0PYD11,23.768.027/0001-24,TOP CENTER FII RL
0PYE11,43.008.884/0001-33,MAUÁ PROP INVEST FII
0PYF11,55.314.110/0001-10,PDP INVEST FUND FII
0PYG11,55.315.760/0001-80,PDP ALLOS FII
0PYH11,57.882.804/0001-89,RIZA THERA FII
0PYJ11,41.394.946/0001-67,CONTE ROSSO FII
0PYK11,58.022.479/0001-47,BTGP LOG EL FII RL
0PYL11,55.431.577/0001-40,SPX G MASTER DESEN
0PYM11,53.021.246/0001-06,VERA CRUZ FEEDER FII
0PYN11,43.009.610/0001-69,RBR MALLS FII
0PYO11,61.816.615/0001-85,LB REALTY DSV II FII
0PYQ11,60.868.732/0001-20,ATV IND NORDESTE FII
0PZ211,63.105.082/0001-59,BTS SERENA CLASSE
0PZL11,63.168.672/0001-20,TZI ÁGATA FUNDO DE INVESTIMENTO IMOBILIÁRIO
0PZR11,63.032.672/0001-07,J SAFRA FII RL
0Q1R11,62.959.750/0001-42,BRIO MULTIFAMILY FUNDO DE INVESTIMENTO IMOBILIÁRIO RESP LIM
0Q2211,63.194.165/0001-61,CIBRA OCP FIAGRO
0Q2M11,63.225.091/0001-83,PATRIA OPORTUNIDADES IMOBILIÁRIAS FEEDER FII
0Q2Y11,63.279.539/0001-41,EQR RETROFIT FUNDO DE INVESTIMENTO IMOBILIÁRIO
0Q3L11,62.910.733/0001-10,SICOOB PRIME FLEX FIAGRO
0Q4211,63.393.767/0001-48,QUARTA VIA REAL ASSETS FUNDO DE INVESTIMENTO IMOBILIÁRIO
0Q4711,63.352.779/0001-24,ALIANZA CRÉDITO RENDA MAIS FII MASTER
0Q5C11,62.952.567/0001-15,HEDGE FUND ZETA MULTIESTRATÉGIA FII RESP LIMITADA
0Q5F11,62.750.438/0001-44,PRIORI FIAGRO RESP LTDA
0Q5N11,63.326.551/0001-60,CERES BTG URA AGRO 2 FUNDO DE I. NAS C. P. DO A. R. LIMITADA
0Q6I11,63.441.263/0001-56,MANATI FII
0Q7S11,48.373.428/0001-06,CIX PONTA NEGRA FUNDO DE INVESTIMENTO IMOBILIÁRIO
0Q8N11,62.587.224/0001-07,NATURAL ONE FIAGRO
0Q8X11,62.950.991/0001-20,JS RENDA IMOBILIARIA FI IMOBILIARIO RESP LIMITADA
0Q9211,60.619.652/0001-30,KRONOLOG I FII RESP LTDA
0Q9Q11,62.603.652/0001-78,FII MAUA PLANTA RESP LTDA - CASCA
0QBB11,63.416.131/0001-74,TREVISO RESIDENCIAL FII RESP LIMITADA
0QBF11,63.496.639/0001-20,VALORA CRI PRÉ I FEEDER FUNDO DE INVESTIMENTO IMOBILIÁRIO RL
0QBT11,63.360.692/0001-07,7367 FII DE RESP LTDA
0QC211,63.626.722/0001-76,VALORA CRI PRÉ I MASTER FUNDO DE INVESTIMENTO IMOBILIÁRIO RL
0QCH11,63.638.500/0001-73,XP CDI 98 II FUNDO DE INVESTIMENTO IMOBILIÁRIO
0QCI11,63.638.558/0001-17,XP CDI 93 II FUNDO DE INVESTIMENTO IMOBILIÁRIO
0QCJ11,63.638.435/0001-86,XP CDI 96 II FUNDO DE INVESTIMENTO IMOBILIÁRIO
0QCK11,63.638.368/0001-08,XP CDI II FUNDO DE INVESTIMENTO IMOBILIÁRIO
0QCL11,63.608.356/0001-22,XP AGRO RENDA FEEDER FIAGRO
0QCU11,63.490.556/0001-23,NUTRY AGRO FUNDO DE INVESTIMENTO NAS CADEIAS PRODUTIVAS AGRO
0QCY11,63.601.980/0001-06,CORPORATE SPRJ  FII RESP LIMIT
0QDC11,62.728.923/0001-11,FIAGRO FIELD MAQUINAS I
0QDW11,64.722.519/0001-66,XP LOGÍSTICO PRIME YIELD II FII RL
0QHT11,63.492.653/0001-55,PERMUTA RESIDENCIAL FUNDO DE INVESTIMENT
0QIF11,63.779.784/0001-18,XP AGRO RENDA MASTER FIAGRO
0QIR11,63.757.906/0001-75,RIZA CORP FII RL
0QIV11,64.851.907/0001-47,GRPLRG FUNDO DE INVESTIMENTO IMOBILIÁRIO
0QJ111,63.550.475/0001-71,FORTUNE CARBON REMOVAL FIAGRO
0QJ411,63.806.554/0001-09,HIREFII RESPONSABILIDADE LIMITADA
0QJ711,62.032.746/0001-34,FIAGRO ANIMA COCARI
0QJF11,63.700.460/0001-42,ENERGIA REAL FII
0QJJ11,59.137.587/0001-28,VALORA CRI PRÉ I FEEDER II FII - RL
0QJL11,63.756.393/0001-88,RIZA TERRAX INSTITUCIONAL FEEDER FII RL
0QK111,62.604.084/0001-20,ECOAGRO II FIAGRO
0QKB11,63.866.936/0001-10,GRUPO AGRO FIAGRO
0QOI11,63.707.629/0001-96,FARMTECH A. III F. DE I. NAS C. P. DO A. - F. - R. LIMITADA
0QP311,63.740.194/0001-81,LABOR AGRO FIAGRO RL
0QPV11,62.696.791/0001-93,BTG P. CERES C. FUNDO DE I. NAS CADEIAS P. DO A. R. LIMITADA
0QRN11,63.321.931/0001-01,BTG P. P. RAÍZES FUNDO DE I. NAS C. P. DO A. R. LIMITADA
0QS311,63.933.215/0001-85,F4 FII RESPONSABILIDADE LIMITADA
0QTD11,63.918.369/0001-06,LCP PREFIXADO II FEEDER FII
0QTH11,63.973.003/0001-21,GOLD FUNDO DE INVESTIMENTO IMOBILIÁRIO RL
0QTT11,63.954.054/0001-06,LCP PREFIXADO II MASTER FII
0QUM11,64.008.175/0001-28,UP NORTH FIAGRO
0QV311,63.932.359/0001-17,PACKEM FUNDO DE I. NAS CADEIAS PRODUTIVAS DO A. R. LIMITADA
0QVQ11,63.505.786/0001-19,H3 LEGACY FUNDO DE INVESTIMENTO IMOBILIARIO
0QWH11,63.996.773/0001-90,FIAGRO AGRO CAPITAL RESPONSABILIDADE LIMITADA
0QWM11,63.884.798/0001-00,JATOBÁ FIAGRO
0QWN11,64.030.930/0001-70,XP CDI 96 III FUNDO DE INVESTIMENTO IMOBILIÁRIO
0QWO11,64.030.981/0001-00,XP CDI 98 III FUNDO DE INVESTIMENTO IMOBILIÁRIO
0QWP11,64.031.021/0001-57,XP CDI 93 III FUNDO DE INVESTIMENTO IMOBILIÁRIO
0QWU11,63.952.986/0001-10,CAATIVA CACAU FUNDO DE INVESTIMENTO IMOBILIÁRIO - RL
0QWZ11,64.064.212/0001-15,BLU MARE AGRONEGÓCIO
0QX011,64.027.096/0001-64,VALORIZA FIAGRO
0QX911,63.759.978/0001-51,GUARDIAN OP VAREJO FII - RESP LTDA
0QXN11,64.089.566/0001-14,BRASIL INCORPORAÇÃO FI IMOBILIÁRIO RESP LIMITADA
0QY011,63.249.022/0001-00,ALIANÇA LOG FII
0QYF11,64.012.870/0001-63,RIZA PONTE DA LIBERDADE - FII RL
0QYO11,63.616.278/0001-08,GUARDIAN STRATEGY FII - RL
0QZ111,63.848.135/0001-21,ALICERCE MANATI FII
0QZC11,63.976.969/0001-12,HARAS LA ESTANCIA FUNDO DE INVESTIMENTO
0QZU11,63.787.595/0001-97,GUARDIAN CORPORATE FII
0R0Y11,64.156.203/0001-54,ALFA AGRO FUNDO DE INVESTIMENTO IMOBILIÁRIO RESP LIMITADA
0R1S11,64.128.543/0001-71,AGROSUPORTE FUNDO DE INVESTIMENTO NAS CADEIAS PRODUTIVAS AG
0R1T11,64.169.245/0001-20,VEGETAL FUNDO DE INVESTIMENTO NAS CADEIAS PRODUTIVAS AGROIND
0R1U11,64.128.289/0001-01,LAVROTERRA FUNDO DE INVESTIMENTO NAS CADEIAS PRODUTIVAS AGRO
0R2C11,63.787.595/0001-97,GUARDIAN CORPORATE FII
0R2H11,63.779.981/0001-37,PIEMONTE OMNIA FUNDO DE INVESTIMENTO IMOBILIÁRIO
0R4I11,63.321.456/0001-73,BTG P. C. A. B. M. III F. DE I. NAS C. P. DO A. R. LIMITADA
0R4J11,63.892.356/0001-05,FIAGRO BTG ACP FUNDO DE I. NAS CADEIAS P. DO A. R. LIMITADA
0R4Q11,63.143.340/0001-91,KAGR FUNDO DE I. NAS CADEIAS PRODUTIVAS DO A. R. LIMITADA
0R4T11,61.928.246/0001-12,YVY NEOS 18 FIAGRO - RESPONSABILIDADE LIMITADA
0R4U11,64.115.365/0001-44,ZETA FUNDO DE I. NAS CADEIAS PRODUTIVAS DO A. R. LIMITADA
0R5A11,64.145.927/0001-00,CENTRO LOG RIO C FII
0R5B11,64.083.111/0001-91,HEDGE FUND LORE FII
0R5C11,62.502.267/0001-34,LOG DOMINIUM FII RL
0R5J11,63.573.987/0001-53,OCCASIO FII RL
0R5L11,63.240.822/0001-60,RIZA ATRIA FII
0R5M11,63.812.442/0001-52,RIZA JESUINO FII RL
0R5T11,64.099.959/0001-09,FII TG RENDA IMOBILIÁRIA FEEDER PRÉ - RL
0R6811,61.435.348/0001-04,VINCI LACAN FLORESTAS MS FIAGRO - RESP LTDA
0R7E11,63.616.390/0001-49,REBOUÇAS CORPORATE FII - SUBORDINADA
0R7H11,64.406.877/0001-60,BTG P. ASSET CERES 2 FUNDO DE I. NAS C. P. DO A. R. LIMITADA
0R8811,61.007.289/0001-65,FII PROJETOS MADUROS ENERGIAS LIMPAS
0R8911,61.008.232/0001-80,FII HOLDING PROJETOS ENERGIAS LIMPAS RESPONSABILIDADE LTDA.
0R8X11,62.754.323/0001-28,SIGA SPECIAL SITUATIONS FUNDO DE INVEST IMOB- S3FII
0R9O11,64.290.120/0001-53,VALORA AGRO PRÉ I MASTER FIAGRO- RESPONSABILIDADE LIMITADA
0RA211,64.221.668/0001-41,VALORA AGRO PRÉ I MASTER FIAGRO- RESPONSABILIDADE LIMITADA
0RBA11,64.634.907/0001-95,RIZA FORTIX PRE FII
0RBB11,64.635.947/0001-51,RIZA FORTIX PR FII F
0RBV11,63.880.143/0001-55,ITAPURA FUNDO DE INVESTIMENTO NAS CADEIAS PRODUTIVAS DO AGRO
0RBW11,63.879.307/0001-24,FII PLANNER 3472 - MASSARO FII RP LM
0RBX11,63.879.740/0001-60,FII PLANNER 3474 - ZAMOR FII RP LM
0RCE11,62.696.025/0001-29,AGBI TIVIO REGENAG FARMLAND FUND IV FIAGRO INV. SUSTENTÁVEL
0RCI11,63.680.695/0001-10,HCO SAO PAULO CL
0RD911,64.288.683/0001-07,TOAGRO FIAGRO RESPONSABILIDADE LIMITADA
0RDE11,64.581.643/0001-59,SHOPPING PASSO FUNDO - FUNDO DE INVESTIM
0RF611,64.098.258/0001-55,FARMTECH AGRO IV FIAGRO- FIAGRO RL
0RFX11,64.739.777/0001-55,JS CRÉDITO ESTRUTURADO II FII IMOBILIÁRIO RL
0RG911,62.861.162/0001-71,GS3 II FIAGRO
0RGR11,64.607.895/0001-00,VALORA CRI II CDI FLUXO MENSAL 26/03 MST
0RIL11,64.607.978/0001-07,RIZA KRÍOS FII
0RJ011,65.060.467/0001-72,SANTIAGO FUNDO DE INVESTIMENTO IMOBILIAR
0RJI11,65.196.656/0001-77,XP HABITAT RENDA IMOBILIÁRIA II FEEDER FII
0RJK11,65.254.272/0001-63,WHG REALTY III FUNDO DE INVESTIMENTO IMOBILIÁRIO
0RJO11,65.131.846/0001-06,SFI SLB FUNDO DE INVESTIMENTO
0RKJ11,65.261.977/0001-08,LCP RENDA PRE FII
0RKW11,65.325.740/0001-43,FUNDO DE INVESTIMENTO IMOBILIÁRIO TG EUROGARDEN MASTER
0RL111,64.776.566/0001-92,FUNDO DE INVESTIMENTO IMOBILIÁRIO TG EUROGARDEN MASTER
0RLB11,64.221.570/0001-94,AGRO CRÉDITO AGRÍCOLA VI FIAGRO  - RESPONSABILIDADE LIMITADA
0RLL11,65.112.490/0001-63,HOTEL GATE 3 FUNDO DE INVESTIMENTO IMOBI
0RMI11,53.251.882/0001-24,FII PLANNER 2473 - TCG FII
0RNF11,60.452.726/0001-97,ARE FII RESPONSABILIDADE LIMITADA
0RNP11,65.326.215/0001-42,VERDE A&I CEDRO II PORTFOLIO RENDA FII
0RNR11,65.511.886/0001-83,MAUA CRED180 FII
0ROZ11,65.600.446/0001-00,XP HABITAT RENDA IMOBILIÁRIA II MASTER FII
0RP811,64.957.407/0001-94,AGROLOGICA FIAGRO
0RPO11,65.629.469/0001-30,ARTON CAPIT FOF FII
0RRN11,65.626.240/0001-41,AGRO AMAZÔNIA FIAGRO
0RSL11,65.680.221/0001-01,PERMUTA 2 RESIDENCIAL FUNDO DE INVESTIM
0RSV11,65.787.500/0001-60,RBR RENDA FIXA FII
0RTE11,65.842.323/0001-78,VINLAND I FII RL
0RTF11,65.880.116/0001-08,FIAGRO AGROINFRA COREGROWTH I
0RUV11,61.458.257/0001-86,HCO OPPS AERO II FII RESP LTDA
0RVK11,62.919.053/0001-68,VALORA AGRO TERRAS FIAGRO DE RESP LIMITADA
0RVP11,65.344.522/0001-56,VINCI MAV IV FIAGRO DIREITOS CREDITORIOS RESPONS LIMITADA
0RVQ11,65.344.621/0001-38,VINCI MAV IV - FIAGRO - FI EM COTAS RESP LIMITADA
0RWH11,66.038.922/0001-04,KINEA CRÉDITO RESIDENCIAL PULVERIZADO FII
0RXT11,65.920.467/0001-03,SPX RENDA II FII
0RXX11,65.951.743/0001-92,FARM IV FUNDO DE I. NAS C. P. DO A. - FIAGRO R. LIMITADA
0RXY11,65.951.954/0001-25,FARM M V FUNDO DE I. NAS C. P. DO A. - FIAGRO R. LIMITADA
0RYQ11,66.197.624/0001-59,RESERVE FII RL
0RZ511,66.285.471/0001-00,ESTOQUE CENTRO-OESTE FI IMOBILIÁRIO RESP LIMITADA
0S0Q11,64.290.188/0001-32,PLANTA I FIAGRO
0S2M11,66.334.070/0001-94,FARIA LIMA PLAZA FII
0S3P11,66.384.166/0001-67,JIVE MAUÁ AGRONEGÓCIO FIAGRO RESPONSABILIDADE LIMITADA
0S3U11,66.425.993/0001-51,VALORA CRI180 FII
0S4611,66.362.379/0001-98,ITAÚ LOG CP FII RESPONSABILIDADE LIMITADA
0S4J11,65.870.565/0001-75,SC RENDA IMOBILIÁRIA FUNDO DE INVESTIMENTO IMOBILIÁRIO
0S4Q11,66.579.728/0001-28,PMSS FUNDO DE INVESTIMENTO IMOBILIÁRIO
0S5711,66.592.089/0001-30,CLASSE ÚNICA DO OBY FIAGRO DE TERRAS I FIAGRO
0S6V11,66.607.099/0001-00,KIJANI TERRAS GENESISAGRO FIAGRO RESPONSABILIDADE LIMITADA
0S7N11,31.547.989/0001-81,FUNDO DE INVESTIMENTO IMOBILIÁRIO AMÉRICA LOGÍSTICA
0S7O11,53.317.751/0001-00,ECOPARQUE BAIRROS INTEGRADOS FII
0S7P11,31.544.493/0001-54,FUNDO DE INVESTIMENTO IMOBILIÁRIO ECOPARQUE
0S7Q11,26.452.053/0001-37,FUNDO DE INVESTIMENTO IMOBILIÁRIO ANTILHAS
0S7R11,56.008.757/0001-86,FUNDO DE INVESTIMENTO IMOBILIÁRIO RIO XINGU
0S7S11,63.787.107/0001-41,DEFAT FUNDO DE INVESTIMENTO IMOBILIÁRIO
0S8711,65.804.017/0001-47,BR AGRO FIAGRO RESPONSABILIDADE LIMITADA
0S8C11,66.287.969/0001-01,EDIFICARE II FII RL
0S8E11,66.688.948/0001-90,LCP LOTES II FII EXCLUSIVO RL
0SAN11,65.794.271/0001-01,CVPAR BC FII
0SAT11,65.456.922/0001-53,SOROCABA FII RL
0SCA11,66.384.209/0001-04,JIVEMAUÁ AGRONEGÓCIO MASTER FIAGRO RESPONSABILIDADE LIMITADA
0SCT11,66.629.246/0001-35,FIBRA SJDI FUNDO DE INVESTIMENTO IMOBILIÁRIO
0SE211,66.868.478/0001-46,RIO BRAVO FII RL
0SF711,66.834.081/0001-33,PERSEVERA PLANO & PLANO II FII
0SFG11,66.961.207/0001-30,SNIPER B FII RESPONSABILIDADE LIMITADA
0SFH11,66.961.964/0001-04,SNIPER C FII RESPONSABILIDADE LIMITADA
0SFI11,66.987.515/0001-35,BBS REAL ESTATE RESIDENCIAL FII RESP LIMITADA
0SFK11,66.384.288/0001-53,VALORA AGRO PRÉ II MASTER FIAGRO - RESPONSABILIDADE LIMITADA
0SFL11,66.833.974/0001-64,FII AZ QUEST PAN RENDA SÊNIOR FEEDER
0SFP11,66.834.129/0001-03,AZ QUEST PANORAMA VINTAGE II FII RL
0SFX11,66.755.248/0001-70,LIVRAMENTO FUNDO DE INVESTIMENTO IMOBILIÁRIO
0SFY11,66.765.117/0001-74,PILARES FUNDO DE INVESTIMENTOS IMOBILIÁRIO
0SGR11,67.016.721/0001-60,GLORIA FII RESPONSABILIDADE LIMITADA
0SH011,67.045.944/0001-56,CIX MCMV FEEDER FII
0SH811,67.064.406/0001-09,XP CDI 94 CRI JUN/27 FUNDO DE INVESTIMENTO IMOBILIÁRIO
0SHA11,67.113.366/0001-48,Z5 FUNDO DE INVESTIMENTO IMOBILIÁRIO RESP LIMITADA
0SHB11,66.834.182/0001-04,RIZA RENDA IMOB FII
0SHF11,67.108.880/0001-95,CIX MCMV FII
0SI411,66.794.896/0001-36,IRIDIUM GD IVI FII
0SIA11,66.834.028/0001-32,AZ QUEST PANORAMA RENDA SÊNIOR MST FII R
0SIB11,63.463.708/0001-07,FIAGRO HOLAMBRA COOPERATIVA AGROINDUSTRIAL
0SIJ11,67.224.455/0001-61,RIZA PACTUS FII
0SIY11,55.177.440/0001-00,FUNDO DE INVESTIMENTO IMOBILIÁRIO ASTORIAL
0SJJ11,64.145.714/0001-70,TIERS FUNDO DE INVESTIMENTO IMOBILIÁRIO
0SJK11,63.791.163/0001-50,ALL BRAS FUNDO DE INVESTIMENTO IMOBILIÁRIO
0SJL11,66.994.236/0001-07,TPUO FEEDER FI NAS CADEIAS PRODUTIVAS DO AGRONEGOCIO FIAGRO
0SK311,67.290.511/0001-66,BRASILIA FUNDO DE INVESTIMENTO IMOBILIÁRIO RESP LIMITADA
0SK511,67.001.147/0001-77,ARIE IDEES POMPÉIA FII RL
0SLD11,67.275.881/0001-24,LCP LOTES III FII EXCLUSIVO RL
0SLZ11,67.523.141/0001-60,JS CRÉDITO ESTRUTURADO III FII IMOBILIÁRIO RL
0SM511,67.455.686/0001-86,KATCH REAL ESTATE FUNDO DE INVESTIMENTO IMOBILIÁRIO
0SM711,53.372.824/0001-59,SELENE FII RESPONSABILIDADE LIMITADA
0SME11,67.219.946/0001-14,TRN FEEDER C25 FII DE RESPONSABILIDADE LIMITADA
0SMR11,64.144.327/0001-10,TOWER FUNDO DE INVESTIMENTO IMOBILIÁRIO
0SMX11,67.545.820/0001-30,INSTR PART DE DELIB CONJUNTA DE ALTERAÇÃO DO XP CDI CRI FII
0SNS11,67.368.445/0001-08,BELVEDERE FII - RL
0SPA11,67.951.546/0001-07,LCP RENDA CDI FEEDER
0SPL11,67.686.992/0001-23,PATRIA CM CDI FII
0SQ211,67.224.342/0001-66,AZ QUEST PANORAMA DATA CENTERS FII RL
0SQL11,67.704.827/0001-57,HSI RENDA CDI CRÉDITO ESTRUTURADO FII RESP LIMITADA
0SQO11,67.223.988/0001-29,CF4 FEEDER FII RL
0SQP11,67.224.116/0001-85,VALORA EDIFÍCIOS CORP FEEDER FII RL
0SQQ11,64.889.548/0001-17,FII ORIZ RE PERMUTA I RESP LTDA - C
0SQZ11,67.810.179/0001-13,TRX MASTER FUNDO DE INVESTIMENTO IMOBILIÁRIO
0SR011,67.809.994/0001-62,PULVERIZADO FUNDO DE INVESTIMENTO IMOBILIÁRIO
0SRM11,66.722.105/0001-62,VALORA EDIFÍCIOS CORP MASTER FII - CASCA
0SSM11,64.289.974/0001-10,AGROSEPAC FIAGRO RESPONSABILIDADE LIMITADA
0SUA11,67.950.351/0001-34,JS LIQUIDEZ IMOBILIÁRIA FII IMOBILIÁRIO RL
0SUB11,43.671.250/0001-66,FII PLANNER 3464 - LAGUNA FII
0SVV11,68.065.832/0001-20,XP CDI 92 CRI I FUNDO DE INVESTIMENTO IMOBILIÁRIO
0SVW11,68.066.032/0001-23,XP CDI 94 CRI II FUNDO DE INVESTIMENTO IMOBILIÁRIO
0SVX11,68.066.205/0001-03,XP CDI 97 CRI I FUNDO DE INVESTIMENTO IMOBILIÁRIO
0SVY11,68.066.145/0001-29,XP CDI 96 CRI I FUNDO DE INVESTIMENTO IMOBILIÁRIO
0SW111,67.939.375/0001-92,MANACÁ FII DE RESP LTDA
0SX811,66.992.565/0001-00,BTG R METRO FII
0SXV11,68.073.028/0001-92,VILA NOVA FUNDO DE INVESTIMENTO IMOBILIÁRIO
0SYA11,67.952.825/0001-87,SPX CAJAMAR FII
0T2E11,66.384.417/0001-03,ECOAGRO BRADESCO FIAGRO RESPONSABILIDADE LIMITADA
0T2R11,68.235.113/0001-00,DOMO REAL ESTATE FUNDO DE INVESTIMENTO IMOBILIÁRIO RL
0T3811,67.681.556/0001-61,VELS FII
0T3911,67.987.944/0001-75,SUNO GL3A FII
0T3S11,67.946.225/0001-06,SILO FIAGRO
0T3V11,07.583.627/0001-61,PENINSULA FII RL
0T5P11,68.577.138/0001-91,CASCAIS FUNDO DE INVESTIMENTO IMOBILIÁRIO - RL
0T9D11,68.250.582/0001-06,PROJETOS LIQUIDEZ GD FII RL
0TA211,68.238.953/0001-26,TERRAX VINTAGE MASTER
0TGJ11,68.059.313/0001-59,MZO LOG FII
1,60.884.319/0001-59,NORDON INDUSTRIAS METALURGICAS S.A.
11215,08.424.178/0001-71,TECBLU TECELAGEM BLUMENAU S.A.
1212,04.912.242/0001-02,PORTUENSE FERRAGENS S/A
1545-8,42.331.462/0001-31,EMBPAR PARTICIPAÇÕES S/A
2,30.540.991/0001-66,HAGA S.A. INDUSTRIA E COMERCIO
25585,08.902.291/0001-15,CSN MINERAÇÃO S.A.
3,83.296.889/0001-23,MASSA FALIDA DA SA IND E COMERCIO CHAPECO
4030,33.042.730/0001-04,CIA SIDERURGICA NACIONAL
468-5,09.116.278/0001-01,CONPEL CIA NORDESTINA PAPEL - Em Recuperação Judicial
713854,93.828.986/0001-73,CEMEPE INVESTIMENTOS S.A.
8192,92.660.570/0001-26,TREVISA INVESTIMENTOS S.A.
AALR3,42.771.949/0001-35,ALLIANÇA SAÚDE E PARTICIPAÇÕES S.A.
AAZQ11,44.625.826/0001-11,AZ QUEST SOLE FIAGRO - IMOBILIÁRIO
ABCB4,28.195.667/0001-06,BCO ABC BRASIL S.A.
ABCP11,01.201.140/0001-90,GRAND PLAZA SHOPPING FII DE RESPONSABILIDADE LIMITADA
ABEV3,07.526.557/0001-00,AMBEV S.A.
ADMF3,52.270.350/0001-71,Companhia Brasileira de Serviços Financeiros
ADR,03.853.896/0001-40,MARFRIG GLOBAL FOODS S.A.
ADSH11,63.375.304/0001-53,AD SHOPPING FII RESP LIMITADA
AERI3,12.528.708/0001-07,AERIS IND. E COM. DE EQUIP. PARA GER. DE ENG. S.A.
AERO11,57.927.297/0001-52,FII HCO OPPS AERO I
AESB3,37.663.076/0001-07,Auren Participações S.A.
AESO3,00.194.724/0001-13,Auren Operações S.A.
AFHI11,36.642.293/0001-58,AF INVEST CRI FII
AFLT3,10.338.320/0001-00,AFLUENTE TRANSMISSÃO DE ENERGIA ELÉTRICA S/A
AGRO3,07.628.528/0001-59,BRASILAGRO - CIA BRAS DE PROP AGRICOLAS
AGRX11,43.951.911/0001-07,Fundo de Investimento Exes Araguaia Fiagro Imobiliario
AGXY3,21.240.146/0001-84,Agrogalaxy Participações S.A. - Em Recuperação Judicial
AHEB3,62.002.886/0001-60,SAO PAULO TURISMO S.A.
AHEB5,62.002.886/0001-60,SAO PAULO TURISMO S.A.
AHEB6,62.002.886/0001-60,SAO PAULO TURISMO S.A.
AIEC11,35.765.826/0001-26,ARCH EDIFICIOS CORPORATIVOS FII
AJFI11,51.472.985/0001-99,AJ MALLS FUNDO DE INVESTIMENTO IMOBILIÁRIO
ALLD3,20.247.322/0001-47,ALLIED TECNOLOGIA S.A.
ALMI11,07.122.725/0001-00,TORRE ALMIRANTE FII
ALOS3,05.878.397/0001-32,ALLOS S.A.
ALPA3,61.079.117/0001-05,ALPARGATAS S.A.
ALPA4,61.079.117/0001-05,ALPARGATAS S.A.
ALPK3,60.537.263/0001-66,"ALLPARK EMPREENDIMENTOS, PARTICIPAÇÕES E SERVIÇOS S.A."
ALSO3,05.878.397/0001-32,Aliansce Sonae Shopping Centers S.A.
ALUP11,08.364.948/0001-38,ALUPAR INVESTIMENTO S/A
ALVS11,15.447.110/0001-73,SHOPP CIDADE JD FII
ALZC11,40.011.324/0001-40,ALIANZA CRÉDITO FII
ALZR11,28.737.771/0001-85,ALIANZA TRUST FII RL
AMBP3,12.648.266/0001-24,AMBIPAR PARTICIPAÇÕES E EMPREENDIMENTOS S.A.
AMER3,00.776.574/0001-56,AMERICANAS S.A. - em Recuperação Judicial
AMOB3,35.654.688/0001-08,Automob Participações S.A.
ANCR11,07.789.135/0001-27,FUNDO DE INVESTIMENTO IMOBILIÁRIO ANCAR IC
ANGC11,14.413.342/0001-48,FII RENDA CORPORATIVA ANGICO
ANIM3,09.288.252/0001-32,ANIMA HOLDING S.A.
APER3,11.721.921/0001-60,ALPER CONSULTORIA E CORRETORA DE SEGUROS S.A.
APTI3,61.156.931/0001-78,ALIPERTI S.A.
APTI4,61.156.931/0001-78,ALIPERTI S.A.
APTO11,42.432.327/0001-82,NAVI RESIDENCIAL FUNDO DE INVESTIMENTO IMOBILIÁRIO
APXM11,43.010.485/0001-07,APEX MALLS FII
APXR11,52.446.271/0001-79,APEX REALTY FII
APXU11,52.521.137/0001-95,APEX URB FII
AQLL11,13.555.918/0001-49,AQUILLA FUNDO DE INVESTIMENTO IMOBILIÁRIO
ARML3,00.242.184/0001-04,"ARMAC LOCAÇÃO, LOGÍSTICA E SERVIÇOS S.A."
ARND3,14.127.813/0001-51,Arandu Investimentos S.A.
AROA11,44.674.528/0001-11,FII AROEIRA 333 RENDA LOGISTICA
ARRI11,32.006.821/0001-21,OPEN K ATIVOS E RECEBIVEIS IMOBILIARIOS
ARTE11,53.193.237/0001-00,ARTEMIS FII
ARZZ3,16.590.234/0001-76,AREZZO INDÚSTRIA E COMÉRCIO S.A.
ASAI3,06.057.223/0001-71,SENDAS DISTRIBUIDORA S.A.
ASMT11,38.293.921/0001-62,DAYCOVAL METROPOLIS
ASRF11,45.188.033/0001-45,DAYCOVAL RET FII RL
ATCR11,14.631.148/0001-39,HAZ FUNDO DE INVESTIMENTO IMOBILIARIO
ATED3,23.994.857/0001-70,Atom Educação e Editora S.A.
ATMP3,04.032.433/0001-80,CONTAX PARTICIPAÇÕES S.A. - EM RECUPERAÇÃO JUDICIAL
ATOM3,00.359.742/0001-08,ATOM EMPREENDIMENTOS E PARTICIPAÇÕES S.A.
ATRN11,12.401.858/0001-47,ATRIUM FII
ATSA11,12.809.972/0001-00,HEDGE ATRIUM SHOPPING SANTO ANDRÉ FUNDO DE INVEST IMOB
ATWN11,27.773.327/0001-52,AIRPORT TOWN FUNDO DE INVESTIMENTO IMOBILIÁRIO - FII
AUAU3,53.153.938/0001-08,União Pet Participações S.A.
AUGM11,55.296.764/0001-68,AUGME CRÉDITO ESTRUTURADO FUNDO DE INVESTIMENTO IMOBILIÁRIO
AUMT11,65.427.709/0001-13,FUNDO DE INVESTIMENTO IMOBILIÁRIO AURUM TERRA RL
AURB11,41.076.823/0001-88,ALIANZA URBAN FII RL
AURE3,28.594.234/0001-23,Auren Energia S.A.
AVLL3,16.811.931/0001-00,ALPHAVILLE S.A.
AVUR11,57.109.239/0001-11,ARCH VANGUARDA UNIDADES RESIDENCIAIS FII
AVUR15,57.109.239/0001-11,ARCH VANGUARDA UNIDADES RESIDENCIAIS FII
AXIA3,00.001.180/0001-26,AXIA Energia S.A.
AXIA7,00.001.180/0001-26,AXIA Energia S.A.
AZEV3,61.351.532/0001-68,AZEVEDO E TRAVASSOS S.A.
AZEV4,61.351.532/0001-68,AZEVEDO E TRAVASSOS S.A.
AZPE11,55.985.307/0001-80,FII AZ QUEST PANORAMA CREDITO
AZPL11,51.890.054/0001-00,AZ QUEST PANORAMA LOGISTICA FII RESP LIM
AZPR11,51.665.327/0001-13,AZ PANORAMA CRÉDITO IMOBILIÁRIO FII
AZSG11,65.782.151/0001-94,AZ SOLARGRID RENDA SOLAR FUNDO DE INVESTIMENTO IMOBILIÁRIO
AZTE3,52.017.473/0001-03,Azevedo & Travassos Energia S.A.
AZUL3,09.305.994/0001-29,AZUL S.A.
AZUL4,09.305.994/0001-29,AZUL S.A.
AZZA3,16.590.234/0001-76,AZZAS 2154 S.A.
B1003,52.270.350/0001-71,B100 S.A.
B3,51.928.174/0001-50,PLASCAR PARTICIPACOES INDUSTRIAIS S.A.
B3LT11,60.373.688/0001-87,FII DE PERMUTA FINANCEIRA LOTE5 SENIOR RESP LIMITADA
B3SA3,09.346.601/0001-25,"B3 S.A. - BRASIL, BOLSA, BALCÃO"
BAHI3,45.987.245/0001-92,BAHEMA EDUCAÇÃO S.A.
BALM3,61.374.161/0001-30,BAUMER S.A.
BALM4,61.374.161/0001-30,BAUMER S.A.
BARI11,29.267.567/0001-00,VBI RENDIMENTOS IMOBILIARIOS I FII RESP LIMITADA
BAUH3,95.426.862/0001-97,EXCELSIOR ALIMENTOS S.A.
BAUH4,95.426.862/0001-97,EXCELSIOR ALIMENTOS S.A.
BAZA3,04.902.979/0001-44,BCO AMAZONIA S.A.
BBAS3,00.000.000/0001-91,BCO BRASIL S.A.
BBDC3,60.746.948/0001-12,BCO BRADESCO S.A.
BBDC4,60.746.948/0001-12,BCO BRADESCO S.A.
BBFI11,07.000.400/0001-46,BB PROGRESSIVO FII
BBFO11,37.180.091/0001-02,BB FUNDO DE FUNDOS - FUNDO DE INVESTIMENTO IMOBILIÁRIO
BBGO11,42.592.257/0001-20,BB FUNDO DE INVESTIMENTO DE CRÉDITO FIAGRO-IMOBILIÁRIO
BBIG11,54.375.187/0001-37,BB PREMIUM MALLS FII DE RESPONSABILIDADE LIMITADA
BBIM11,20.716.161/0001-93,BB RECEBIVEIS IMOBILIARIOS FUNDO DE INVESTIMENTO IMOB FII
BBM,01.107.327/0001-20,BBM Logística S.A.
BBML3,01.107.327/0001-20,BBM Logística S.A.
BBPO11,14.410.722/0001-29,TIVIO RENDA IMOBILIÁRIA
BBRC11,12.681.340/0001-04,BB RENDA CORPORATIVA FUNDO DE INVESTIMENTO IMOBILIÁRIO - FII
BBSE3,17.344.597/0001-94,BB SEGURIDADE PARTICIPAÇÕES S.A.
BCFF11,11.026.627/0001-38,FUNDO DE FUNDOS FII
BCIA11,20.216.935/0001-17,BRADESCO CARTEIRA IMOBILIÁRIA ATIVA FII
BCRI11,22.219.335/0001-38,BANESTES RECEBIVEIS IMOBILIARIOS FII
BDLL3,60.851.615/0001-53,BARDELLA S.A. INDUSTRIAS MECANICAS EM RECUPERAÇÃO JUDICIAL
BDLL4,60.851.615/0001-53,BARDELLA S.A. INDUSTRIAS MECANICAS EM RECUPERAÇÃO JUDICIAL
BEEF3,67.620.377/0001-14,MINERVA S.A.
BEES3,28.127.603/0001-78,BANESTES S.A. - BCO EST ESPIRITO SANTO
BEES4,28.127.603/0001-78,BANESTES S.A. - BCO EST ESPIRITO SANTO
BERT11,11.369.979/0001-96,FIP FI AGRO PINHEIRO
BETP3,02.762.124/0001-30,BETAPART PARTICIPACOES S.A.
BETP3B,02.762.124/0001-30,BETAPART PARTICIPACOES S.A.
BETW11,51.666.294/0001-26,BRPR E-TOWER FII SUB
BGIP3,13.009.717/0001-46,BCO ESTADO DE SERGIPE S.A. - BANESE
BGIP4,13.009.717/0001-46,BCO ESTADO DE SERGIPE S.A. - BANESE
BGRJ11,63.941.672/0001-11,BGR CIDADE JARDIM FUNDO DE INVESTIMENTO IMOBILIÁRIO - RL
BGS111,58.239.657/0001-96,JUBARTE BGS LOG FII
BGS115,58.239.657/0001-96,JUBARTE BGS LOG FII
BHIA3,33.041.260/0652-90,Grupo Casas Bahia S.A.
BICE11,39.332.032/0001-20,BRIO CRÉDITO ESTRUTURADO - FUNDO DE INVESTIMENTO IMOBILIÁRIO
BICR11,34.007.109/0001-72,ALIANZA TÍTULOS FII
BIDI11,00.416.968/0001-01,BANCO INTER S.A.
BIDI3,00.416.968/0001-01,BANCO INTER S.A.
BIDI4,00.416.968/0001-01,BANCO INTER S.A.
BIED3,45.987.245/0001-92,BIOMA EDUCAÇÃO S.A.
BIME11,41.081.356/0001-84,BRIO MULTIESTRATEGIA - FUNDO DE INVESTIMENTO IMOBILIARIO
BIOM3,04.752.991/0001-10,BIOMM S.A.
BIPD11,42.869.892/0001-01,BRIO REAL ESTATE IV - FII
BIPE11,51.817.522/0001-11,BRIO REAL ESTATE V - FII
BKBR,13.574.594/0001-96,ZAMP SA
BKOI11,20.173.064/0001-00,RESIDENCIAIS ONE FII
BLAU3,58.430.828/0001-60,Blau Farmacêutica S.A.
BLCA11,41.076.748/0001-55,CATUAÍ VBI FII RL
BLMC11,38.294.221/0001-92,FII VBI CRÉDITO IMOBILIARIO
BLMG11,34.081.637/0001-71,BLUEMACAW LOGÍSTICA FUNDO INVESTIMENTO
BLMO11,34.895.894/0001-47,VBI OFFICE FUND II FII
BLMR11,36.368.869/0001-30,VBI RENDA+ FOF FUNDO DE INVESTIMENTO IMOBILIÁRIO
BLOG11,49.592.781/0001-40,BLUECAP LOG FUNDO DE INVESTIMENTO IMOBILIARIO
BLSC11,53.095.823/0001-04,BLUE SECURITIES FUNDO DE INVESTIMENTO IMOBILIÁRIO
BLUR11,38.051.307/0001-94,FII BLUE RECEBÍVEIS
BLUT3,60.637.238/0001-54,BLUE TECH SOLUTIONS EQI S.A.
BLUT4,60.637.238/0001-54,BLUE TECH SOLUTIONS EQI S.A.
BMEB3,17.184.037/0001-10,BCO MERCANTIL DO BRASIL S.A.
BMEB4,17.184.037/0001-10,BCO MERCANTIL DO BRASIL S.A.
BMGB11,61.186.680/0001-74,BANCO BMG S/A
BMGB4,61.186.680/0001-74,BANCO BMG S/A
BMII11,02.027.437/0001-44,FUNDO DE INVESTIMENTO IMOB BRASILIO MACH
BMIN3,34.169.557/0001-72,BCO MERCANTIL DE INVESTIMENTOS S.A.
BMIN4,34.169.557/0001-72,BCO MERCANTIL DE INVESTIMENTOS S.A.
BMKS3,56.992.423/0001-90,BICICLETAS MONARK S.A.
BMLC11,14.376.247/0001-11,BM BRASCAN LAJES FII
BMOB3,09.042.817/0001-05,BEMOBI MOBILE TECH S.A.
BNBR3,07.237.373/0001-20,BCO NORDESTE DO BRASIL S.A.
BNFS11,15.570.431/0001-60,BANRISUL NOVAS FRONTEIRAS FII
BNPA3B,02.117.801/0001-67,BONAIRE PARTICIPACOES S.A. - EM LIQUIDAÇÃO
BOAS3,11.725.176/0001-27,Boa Vista Serviços S.A.
BOBR3,50.564.053/0001-03,BOMBRIL S.A. - Em recuperação Judicial
BOBR4,50.564.053/0001-03,BOMBRIL S.A. - Em recuperação Judicial
BPAN4,59.285.411/0001-13,BCO PAN S.A.
BPAR3,04.913.711/0001-08,BCO ESTADO DO PARA S.A.
BPCA11,38.294.086/0001-85,FII BTGP AAA CORP
BPDR11,55.985.359/0001-57,BASILICA PARTNERS GDR FII RESP LTDA CONSOLIDADA
BPFF11,17.324.357/0001-28,FII BRASIL PLURAL ABSOLUTO FUNDOS DE FUNDOS
BPG111,21.044.600/0001-21,BPGB-001 FUNDO DE INVESTIMENTO IMOBILIÁRIO
BPHA3,11.395.624/0001-71,MASSA FALIDA DA BRASIL PHARMA S.A.
BPLC11,57.376.810/0001-64,BASÍLICA PARTNERS UNI FII CONSOLIDADA
BPML11,33.046.142/0001-49,BTGP SHOPPINGS FII
BPRP11,29.800.650/0001-01,BRLPROP FII
BR3,06.977.751/0001-49,BR PROPERTIES S.A.
BRAP3,03.847.461/0001-92,BRADESPAR S.A.
BRAP4,03.847.461/0001-92,BRADESPAR S.A.
BRAV3,12.091.809/0001-55,Brava Energia S.A.
BRBI11,10.739.356/0001-03,BRBI BR Partners S.A
BRCO11,20.748.515/0001-81,BRESCO LOGISTICA FUNDO DE INVESTIMENTO IMOBILIÁRIO
BRCR11,08.924.783/0001-01,BC FUND FII
BRDF11,18.289.950/0001-43,BIRD FII - FII
BRFS3,01.838.723/0001-27,BRF S.A.
BRGE11,17.193.806/0001-46,CONSORCIO ALFA DE ADMINISTRACAO S.A.
BRGE12,17.193.806/0001-46,CONSORCIO ALFA DE ADMINISTRACAO S.A.
BRGE3,17.193.806/0001-46,CONSORCIO ALFA DE ADMINISTRACAO S.A.
BRGE5,17.193.806/0001-46,CONSORCIO ALFA DE ADMINISTRACAO S.A.
BRGE6,17.193.806/0001-46,CONSORCIO ALFA DE ADMINISTRACAO S.A.
BRGE7,17.193.806/0001-46,CONSORCIO ALFA DE ADMINISTRACAO S.A.
BRGE8,17.193.806/0001-46,CONSORCIO ALFA DE ADMINISTRACAO S.A.
BRHT11,15.461.076/0001-91,FUNDO DE INVESTIMENTO IMOBILIÁRIO BR HOTÉIS
BRIM11,23.964.843/0001-03,BRIO REAL ESTATE II
BRIP11,34.895.752/0001-80,BRIO REAL ESTATE III FUNDO DE INVESTIMENTO IMOBILIÁRIO
BRIT3,19.796.586/0001-70,BRISANET PARTICIPAÇÕES S.A.
BRIV3,60.770.336/0001-65,BCO ALFA DE INVESTIMENTO S.A.
BRIV4,60.770.336/0001-65,BCO ALFA DE INVESTIMENTO S.A.
BRIX11,35.360.651/0001-77,BE IN RIO FII RESP LTDA
BRKM3,42.150.391/0001-70,BRASKEM S.A.
BRKM5,42.150.391/0001-70,BRASKEM S.A.
BRKM6,42.150.391/0001-70,BRASKEM S.A.
BRLA11,35.652.278/0001-28,RAIZZ RENDA LOG FII
BRML3,06.977.745/0001-91,BR MALLS PARTICIPACOES S.A.
BROF11,48.978.859/0001-04,BRPR CORPORATE FII
BRQB,36.542.025/0001-64,BRQ SOLUCOES EM INFORMATICA S.A.
BRRI11,20.680.775/0001-62,FII BRISA RE IMOB RL
BRSR3,92.702.067/0001-96,BANCO DO ESTADO DO RIO GRANDE DO SUL SA
BRSR5,92.702.067/0001-96,BANCO DO ESTADO DO RIO GRANDE DO SUL SA
BRSR6,92.702.067/0001-96,BANCO DO ESTADO DO RIO GRANDE DO SUL SA
BRSS11,53.249.951/0001-65,FII PLANNER 2450 - ESPANHOL FII
BRST3,04.601.397/0001-28,BRISANET SERVIÇOS DE TELECOMUNICAÇÕES S.A.
BRTY11,13.000.836/0001-38,OSASCO PROPERTIES FUNDO DE INVESTIMENTO IMOBILIÁRIO - FII
BSLI3,00.000.208/0001-00,BRB BANCO DE BRASILIA S.A.
BSLI4,00.000.208/0001-00,BRB BANCO DE BRASILIA S.A.
BTAG11,40.771.109/0001-47,BTG PACTUAL CRÉDITO AGRÍCOLA FIAGRO R. LIMITADA
BTAL11,36.642.244/0001-15,BTG P. AGRO L. FUNDO DE I. NAS C. P. DO A. - F. R. LIMITADA
BTCA11,60.457.292/0001-18,BTG PACTUAL ASSET CERES FUNDO DE I. EM D. C. R. LIMITADA
BTDI11,60.027.987/0001-60,BTG CRD IMOB CDI FII
BTHI11,64.634.907/0001-95,RIZA FORTIX PRE FII
BTHR11,60.329.826/0001-20,BTG HOSP RET TOT FII
BTLG11,11.839.593/0001-09,BTGP LOGISTICA FII
BTML11,36.501.210/0001-00,BARRA MALLS FUNDO DE INVESTIMENTO IMOBILIARIO
BTRA11,41.076.607/0001-32,BTG P. TERRAS A. FUNDO DE I. NAS C. P. DO A. R. LIMITADA
BTRU11,08.098.114/0001-28,BTG RENDA URB FII
BTSG11,36.098.375/0001-83,BTSP I FUNDO DE INVESTIMENTO IMOBILIÁRIO
BTSI11,36.930.464/0001-44,BTSP II FUNDO DE INVESTIMENTO IMOBILIÁRI
BTWR11,20.132.453/0001-89,BTOWERS FUNDO INVESTIMENTO IMOBILIARIO
BTYU11,54.645.216/0001-33,FII BTGP YOU
BVAR11,21.126.204/0001-43,FUNDO DE INVESTIMENTO IMOBILIÁRIO BRASIL VAREJO
BZEL11,35.507.610/0001-60,BARZEL CD1 FII RESPONSABILIDADE LIMITADA
CABI3,04.030.182/0001-02,CABINDA PARTICIPACOES S.A.
CACR11,32.065.364/0001-46,CARTESIA RECEBÍVEIS IMOBILIÁRIOS FII RESP LIMITADA
CAL4,61.022.042/0001-18,CONSTRUTORA ADOLPHO LINDENBERG S.A.
CALI3,61.022.042/0001-18,CONSTRUTORA ADOLPHO LINDENBERG S.A.
CAMB3,61.088.894/0001-08,CAMBUCI S.A.
CAML3,64.904.295/0001-03,CAMIL ALIMENTOS S.A.
CARE11,13.584.584/0001-31,BRAZILIAN GRAVEYARD AND DEATH CARE SERVICES FUNDO DE INV.
CASH3,14.110.585/0001-07,MÉLIUZ S.A.
CASN3,82.508.433/0001-17,CIA CATARINENSE DE AGUAS E SANEAM.-CASAN
CASN4,82.508.433/0001-17,CIA CATARINENSE DE AGUAS E SANEAM.-CASAN
CATA3,19.526.748/0001-50,COMPANHIA INDUSTRIAL CATAGUASES
CBAV3,61.409.892/0001-73,COMPANHIA BRASILEIRA DE ALUMÍNIO
CBEE3,33.050.071/0001-58,AMPLA ENERGIA E SERVICOS S.A.
CBEN11,58.544.087/0001-48,PINNACLE CAPITAL FUNDO DE INVESTIMENTO IMOBILIARIO
CBOP11,17.144.039/0001-85,CASTELLO BRANCO OFFICE PARK  - FII
CCME11,43.010.844/0001-26,CANUMA CAPITAL FII
CCRO3,02.846.056/0001-97,CCR S.A.
CCTY3,52.805.925/0001-03,Belora RDVC City Desenvolvimento Imobiliário S.A.
CCVA11,52.713.882/0001-36,CANUMA RENDA FII
CCXC3,07.950.674/0001-04,CCX CARVÃO DA COLÔMBIA S.A. - EM LIQUIDAÇÃO
CDHY11,60.871.972/0001-83,CENTRAL RE HY FII
CDUP11,30.492.505/0001-81,FUNDO DE INVESTIMENTO IMOBILIARIO CCPAR
CEAB3,45.242.914/0001-05,C&A Modas S.A.
CEBB15,56.304.155/0001-76,BALTIMORE SUB FII
CEBR3,00.070.698/0001-11,COMPANHIA ENERGÉTICA DE BRASÍLIA - CEB
CEBR5,00.070.698/0001-11,COMPANHIA ENERGÉTICA DE BRASÍLIA - CEB
CEBR6,00.070.698/0001-11,COMPANHIA ENERGÉTICA DE BRASÍLIA - CEB
CEDO3,17.245.234/0001-00,CIA FIACAO TECIDOS CEDRO CACHOEIRA
CEDO4,17.245.234/0001-00,CIA FIACAO TECIDOS CEDRO CACHOEIRA
CEEB3,15.139.629/0001-94,CIA ELETRICIDADE EST. DA BAHIA - COELBA
CEEB5,15.139.629/0001-94,CIA ELETRICIDADE EST. DA BAHIA - COELBA
CEEB6,15.139.629/0001-94,CIA ELETRICIDADE EST. DA BAHIA - COELBA
CEED3,08.467.115/0001-00,CIA ESTADUAL DE DISTRIB ENER ELET-CEEE-D
CEED4,08.467.115/0001-00,CIA ESTADUAL DE DISTRIB ENER ELET-CEEE-D
CEGR3,33.938.119/0001-69,CIA DISTRIB DE GAS DO RIO DE JANEIRO-CEG
CELP3,04.895.728/0001-80,EQUATORIAL PARÁ DISTRIBUIDORA DE ENERGIA S.A.
CELP5,04.895.728/0001-80,EQUATORIAL PARÁ DISTRIBUIDORA DE ENERGIA S.A.
CELP6,04.895.728/0001-80,EQUATORIAL PARÁ DISTRIBUIDORA DE ENERGIA S.A.
CELP7,04.895.728/0001-80,EQUATORIAL PARÁ DISTRIBUIDORA DE ENERGIA S.A.
CENU11,37.899.356/0001-19,FII CENU
CEOC11,15.799.397/0001-09,CEO CYRELA FII
CFHI11,34.508.923/0001-70,CF2 FUNDO DE INVESTIMENTO IMOBILIÁRIO
CFII11,41.325.993/0001-59,CF3 FUNDO DE INVESTIMENTO IMOBILIÁRIO
CGAS3,61.856.571/0001-17,CIA GAS DE SAO PAULO - COMGAS
CGAS5,61.856.571/0001-17,CIA GAS DE SAO PAULO - COMGAS
CGEE3,39.881.421/0001-04,Companhia Estadual de Geração de Energia Elétrica - CEEE-G
CGEE4,39.881.421/0001-04,Companhia Estadual de Geração de Energia Elétrica - CEEE-G
CGRA3,92.012.467/0001-70,GRAZZIOTIN S.A.
CGRA4,92.012.467/0001-70,GRAZZIOTIN S.A.
CHLL11,18.950.957/0001-64,CHALLENGER FUNDO DE INVESTIMENTO IMOBILIÁRIO - FII
CIEL3,01.027.058/0001-91,CIELO S.A. -  Instituição de Pagamento
CIXM11,48.389.780/0001-30,CIX MUIRAQUITAN FUNDO DE INVESTIMENTO IMOBILIÁRIO
CJCT11,10.347.985/0001-80,CIDADE JARDIM CONTINENTAL TOWER FII
CJFI11,23.582.914/0001-03,FII CJ
CLIN11,49.005.348/0001-60,CLAVE INDICES FII RL
CLSA3,03.802.115/0001-98,CLEAR SALE S.A.
CLSC3,83.878.892/0001-55,CENTRAIS ELET DE SANTA CATARINA S.A.
CLSC4,83.878.892/0001-55,CENTRAIS ELET DE SANTA CATARINA S.A.
CLSM11,63.811.693/0001-12,CITLOG SUL DE MINAS FII DE RESP LIMITADA
CMFA3,00.272.185/0001-93,CIMS S.A.
CMFA4,00.272.185/0001-93,CIMS S.A.
CMIG3,17.155.730/0001-64,CIA ENERGETICA DE MINAS GERAIS - CEMIG
CMIG4,17.155.730/0001-64,CIA ENERGETICA DE MINAS GERAIS - CEMIG
CNES11,13.551.286/0001-45,CENESP FII
COCE3,07.047.251/0001-70,CIA ENERGETICA DO CEARA - COELCE
COCE5,07.047.251/0001-70,CIA ENERGETICA DO CEARA - COELCE
COCE6,07.047.251/0001-70,CIA ENERGETICA DO CEARA - COELCE
COGN3,02.800.026/0001-40,COGNA EDUCAÇÃO S.A.
COPP11,48.916.699/0001-60,CAPITÂNIA OFFICE FII
CORR3,15.101.405/0001-93,CORREA RIBEIRO S.A. COMERCIO E INDUSTRIA
CORR4,15.101.405/0001-93,CORREA RIBEIRO S.A. COMERCIO E INDUSTRIA
CPAC11,49.844.718/0001-53,CAPITÂNIA AGRO CRÉDITO FIAGRO-IMOBILIÁRIO
CPFE3,02.429.144/0001-93,CPFL ENERGIA S.A.
CPFF11,34.081.611/0001-23,CAPITANIA FOF FII RL
CPHH11,60.105.999/0001-65,CAPIT REIT III FII
CPLE3,76.483.817/0001-20,CIA PARANAENSE DE ENERGIA - COPEL
CPLE5,76.483.817/0001-20,CIA PARANAENSE DE ENERGIA - COPEL
CPLE6,76.483.817/0001-20,CIA PARANAENSE DE ENERGIA - COPEL
CPLG11,52.371.756/0001-40,CAPITANIA LOGISTICA FII
CPOF11,48.916.699/0001-60,CAPITÂNIA OFFICE FII
CPTA11,60.607.442/0001-22,CAPITÂNIA AGRO C. FUNDO DE I. NAS C. P. DO A. R. LIMITADA
CPTP3B,02.591.787/0001-39,CAPITALPART PARTICIPACOES S.A.
CPTR11,42.537.579/0001-76,CAPITANIA FIAGRO
CPTS11,18.979.895/0001-13,CAPITANIA SEC II FII
CPUR11,34.691.520/0001-00,CAPITANIA HBC II FII
CRAA11,48.903.610/0001-21,SPARTA FIAGRO FUNDO DE I. NAS CADEIAS P. A. R. LIMITADA
CRDE3,07.820.907/0001-46,FICA EMPREENDIMENTOS IMOBILIÁRIOS S.A.
CRFB3,75.315.333/0001-09,ATACADÃO S.A.
CRFF11,31.887.401/0001-39,CX RIO BRAVO FUNDO DE FUNDOS DE INVESTIMENTO IMOBILIÁRIO II
CRIV3,17.167.412/0001-13,FINANCEIRA ALFA S.A.- CRED FINANC E INVS
CRIV4,17.167.412/0001-13,FINANCEIRA ALFA S.A.- CRED FINANC E INVS
CRPG3,15.115.504/0001-24,TRONOX PIGMENTOS DO BRASIL S.A.
CRPG5,15.115.504/0001-24,TRONOX PIGMENTOS DO BRASIL S.A.
CRPG6,15.115.504/0001-24,TRONOX PIGMENTOS DO BRASIL S.A.
CRTE3,00.938.574/0001-05,CONC RIO-TERESOPOLIS S.A.
CSAB3,15.144.017/0001-90,CIA SEGUROS ALIANCA DA BAHIA
CSAB4,15.144.017/0001-90,CIA SEGUROS ALIANCA DA BAHIA
CSAN3,50.746.577/0001-15,COSAN S.A.
CSED3,62.984.091/0001-02,CRUZEIRO DO SUL EDUCACIONAL S.A.
CSH411,55.314.271/0001-03,FII BLUEROCK ONE
CSMC11,41.081.336/0001-03,COSMIC FUNDO DE INVESTIMENTO IMOBILIÁRIO
CSMG3,17.281.106/0001-03,CIA SANEAMENTO DE MINAS GERAIS-COPASA MG
CSRN3,08.324.196/0001-81,CIA ENERGETICA DO RIO GDE NORTE - COSERN
CSRN5,08.324.196/0001-81,CIA ENERGETICA DO RIO GDE NORTE - COSERN
CSRN6,08.324.196/0001-81,CIA ENERGETICA DO RIO GDE NORTE - COSERN
CSUD3,01.896.779/0001-38,CSU DIGITAL S.A.
CTCA3,06.981.381/0001-13,CTC - CENTRO DE TECNOLOGIA CANAVIEIRA S.A.
CTKA3,82.640.558/0001-04,KARSTEN S.A.
CTKA4,82.640.558/0001-04,KARSTEN S.A.
CTNM3,22.677.520/0001-76,CIA TECIDOS NORTE DE MINAS COTEMINAS
CTNM4,22.677.520/0001-76,CIA TECIDOS NORTE DE MINAS COTEMINAS
CTSA3,21.255.567/0001-89,CIA TECIDOS SANTANENSE em Recuperação Judicial
CTSA4,21.255.567/0001-89,CIA TECIDOS SANTANENSE em Recuperação Judicial
CTXT11,00.762.723/0001-28,FUNDO DE INV. IMOBILIARIO CENTRO TEXTIL INTERNACIONAL
CURY3,08.797.760/0001-83,Cury Construtora e Incorporadora S.A.
CVBI11,28.729.197/0001-13,PATRIA CREDITO IMOBILIARIO INDICE DE PRECOS FII RESP LTDA
CVCB3,10.760.260/0001-19,CVC BRASIL OPERADORA E AGÊNCIA DE VIAGENS S.A.
CVFL11,60.619.575/0001-19,CATUAI VISTA FL FII RL
CVPR11,38.294.329/0001-85,CVPAR CRI FII RL
CXAG11,40.189.596/0001-34,FUNDO DE INVESTIMENTO IMOBILIÁRIO CAIXA AGENCIAS
CXCE11,10.991.914/0001-15,FUNDO DE INVESTIMENTO IMOBILIARIO CAIXA CEDAE
CXCI11,42.066.916/0001-94,FUNDO DE INVESTIMENTO IMOBILIÁRIO CAIXA CARTEIRA IMOBILIÁRIA
CXCO11,38.658.984/0001-75,FII CAIXA IMÓVEIS CORPORATIVOS
CXDS11,13.020.465/0001-56,FII CAIXA DESENVOLVIMENTO IMOBILIARIO
CXRI11,17.098.794/0001-70,CAIXA RIO BRAVO FUNDO DE FUNDOS DE INVESTIMENTO IMOBILIARIO
CXSE3,22.543.331/0001-00,CAIXA SEGURIDADE PARTICIPAÇÕES S.A.
CXSP11,22.211.522/0001-75,FUNDO DE INVESTIMENTO IMOBILIÁRIO CAIXA CONVIDA SUAPE RL
CXTL11,12.887.506/0001-43,FUNDO DE INVESTIMENTO IMOBILIARIO CAIXA SEQ LOGISTICA RENDA
CYCR11,36.501.233/0001-15,CYRELA CRÉDITO - FUNDO DE INVESTIMENTO IMOBILIÁRIO
CYHF11,51.601.636/0001-20,CYRELA HEDGE - FII
CYLD11,43.010.601/0001-98,CYRELA LOG FII RL
CYRE3,73.178.600/0001-18,CYRELA BRAZIL REALTY S.A.EMPREEND E PART
CYRE4,73.178.600/0001-18,CYRELA BRAZIL REALTY S.A.EMPREEND E PART
DAMA11,53.866.872/0001-01,DAMA FII
DAMT11,26.642.727/0001-66,DIAMANTE FII RL
DASA3,61.486.650/0001-83,DIAGNOSTICOS DA AMERICA S.A.
DCRA11,42.888.360/0001-11,DEVANT FIAGRO DE RESP LIMITADA
DESK3,08.170.849/0001-15,DESKTOP S.A.
DEVA11,37.087.810/0001-37,DEVANT RECEBÍVEIS IMOBILIÁRIOS FII
DEXP3,02.193.750/0001-52,DEXXOS PARTICIPAÇÕES S.A.
DEXP4,02.193.750/0001-52,DEXXOS PARTICIPAÇÕES S.A.
DIRR3,16.614.075/0001-00,DIRECIONAL ENGENHARIA S.A.
DLMT11,28.108.193/0001-18,DEL MONTE AJAX FUNDO DE INVESTIMENTO IMOBILIÁRIO - FII DE RL
DMFN3,91.669.747/0001-92,"DM FINANCEIRA S.A. - CRÉDITO, FINANCIAMENTO E INVESTIMENTO"
DMMO,08.926.302/0001-05,DOMMO ENERGIA S.A.
DMVF3,12.108.897/0001-50,D1000 VAREJO FARMA PARTICIPAÇÕES S.A.
DOHL3,84.683.408/0001-03,DOHLER S.A.
DOHL4,84.683.408/0001-03,DOHLER S.A.
DOTZ3,18.174.270/0001-84,Dotz S.A.
DOVL11,10.522.648/0001-81,DOVEL FII
DPRO11,42.922.127/0001-08,DEVANT PROPERTIES FUNDO DE INVESTIMENTO IMOBILIÁRIO
DRIM19,58.350.082/0001-84,RB DESENV V FII
DRIT11,10.456.810/0001-00,DRIT11 FII
DTCY,03.303.999/0001-36,DTCOM - DIRECT TO COMPANY S.A.
DTCY3,03.303.999/0001-36,DTCOM - DIRECT TO COMPANY S.A.
DUTR11,19.267.845/0001-76,VGS FUNDO DE INVESTIMENTO IMOBILIÁRIO - FII
DVFF11,39.863.059/0001-49,DEVANT FII DE RESPONSABILIDADE LIMITADA
DVLP11,42.537.601/0001-88,FII SPECIALE REAL ESTATE DEV
DXCO3,97.837.181/0001-47,DEXCO S.A.
EAGL11,54.422.883/0001-57,NEST EAGLE FII
EALT3,82.643.537/0001-34,ELECTRO ACO ALTONA S.A.
EALT4,82.643.537/0001-34,ELECTRO ACO ALTONA S.A.
ECOM3,26.345.998/0001-50,ECONOMATICA S.A.
ECOR3,04.149.454/0001-80,ECORODOVIAS INFRAESTRUTURA E LOGÍSTICA S.A.
EDFO11,06.175.262/0001-73,FII EDIFÍCIO OURINVEST
EDGA11,15.333.306/0001-37,GALERIA FII
EDGE11,54.306.150/0001-57,EDGE FII RL
EGAF11,41.224.330/0001-48,ECOAGRO I FIAGRO - RESPONSABILIDADE LIMITADA
EGDB11,53.866.393/0001-87,FII DE DESENVO DE ESCRITÓRIOS BOUTIQUE RESPONSABILIDADE LTDA
EGIE3,02.474.103/0001-19,ENGIE BRASIL ENERGIA S.A.
EGYR11,36.969.658/0001-53,ENERGY RESORT FUNDO DE INVESTIMENTO IMOBILIÁRIO
EIRA11,59.202.651/0001-07,AROEIRA FUNDO DE INVESTIMENTO IMOBILIÁRIO
EKTR3,02.328.280/0001-97,ELEKTRO REDES S.A.
EKTR4,02.328.280/0001-97,ELEKTRO REDES S.A.
ELDO11,13.022.994/0001-99,FII ELDORADO FII  RESPONSABILIDADE LIMITADA
ELET3,00.001.180/0001-26,CENTRAIS ELET BRAS S.A. - ELETROBRAS
ELET5,00.001.180/0001-26,CENTRAIS ELET BRAS S.A. - ELETROBRAS
ELET6,00.001.180/0001-26,CENTRAIS ELET BRAS S.A. - ELETROBRAS
ELMD3,09.347.516/0001-81,ELETROMIDIA S.A.
EMAE3,02.302.101/0001-42,EMAE - EMPRESA METROP. DE AGUAS E ENERGIA S.A.
EMAE4,02.302.101/0001-42,EMAE - EMPRESA METROP. DE AGUAS E ENERGIA S.A.
EMBJ3,07.689.002/0001-89,EMBRAER S.A.
EMBR3,07.689.002/0001-89,EMBRAER S.A.
EMET11,53.523.736/0001-00,EMET MULTI FII
ENAT3,11.669.021/0001-10,ENAUTA PARTICIPAÇÕES S.A.
ENBR3,03.983.431/0001-03,EDP - ENERGIAS DO BRASIL S.A.
ENEV3,04.423.567/0001-21,ENEVA S.A
ENGI11,00.864.214/0001-06,ENERGISA S.A.
ENGI3,00.864.214/0001-06,ENERGISA S.A.
ENGI4,00.864.214/0001-06,ENERGISA S.A.
ENJU3,16.922.038/0001-51,ENJOEI S.A.
ENMA3B,06.272.793/0001-84,EQUATORIAL MARANHÃO DISTRIBUIDORA DE ENERGIA S.A.
ENMT3,03.467.321/0001-99,ENERGISA MATO GROSSO-DISTRIBUIDORA DE ENERGIA S/A
ENMT4,03.467.321/0001-99,ENERGISA MATO GROSSO-DISTRIBUIDORA DE ENERGIA S/A
EQIR11,41.076.380/0001-25,EQI CRI FII RL
EQMA3B,06.272.793/0001-84,EQUATORIAL MARANHÃO DISTRIBUIDORA DE ENERGIA S.A.
EQMA5B,06.272.793/0001-84,EQUATORIAL MARANHÃO DISTRIBUIDORA DE ENERGIA S.A.
EQMA6B,06.272.793/0001-84,EQUATORIAL MARANHÃO DISTRIBUIDORA DE ENERGIA S.A.
EQTL3,03.220.438/0001-73,EQUATORIAL S.A.
ERPA11,31.469.385/0001-64,EUROPA 105 FII
ESPA3,26.659.061/0001-59,MPM Corpóreos S.A.
ESTQ11,18.497.672/0001-10,FUNDO DE INVESTIMENTO IMOBILIÁRIO POLO ESTOQUE II - FII
ESTR4,61.082.004/0001-50,MANUFATURA DE BRINQUEDOS ESTRELA S.A.
ETER3,61.092.037/0001-81,ETERNIT S.A.
ETPP11,18.259.637/0001-62,ETR PROP FII RL
EUCA3,56.643.018/0001-66,EUCATEX S.A. INDUSTRIA E COMERCIO
EUCA4,56.643.018/0001-66,EUCATEX S.A. INDUSTRIA E COMERCIO
EUFA,61.190.096/0001-92,EUROFARMA LABORATÓRIOS S.A.
EURO11,05.437.916/0001-27,F.I.I EUROPAR RESPONSABILIDADE LIMITADA
EVBI11,34.691.520/0001-00,CAPITANIA HBC II FII
EVEN3,43.470.988/0001-65,EVEN CONSTRUTORA E INCORPORADORA S.A.
EXES11,41.076.851/0001-03,EXES CRI FII RL
EXTU11,12.358.507/0001-09,EXITUS FIAGRO IMOBILIARIO
EZTB11,18.312.285/0001-61,PRIME OFFICES I FII
EZTC3,08.312.229/0001-73,EZ TEC EMPREEND. E PARTICIPACOES S.A.
FAED11,11.179.118/0001-45,ANHANGUERA FII
FAMB11,05.562.312/0001-02,FII EDIFÍCIO ALMIRANTE BARROSO RL
FAOE11,49.553.783/0001-20,FUNDO DE INVESTIMENTO IMOBILIÁRIO FATOR RENDA ESTRUTURADA
FASA3,00.359.742/0001-08,FASA S.A. - EM RECUPERAÇÃO JUDICIAL
FATN11,30.567.216/0001-02,BRC RENDA CORPORATIVA FII - RESPONSABILIDADE LIMITADA
FAVM11,33.354.650/0001-94,AVM FII
FAZP11,63.654.286/0001-49,MBS FAZENDA I FIAGRO RESPONSABILIDADE LIMITADA
FCFL11,11.602.654/0001-01,CAMPUS FARIA LIM FII
FESA3,15.141.799/0001-03,CIA FERRO LIGAS DA BAHIA - FERBASA
FESA4,15.141.799/0001-03,CIA FERRO LIGAS DA BAHIA - FERBASA
FEXC11,09.552.812/0001-14,BTG CRÉDITO IMOB FII
FGAA11,42.405.905/0001-91,FG AGRO FI NAS CADEIAS PROD AGROIND FIAGRO IMOBILIARIO
FHER3,22.266.175/0001-88,FERTILIZANTES HERINGER S.A.
FICT3,00.359.742/0001-08,FICTOR ALIMENTOS S.A.
FIEI3,07.820.907/0001-46,FICA EMPREENDIMENTOS IMOBILIÁRIOS S.A.
FIGE3,01.548.981/0001-79,INVESTIMENTOS BEMGE S.A.
FIGE4,01.548.981/0001-79,INVESTIMENTOS BEMGE S.A.
FIGS11,17.590.518/0001-25,GENERAL SHOPPING ATIVO E RENDA FUNDO DE INVEST IMOB
FIGV11,30.578.275/0001-78,FII GV BLUE CHIP
FIIB11,14.217.108/0001-45,F.I.I. INDUSTRIAL DO BRASIL RESPONSABILIDADE LIMITADA
FIIC11,50.716.077/0001-30,CAMPREV PREV FII
FIIT11,29.242.844/0001-20,TRANCOSO - FUNDO DE INVESTIMENTO IMOBILIÁRIO - FII
FINF11,18.369.510/0001-04,FUNDO DE INVESTIMENTO IMOBILIÁRIO INFRA REAL ESTATE - FII RL
FIQE3,02.255.187/0001-08,Unifique Telecomunicações S.A.
FISC11,12.804.013/0001-00,FII SC 401 - RESPONSABILIDADE LIMITADA
FISD11,16.543.270/0001-89,SÃO DOMINGOS FUNDO DE INVESTIMENTO IMOBILIARIO- FII
FISP11,13.598.226/0001-88,FUNDO DE INVESTIMENTO IMOBILIÁRIO DO ESTADO DE SÃO PAULO
FIVN11,17.854.016/0001-64,FUNDO DE INVESTIMENTO IMOBILIÁRIO VIDA NOVA - FII
FLCR11,33.884.145/0001-51,FARIA LIMA CAPITAL RECEBÍVEIS IMOBILIÁRIOS I - FII
FLEM11,48.565.175/0001-72,TANE FLEM - FIAGRO
FLEX,10.851.805/0001-00,FLEX GESTÃO DE RELACIONAMENTOS S.A.-Em Recuperação Judicial
FLFL11,50.808.042/0001-21,VBI TR FARIA LIMA 4440 FI IMOB
FLMA11,04.141.645/0001-03,FII CONTINENTAL SQUARE FARIA LIMA - RESP. LIMITADA
FLRP11,10.375.382/0001-91,HEDGE FLORIPA SHOPPING FII
FLRY3,60.840.055/0001-31,FLEURY S.A.
FMOB11,34.691.925/0001-48,IMMOB III FUNDO DE INVESTIMENTO IMOBILIARIO - FII
FMOF11,01.633.741/0001-72,FII MEMORIAL OFFICE RESP LTDA
FNCN3,91.669.747/0001-92,"DM FINANCEIRA S.A. - CRÉDITO, FINANCIAMENTO E INVESTIMENTO"
FNDA11,13.726.079/0001-84,SONDA FDO INVEST IMOB RESP LTDA
FPAB11,03.251.720/0001-18,FII PROJ AGUA BRANCA
FPNG11,17.161.979/0001-82,FII PEDRA NEGRA RENDA IMOBILIÁRIA - RESP. LIMITADA
FRAM11,22.503.991/0001-68,FII PLANNER 2397 - OPORTUNIDADE I FII
FRAS3,88.610.126/0001-29,FRASLE MOBILITY S.A.
FRBC11,62.962.772/0001-61,FII RBC II FUNDO DE FUNDOS RESP LIMITADA
FRHY11,41.251.077/0001-11,FRONTEIRA MULTI FII
FRIO3,04.821.041/0001-08,METALFRIO SOLUTIONS S.A.
FRLS11,16.685.929/0001-31,FUNDO DE INVESTIMENTO IMOBILIÁRIO MACAM SHOPPING
FRRN3B,24.962.466/0001-36,RUMO MALHA NORTE S.A.
FRRN5B,24.962.466/0001-36,RUMO MALHA NORTE S.A.
FRTA3,86.550.951/0001-50,POMIFRUTAS S/A EM RECUPERACAO JUDICIAL
FSBI11,12.323.955/0001-69,SABIÁ FUNDO DE INVESTIMENTO IMOBILIÁRIO - FII
FSOF11,16.802.360/0001-47,FUNDO DE INVESTIMENTO IMOBILIÁRIO SOFI
FTCE11,01.235.622/0001-61,OPPORTUNITY FUNDO DE INVESTIMENTO IMOBILIÁRIO
FTLZ11,01.601.918/0001-59,FORTALEZA FUNDO DE INVESTIMENTO IMOBILIÁRIO DE RESP LTDA
FTRT3B,02.465.783/0001-04,FUTURETEL S.A. - EM LIQUIDAÇÃO
FVPQ11,00.332.266/0001-31,VIA PARQUE SHOPPING FII RESP LTDA
FVRE11,21.826.249/0001-20,VRE DESENVOLVIMENTO III FUNDO DE INVESTIMENTO IMOBILIÁRIO
FZDA11,59.680.687/0001-04,TANE FZMG - FIAGRO
FZDB11,49.489.928/0001-70,TANE FZDB - FIAGRO
G5JF11,22.340.978/0001-35,G5 JOMAFIL - FUNDO DE INVESTIMENTO IMOBILIARIO - FII
GAFS3,01.545.826/0001-07,GAFISA S.A.
GALG11,37.295.919/0001-60,FUNDO DE INVESTIMENTO IMOBILIÁRIO GUARDIAN LOGÍSTICA
GAME11,41.269.052/0001-45,FII GUARDIAN MULTIESTRATÉGIA
GARE11,37.295.919/0001-60,FII GUARDIAL LOGISTICA
GBXP11,20.990.694/0001-69,FGRP FUNDO DE INVESTIMENTO IMOBILIÁRIO
GBXR11,17.786.606/0001-05,NF CAPITAL II FUNDO DE INVESTIMENTO IMOBILIÁRIO
GCDL11,56.061.587/0001-01,FII GALAPAGOS DESENVOLVIMENTO RESP LTDA
GCOI11,46.285.299/0001-79,GALAPAGOS SPECIAL OPORTUNITIES FII
GCRA11,37.037.297/0001-70,GALÁPAGOS RECEBÍVEIS DO AGRONEGÓCIO FIAGRO - IMOBILIÁRIO
GCRI11,38.293.897/0001-61,GALAPAGOS CRI FII
GEOG11,01.964.775/0001-40,FUNDO DE INVESTIMENTO IMOBILIÁRIO GEO GUARARAPES
GEPA3,02.998.301/0001-81,RIO PARANAPANEMA ENERGIA S.A.
GEPA4,02.998.301/0001-81,RIO PARANAPANEMA ENERGIA S.A.
GFDL11,58.523.711/0001-20,FII GALAPAGOS F DESENV LOGIST RESP LTDA
GFSA3,01.545.826/0001-07,GAFISA S.A.
GGBR3,33.611.500/0001-19,GERDAU S.A.
GGBR4,33.611.500/0001-19,GERDAU S.A.
GGPS3,09.229.201/0001-30,GPS PARTICIPAÇÕES E EMPREENDIMENTOS S.A.
GGRC11,26.614.291/0001-00,ZAGROS RENDA IMOBILIÁRIA FII RESPONSABIL
GLCR11,59.669.570/0001-11,FII GALAPAGOS HEDGE FUND
GLDN11,17.282.011/0001-04,GOLDEN FII RL
GLOG11,36.501.198/0001-34,GENIAL LOGÍSTICA FUNDO DE INVESTIMENTO IMOBILIÁRIO
GLPF11,58.378.463/0001-71,FII GALAPAGOS FEEDER LOGIST RESP LTDA
GMAT3,24.990.777/0001-09,GRUPO MATEUS S.A.
GOAU3,92.690.783/0001-09,METALURGICA GERDAU S.A.
GOAU4,92.690.783/0001-09,METALURGICA GERDAU S.A.
GOLL4,06.164.253/0001-87,GOL LINHAS AEREAS INTELIGENTES S.A.
GOLL54,06.164.253/0001-87,GOL LINHAS AEREAS INTELIGENTES S.A.
GPAR3,08.560.444/0001-93,CIA CELG DE PARTICIPACOES - CELGPAR
GRAO3,18.483.666/0001-03,Humberg Agribrasil Comércio e Exportação de Grãos S.A.
GRAV11,22.459.737/0001-00,GRAVATAI SHOPPING FII DE RESPONSABILIDADE LIMITADA
GRIV11,11.326.746/0001-06,TAG GR IV FUNDO DE INVESTIMENTO IMOB
GRND3,89.850.341/0001-60,GRENDENE S.A.
GRRO11,30.871.716/0001-25,GREEN FII ROCK
GRUL11,54.483.412/0001-59,ICATU VAN GRU LOG FII
GRWA11,47.240.671/0001-93,SFI INVESTIMENTOS FIAGRO
GSFI11,11.769.604/0001-13,FII PLANNER 2557 - GSFI FII
GSHP3,08.764.621/0001-53,GENERAL SHOPPING E OUTLETS DO BRASIL BRASIL S.A.
GSRF11,62.951.756/0001-73,GALAPAGOS SP SURF FUNDO DE INVESTIMENTO
GTWR11,23.740.527/0001-58,FUNDO DE INVESTIMENTO IMOBILIÁRIO GREEN TOWERS
GUAR3,08.402.943/0001-52,GUARARAPES CONFECCOES S.A.
HAAA11,27.445.482/0001-40,HEDGE AAA FUNDO DE INVESTIMENTO IMOBILIÁRIO
HABT11,30.578.417/0001-05,HABITAT RECEBÍVEIS PULVERIZADOS FII RL
HAPV3,05.197.443/0001-38,HAPVIDA PARTICIPAÇÕES E INVESTIMENTOS S.A.
HBCR11,36.501.159/0001-37,FII HBC RENDA URBANA
HBOR3,49.263.189/0001-02,HELBOR EMPREENDIMENTOS S.A.
HBRE3,14.785.152/0001-51,HBR Realty Empreendimentos Imobiliários S.A.
HBRH11,30.871.698/0001-81,V2 MULTI RENDA FII RESP LIMITADA
HBSA3,12.648.327/0001-53,HIDROVIAS DO BRASIL S.A.
HBTS5,87.762.563/0001-03,CIA HABITASUL DE PARTICIPACOES
HCHG11,34.508.959/0001-54,FII HECTARE RECEBÍVEIS HIGH GRADE
HCRA11,44.668.806/0001-28,HEDGE CRÉDITO AGRO FIAGRO-DIREITOS CREDITÓRIOS
HCRI11,04.066.582/0001-60,HOSPITAL CRIANCA FII
HCST11,31.152.015/0001-07,FII HECTARE STUDENT HOUSING
HCTR11,30.248.180/0001-96,FII HECTARE CE
HDEL11,44.514.162/0001-13,HEDGE DESENVOLVIMENTO LOGÍSTICO FUNDO DE INV IMOB
HDOF11,35.688.460/0001-39,HEDGE PALADIN DESIGN OFFICES FUNDO DE INVESTIMENTO IMOB
HERM11,00.868.235/0001-08,HERMES FII DE RESPONSABILIDADE LIMITADA
HETA3,92.749.225/0001-63,HERCULES S.A. FABRICA DE TALHERES
HETA4,92.749.225/0001-63,HERCULES S.A. FABRICA DE TALHERES
HFOF11,18.307.582/0001-19,HEDGE TOP FOFII 3 FUNDO DE INVESTIMENTO IMOBILIÁRIO
HGAG11,40.343.867/0001-64,HIGH AGRO - FIAGRO - IMOBILIÁRIO RESPONSABILIDADE LIMITADA
HGBL11,53.466.467/0001-98,HEDGE BRASIL LOGÍSTICO INDUSTRIAL FII DE RESP LIMITADA
HGBS11,08.431.747/0001-06,HEDGE BRASIL SHOPPING FUNDO DE INVESTIMENTO IMOBILIÁRIO
HGCR11,11.160.521/0001-22,PÁTRIA RECEBÍVEIS IMOBILIÁRIOS - FII
HGFF11,32.784.898/0001-22,PATRIA IMOBILIÁRIO FOF - FUNDO DE INVESTIMENTO IMOBILIÁRIO
HGIC11,38.456.508/0001-71,HGI FII RESP LIMITADA
HGLG11,11.728.688/0001-47,PÁTRIA LOG - FUNDO DE INVESTIMENTO IMOBILIÁRIO
HGPO11,11.260.134/0001-68,PÁTRIA PRIME OFFICES - FUNDO DE INVESTIMENTO IMOBILIÁRIO
HGRE11,09.072.017/0001-29,PÁTRIA ESCRITÓRIOS FUNDO DE INVESTIMENTO IMOBILIÁRIO
HGRS11,41.922.239/0001-04,CSHG RESIDENCIAL - FUNDO DE INVESTIMENTO IMOBILIÁRIO - FII
HGRU11,29.641.226/0001-53,PÁTRIA RENDA URBANA - FUNDO DE INVESTIMENTO IMOBILIÁRIO
HGTX3,78.876.950/0001-71,CIA HERING
HILG11,34.867.728/0001-37,HIRE LOG I  FII RESP LIMITADA
HJCT11,62.082.124/0001-10,HEDGE JHSF CAPITAL PRIME OFFICES FII RESP LTDA
HLOG11,27.486.542/0001-72,HEDGE LOGÍSTICA FUNDO DE INVESTIMENTO IMOBILIÁRIO
HMOB3,40.159.947/0001-64,HMOBI Participações S.A.
HOFC11,31.894.369/0001-19,HEDGE OFFICE INCOME FUNDO DE INVESTIMENTO IMOB
HOMS11,55.793.516/0001-22,FII ROOFTOP III
HOOT4,33.200.049/0001-47,HOTEIS OTHON S.A. - EM RECUPERAÇÃO JUDICIAL
HOSI11,34.081.631/0001-02,FUNDO DE INVESTIMENTO IMOBILIÁRIO HOUSI
HPDP11,35.586.415/0001-73,HEDGE SHOPPING PARQUE DOM PEDRO FII
HRDF11,16.929.519/0001-99,HEDGE REALTY DEVELOPMENT FUNDO DE INVESTIMENTO IMOBILIÁRIO
HREC11,35.507.262/0001-21,HEDGE RECEBÍVEIS IMOBILIÁRIOS FUNDO DE INVESTIMENTO IMOB
HRES11,42.869.853/0001-04,FII HIRE RESIDENCIAL I - FII - RESP LIMI
HSAF11,67.149.599/0001-09,HSI RENDA LOGISTICA CDI CETIPADO FII RESP LIMITADA
HSLG11,32.903.621/0001-71,HSI LOGÍSTICA FUNDO DE INVESTIMENTO IMOBILIÁRIO
HSML11,32.892.018/0001-31,HSI - MALLS FII RESP. LIMITADA
HTMX11,08.706.065/0001-69,HOTEL MAXINVEST FII
HUCG11,39.347.413/0001-82,F.I.I HOSPITAL UNIMED CAMPINA GRANDE RESPONS.LIMITADA
HUSC11,28.851.767/0001-43,FII HOSPITAL UNIMED SUL CAPIXABA
HUSI11,30.017.492/0001-99,HUSI FUNDO DE INVESTIMENTO IMOBILIÁRIO
HYPE3,02.932.074/0001-91,HYPERA S.A.
HYPI11,28.899.178/0001-35,HIRE PROPERTIES I FII RESP LIMITADA
IAAG11,42.692.399/0001-69,INTER AMERRA FIAGRO RESPONSABILIDADE LIMITADA
IAGR11,44.286.898/0001-81,SFI FIAGRO
IBBP11,52.551.605/0001-74,INVISTA DESENV VI FII RESP LTDA
IBCR11,40.011.251/0001-96,CRI BREI FII RL
ICDI11,64.542.109/0001-33,ITAÚ CRÉDITO IMOBILIÁRIO CDI FII
ICNE11,53.137.434/0001-02,ÍCONE - FII RESPONSABILIDADE LIMITADA
ICRI11,51.294.441/0001-84,ITAÚ CRÉDITO IMOBILIÁRIO IPCA FII
ICTU11,19.249.956/0001-50,LA DEFENSE FUNDO DE INVESTIMENTO IMOBILIÁRIO - FII
IDFI11,32.774.914/0001-04,FUNDO DE INVESTIMENTO IMOBILIARIO DE UNIDADES AUTONOMAS
IDGO11,49.112.611/0001-10,ID GOIANA FUNDO DE INVESTIMENTO FIAGRO IMOBILIÁRIO - RL
IDGR11,44.177.538/0001-41,FUNDO DE INVESTIMENTO IMOBILIARIO DE UNIDADES AUTONOMAS II
IFCM3,38.456.921/0001-36,INFRACOMMERCE CXAAS S.A.
IGBR3,43.185.362/0001-07,IGB ELETRONICA S.A - EM RECUPERACAO JUDICIAL
IGTA3,51.218.147/0001-93,IGUATEMI EMPRESA DE SHOPPING CENTERS S.A
IGTI11,60.543.816/0001-93,IGUATEMI S.A.
IGTI3,60.543.816/0001-93,IGUATEMI S.A.
IGTI4,60.543.816/0001-93,IGUATEMI S.A.
ILOG11,63.186.685/0001-22,ITAU RBR DESENVOLVIMENTO LOGÍSTICO FII RESP LTDA
IMIV11,34.693.040/0001-88,IMMOB IV BRAGANÇA FI IMOBILIARIO
IMMV11,38.376.805/0001-07,IMMOB V DESENVOLVIMENTO FII
INC111,11.827.568/0001-05,INCENTIVO FUNDO DE INVESTIMENTO IMOBILIÁRIO-FII
INCP11,12.969.125/0001-03,FII CAIXA INCORPORAÇÃO
INDE11,52.635.194/0001-03,INTER DESENVOLVIMENTO FII
INEP3,76.627.504/0001-06,INEPAR S.A. INDUSTRIA E CONSTRUCOES EM RECUPERACAO JUDICIAL
INLG11,34.598.181/0001-11,INTER LOGÍSTICO FII
INNC3,09.611.768/0001-76,INC EMPREENDIMENTOS IMOBILIÁRIOS S.A.
INNT3,09.611.768/0001-76,INTER CONSTRUTORA E INCORPORADORA S.A.
INOI11,61.272.325/0001-18,INTER OPORTUNIDADE IMOBILIÁRIA FII
INOI15,61.272.325/0001-18,INTER OPORTUNIDADE COTA SUB
INRD11,34.835.191/0001-23,INTER RESIDENCE FII
INTB3,82.901.000/0001-27,Intelbras S.A. Ind. de Telecomunicação Eletrônica Brasileira
IRBL11,21.500.500/0001-62,OMNI MALLS FII
IRBR3,33.376.989/0001-91,IRB - BRASIL RESSEGUROS S.A.
IRDM11,28.830.325/0001-10,IRIDIUM REC IMOB FII
IRIM11,41.076.564/0001-95,IRIDIUM CRI FII RL
ISAE3,02.998.611/0001-04,ISA ENERGIA BRASIL
ISAE4,02.998.611/0001-04,ISA ENERGIA BRASIL
ISSH11,15.447.108/0001-02,GAZIT MALLS FII
ITIP11,36.312.772/0001-06,INTER TEVA ÍNDICE DE PAPEL FII
ITIT11,36.293.425/0001-83,INTER TEVA ÍNDICE DE TIJOLO FII
ITRI11,52.270.671/0001-76,ITAÚ TOTAL RETURN FUNDO DE INVESTIMENTO IMOBILIÁRIO
ITSA3,61.532.644/0001-15,ITAÚSA S.A.
ITSA4,61.532.644/0001-15,ITAÚSA S.A.
ITUB3,60.872.504/0001-23,ITAU UNIBANCO HOLDING S.A.
ITUB4,60.872.504/0001-23,ITAU UNIBANCO HOLDING S.A.
IVBP11,66.974.704/0001-73,INVISTA BP FII
IVCI11,53.305.536/0001-81,ICATU VANGUARDA CRÉDITO IMOBILIÁRIO FII
IVPR3,03.758.318/0001-24,INVESTIMENTOS E PARTICIP. EM INFRA S.A. - INVEPAR
IVPR4,03.758.318/0001-24,INVESTIMENTOS E PARTICIP. EM INFRA S.A. - INVEPAR
JALL3,02.635.522/0001-95,Jalles Machado S.A.
JASC11,40.886.241/0001-02,JASC RENDA FII RL
JBFO11,36.615.915/0001-59,JBFO FOF FUNDO DE INVESTIMENTO IMOBILIÁRIO
JBSS3,02.916.265/0001-60,JBS S.A.
JCAT11,14.609.653/0001-87,JHSF CATARINA FII LTDA
JCCJ11,50.701.686/0001-16,FII JHSF CAP MALLS
JCDA11,31.772.231/0001-47,JACARANDA I FUNDO DE INVESTIMENTO IMOBILIARIO
JCDB11,35.705.542/0001-44,JACARANDA 02 FUNDO DE INVESTIMENTO IMOBILIARIO FII
JCDR11,56.992.328/0001-96,JHSF CAPITAL DESENV IMOB FII RESPONSABILIDADE LIMITADA
JCSC11,67.091.763/0001-66,JHSF SCJ FII
JFEN3,33.035.536/0001-00,JOAO FORTES ENGENHARIA S.A. - Em Recuperação Judicial
JFLL11,36.501.181/0001-87,JFL LIVING FII
JGPX11,42.888.292/0001-90,JGP CRÉDITO FI NAS CADEIAS PRODUTIVAS
JHSF3,08.294.224/0001-65,JHSF PARTICIPACOES S.A.
JKDF11,23.533.796/0001-43,FUNDO DE INVESTIMENTO IMOB JK D
JKEF11,23.532.837/0001-87,FUNDO DE INVESTIMENTO IMOB JK E
JOPA3,87.456.562/0001-22,JOSAPAR-JOAQUIM OLIVEIRA S.A. - PARTICIP
JOPA4,87.456.562/0001-22,JOSAPAR-JOAQUIM OLIVEIRA S.A. - PARTICIP
JPAU11,55.302.190/0001-93,JARDIM PAULISTANO FII
JPPA11,30.982.880/0001-00,JPP CAPITAL RECEBÍVEIS IMOBILIÁRIOS FII RL
JPPC11,17.216.625/0001-98,JPP CAPITAL FUNDO DE INVESTIMENTO IMOBILIÁRIO - FII
JPPD11,11.268.335/0001-01,JPP FII
JPRD11,53.072.782/0001-30,JPR DS FII DE RESPONSABILIDADE LIMITADA
JSAF11,42.085.661/0001-07,JS ATIVOS FINANCEIROS FUNDO DE INVESTIMENTO IMOBILIÁRIO
JSCE11,60.176.399/0001-98,JS CRÉDITO ESTRUTURADO FI IMOBILIARIO RESP LIMITADA
JSCR11,54.866.214/0001-74,JS RECEBÍVEIS FUNDO DE INVESTIMENTO IMOBILIÁRIO
JSLG3,52.548.435/0001-79,JSL S.A.
JSRE11,13.371.132/0001-71,JS REAL ESTATE MULTIGESTÃO FUNDO DE INVESTIMENTO IMOBILIÁRIO
JTPR11,23.876.086/0001-16,JT PREV FUNDO DE INVESTIMENTO IMOBILIÁRIO D. HAB
KCRE11,42.502.802/0001-40,KINEA CREDITAS FII RESPONSABILIDADE LIMITADA
KDLG11,59.436.431/0001-48,KINEA DESENVOLVIMENTO LOGÍSTICO II FII
KDOL11,51.641.681/0001-08,KINEA AGRO INCOME USD FIAGRO IMOBI RESPONSABILIDADE LIMITADA
KEPL3,91.983.056/0001-69,KEPLER WEBER S.A.
KEVE11,32.317.313/0001-64,EVEN II KINEA FII RESPONSABILIDADE LIMITADA
KFEN11,55.753.193/0001-43,KINEA FÊNIX FII RESPONSABILIDADE LIMITADA
KFOF11,30.091.444/0001-40,FUNDO DE FUNDOS DE INVESTIMENTO IMOBILIÁRIO KINEA FII
KGUJ11,61.305.996/0001-38,KINEA GUARARA JD FII
KISU11,65.923.811/0001-00,FII RIVIERA RESIDENCIAL RESPONSABILIDADE LIMITADA
KIVO11,42.273.325/0001-98,KILIMA VOLKANO RECEBIVEIS IMOBILIARIOS FII
KLAS3,09.146.451/0001-06,KALLAS INCORPORAÇÕES E CONSTRUÇÕES S.A.
KLBN11,89.637.490/0001-45,KLABIN S.A.
KLOG11,51.734.924/0001-52,KINEA DESENVOLVIMENTO LOGÍSTICO FII
KNCA11,41.745.701/0001-37,KINEA CRÉDITO AGRO FIAGRO-IMOBILIÁRIO
KNCR11,16.706.958/0001-32,KINEA RENDIMENTOS IMOBILIARIOS FII RESPONSABILIDADE LIMITADA
KNGR11,61.305.758/0001-22,KINEA GUARARA FII
KNHF11,42.754.342/0001-47,KINEA HEDGE FUND FII RESPONSABILIDADE LIMITADA
KNHY11,30.130.708/0001-28,KINEA HIGH YIELD CRI FII RESPONSABILIDADE LIMITADA
KNIP11,24.960.430/0001-13,KINEA INDICES DE PREÇOS FII RESPONSABILIDADE LIMITADA
KNPL11,66.813.698/0001-72,KINEA PLATAFORMA RESIDENCIAL FII
KNPR11,42.737.059/0001-07,KINEA PREMIUM PROPERTIES FII RESPONSABILIDADE LIMITADA
KNRE11,14.423.780/0001-97,KINEA II REAL ESTATE EQUITY FII RESPONSABILIDADE LIMITADA
KNRI11,12.005.956/0001-65,KINEA RENDA IMOBILIARIA FII RESPONSABILIDADE LIMITADA
KNSC11,35.864.448/0001-38,KINEA SECURITIES FII RESPONSABILIDADE LIMITADA
KONG11,66.743.243/0001-28,CAP ARTON JP FII
KOPA11,51.475.461/0001-51,KINEA OPORTUNIDADES AGRO I FIAGRO IMOBILIÁRIO
KORE11,52.219.978/0001-42,KINEA OPORTUNIDADES REAL ESTATE FII
KPMR11,57.683.576/0001-18,KINEA PRIME RESIDENCIAL I FII RESPONSABILIDADE LIMITADA
KPRP11,58.099.321/0001-75,KINEA PRIME RESIDENCIAL I PVT FII RESPONSABILIDADE LIMITADA
KRES11,53.654.501/0001-58,KINEA AQUISIÇÕES RESIDENCIAIS FII RESPONSABILIDADE LIMITADA
KRSA3,13.270.520/0001-66,Kora Saúde Participações S.A.
LAFI11,51.710.043/0001-00,CLASSE DO LAVOURA I FIAGRO IMOBILIÁRIO
LAND3,40.337.136/0001-06,Terra Santa Propriedades Agrícolas S.A.
LASC11,30.248.158/0001-46,LEGATUS FII RL
LAVV3,26.462.693/0001-28,Lavvi Empreendimentos Imobiliários S.A.
LCAM3,10.215.988/0001-60,Companhia de Locação das Américas
LEVE3,60.476.884/0001-87,MAHLE METAL LEVE S.A.
LFTT11,24.796.967/0001-90,LOFT II FUNDO DE INVESTIMENTO IMOBILIÁRIO
LGCP11,34.598.181/0001-11,LOGCP INTER FUNDO DE INVESTIMENTO IMOBILIARIO
LGVT11,02.508.235/0001-14,LOGINVEST FII INDUSTRIAL DE RESPONSABILIDADE LIMITADA
LIFE11,39.753.295/0001-02,FII LIFE CAPITAL PARTNERS
LIGT3,03.378.521/0001-75,LIGHT S.A. - Em Recuperação Judicial
LIPR3,01.104.937/0001-70,ELETROBRÁS PARTICIPAÇÕES S.A. - ELETROPAR
LJQQ3,96.418.264/0218-02,Lojas Quero Quero S.A.
LKDV11,40.102.445/0001-05,DEVELOPMENT V1 FII
LLAO11,41.218.404/0001-33,BS2 ALLINVESTMENTS FII
LLIS3,49.669.856/0001-43,RESTOQUE COMÉRCIO E CONFECÇÕES DE ROUPAS S.A.
LMED,02.357.251/0001-53,LIFEMED INDUSTRIAL DE EQUIP. E ART. MEDICOS E HOSP. S.A
LOFT12,19.722.048/0001-31,LOFT I FII RL
LOGG3,09.041.168/0001-10,LOG COMMERCIAL PROPERTIES E PARTICIPAÇÕES
LOGN3,42.278.291/0001-24,LOG-IN LOGISTICA INTERMODAL S.A.
LPLP11,37.262.752/0001-30,LAGO DA PEDRA - FUNDO DE INVESTIMENTO IMOBILIÁRIO
LPSB3,08.078.847/0001-09,LPS BRASIL - CONSULTORIA DE IMOVEIS S.A.
LRDI11,41.088.534/0001-07,LEBLON REALTY FII
LRED11,55.089.373/0001-72,FII LCP RE DEVELOPMENT RESP LTDA
LREN3,92.754.738/0001-62,LOJAS RENNER S.A.
LSAG11,42.592.476/0001-09,RIZA AGRO II FIAGRO - IMOBILIÁRIO - RESP LIMITADA
LSII11,63.279.000/0001-92,LCP SPECIAL OPPORTUNITIES II
LSOI11,53.087.126/0001-01,LCP SPECIAL OPPORTUNITIES I FII RESPONSABILIDADE ILIMITADA
LSOP11,63.429.256/0001-39,LCP SPECIAL OPPORTUNITIES III
LSPA11,31.847.293/0001-70,LESTE RIVA EQUITY PREFERENCIAL I FII
LTEL3B,00.743.065/0001-27,LITEL PARTICIPACOES S.A.
LTLA,05.495.546/0001-84,Litela Participações S.A. - Em Liquidação
LTMT11,46.449.786/0001-20,SPECIALE BLUE REAL ASSET FII
LUGG11,34.835.191/0001-23,LUGGO FUNDO DE INVESTIMENTO IMOBILIÁRIO - FII
LUPA3,89.463.822/0001-12,LUPATECH S.A
LVBI11,30.629.603/0001-18,VBI LOGISTICO FII RL
LWSA3,02.351.877/0001-52,LWSA S/A
MALL11,26.499.833/0001-32,PATRIA MALLS FUNDO DE INVESTIMENTO IMOBILIÁRIO
MANA11,42.888.583/0001-89,MANATÍ CAPITAL HEDGE FUND FII
MARE11,65.837.970/0001-91,MANATÍ RENDA CDI PLUS FII
MATD3,16.676.520/0001-59,HOSPITAL MATER DEI S.A.
MAXR11,11.274.415/0001-70,MAX RETAIL FII
MBBI11,32.177.294/0001-18,FII MB BI RESPONS LIMITADA
MBLY3,31.553.627/0001-01,MOBLY S.A.
MCCI11,23.648.935/0001-84,MAUA CAP RE FII RL
MCEM11,46.157.247/0001-17,MERITO CEMITERIOS FII RESPONSABILIDADE LIMITADA
MCFA11,54.698.848/0001-65,MAUÁ CAPITAL HIGH GRADE FUNDO DE INVESTIMENTO IMOBILIÁRIO
MCFF11,36.642.139/0001-86,MAUÁ CAPITAL HED FII
MCHY11,36.655.973/0001-06,MAUÁ CAP REAL FII RL
MCLG11,57.979.459/0001-04,MAUÁ CAPITAL LOGÍSTICA FEEDER FII
MCLO11,57.466.934/0001-30,MAUÁ CAPITAL LOGÍSTICA FII - RESPONSABILIDADE LIMITADA
MCMV18,62.808.826/0001-39,BRM MCASA MVIDA FII
MDIA3,07.206.816/0001-15,M.DIAS BRANCO S.A. IND COM DE ALIMENTOS
MDNE3,12.049.631/0001-84,MOURA DUBEUX ENGENHARIA S/A
MEAL3,17.314.329/0001-20,INTERNATIONAL MEAL COMPANY ALIMENTACAO S.A.
MEGA3,42.500.384/0001-51,OMEGA ENERGIA S.A.
MELK3,12.181.987/0001-77,Melnick Desenvolvimento Imobiliário S.A.
MEND3,17.162.082/0001-73,MENDES JUNIOR ENGENHARIA S.A.
MEND5,17.162.082/0001-73,MENDES JUNIOR ENGENHARIA S.A.
MEND6,17.162.082/0001-73,MENDES JUNIOR ENGENHARIA S.A.
MERC3,33.040.601/0001-87,"Mercantil Financeira S.A. - Soc. Crédito, Financ e Investime"
MERC4,33.040.601/0001-87,"Mercantil Financeira S.A. - Soc. Crédito, Financ e Investime"
MFAI11,32.397.369/0001-76,MÉRITO FUNDOS E AÇÕES IMOBILIÁRIAS FII
MFCR11,45.403.337/0001-88,MERITO RECEBIVEIS IMOBILIARIOS FII
MFII11,16.915.968/0001-88,MÉRITO DESENVOLVIMENTO IMOBILIÁRIO FII
MGEL3,61.065.298/0001-02,MANGELS INDUSTRIAL S.A.
MGEL4,61.065.298/0001-02,MANGELS INDUSTRIAL S.A.
MGHT11,34.197.776/0001-65,TZDK FII RL
MGLU3,47.960.950/0001-21,MAGAZINE LUIZA S.A.
MGRI11,41.320.997/0001-44,MOGNO PROPERTIES FII - RESPONSABILIDADE LIMITADA
MIDW11,63.992.956/0001-37,MIDWAY MALL FUNDO DE INVESTIMENTO IMOBILIÁRIO RL
MILS3,27.093.558/0001-15,"MILLS LOCAÇÃO, SERVIÇOS E LOGÍSTICA S.A."
MINT11,19.872.887/0001-36,MINT EDUCACIONAL FII
MIST11,01.497.954/0001-14,FUNDO DE INVESTIMENTO IMOBILIÁRIO MISTRAL
MITG03,80.227.184/0001-66,METALGRAFICA IGUACU S.A.
MITG04,80.227.184/0001-66,METALGRAFICA IGUACU S.A.
MLAS3,59.717.553/0001-02,GRUPO MULTILASER S.A.
MMAQ3,17.161.241/0001-15,MINASMAQUINAS S.A.
MMAQ4,17.161.241/0001-15,MINASMAQUINAS S.A.
MMPD11,41.080.968/0001-52,MAUA MPD FII RL
MMVE11,41.251.337/0001-59,MARESIAS IMOBILIÁRIAS FUNDO DE INVESTIMENTO IMOBILIÁRIO
MMXM3,02.762.115/0001-49,MASSA FALIDA DA MMX MINERACAO E METALICOS S.A.
MNDL3,88.610.191/0001-54,MUNDIAL S.A. - PRODUTOS DE CONSUMO
MNPR3,90.076.886/0001-40,MINUPAR PARTICIPACOES S.A.
MNZC3,02.664.042/0001-52,TERMINAL GARAGEM MENEZES CORTES S.A.
MOAR3,33.102.476/0001-92,MONTEIRO ARANHA S.A.
MODL3,30.723.886/0001-62,BANCO MODAL S.A.
MOFF11,31.508.219/0001-20,MULTIOFFICES 2 - FUNDO DE INVESTIMENTO IMOBILIÁRIO
MORC11,40.102.474/0001-69,MORE RECEBIVEIS IMOBILIARIOS FII
MORE11,34.197.727/0001-22,MORE REAL ESTATE FOF FII
MOSI3,09.083.175/0001-84,MOSAICO TECNOLOGIA AO CONSUMIDOR S.A.
MOTV3,02.846.056/0001-97,MOTIVA INFRAESTRUTURA DE MOBILIDADE S.A.
MOVI3,21.314.559/0001-66,MOVIDA PARTICIPACOES SA
MRSA3,01.417.222/0001-77,MRS LOGISTICA S.A.
MRSA5,01.417.222/0001-77,MRS LOGISTICA S.A.
MRSA6,01.417.222/0001-77,MRS LOGISTICA S.A.
MRVE3,08.343.492/0001-20,MRV ENGENHARIA E PARTICIPACOES S.A.
MSPA3,60.730.348/0001-66,CIA MELHORAMENTOS DE SAO PAULO
MSPA4,60.730.348/0001-66,CIA MELHORAMENTOS DE SAO PAULO
MSRO3,08.795.211/0001-70,MAESTRO LOCADORA DE VEICULOS S.A.
MTOF11,22.862.226/0001-34,ALIANZA MULTIOFFICES - FUNDO DE INVESTIMENTO IMOBILIÁRIO
MTRE3,07.882.930/0001-65,Mitre Realty Empreendimentos e Participações S.A.
MTSA3,86.375.425/0001-09,METISA METALURGICA TIMBOENSE S.A.
MTSA4,86.375.425/0001-09,METISA METALURGICA TIMBOENSE S.A.
MULT3,07.816.890/0001-53,MULTIPLAN - EMPREEND IMOBILIARIOS S.A.
MUUU4,21.526.148/0001-34,MAIS MU COMÉRCIO DE ALIMENTOS E BEBIDAS S.A.
MVFI11,23.537.203/0001-17,FII MV9
MWET3,84.683.671/0001-94,WETZEL S.A.
MWET4,84.683.671/0001-94,WETZEL S.A.
MXRF11,97.521.225/0001-25,FII MAXI RENDA RL
MYPK3,61.156.113/0001-75,IOCHPE MAXION S.A.
N/A,37.702.340/0001-74,Austravias S.A.
NATU3,71.673.990/0001-77,NATURA COSMÉTICOS S.A.
NAUI11,49.649.500/0001-48,TEN DESENVOLVIMENTO FII
NAVF11,35.652.252/0001-80,NAVI TOTAL RE FII RL
NCHB11,18.085.673/0001-57,FYTO RECEB FII
NCRA11,42.537.438/0001-53,FYTO RECEBÍVEIS DO A. - FIAGRO IMOBILIÁRIO - R. LIMITADA
NCRI11,40.041.603/0001-56,NAVI CREDITO IMOBILIARIO - FII
NELO11,30.495.165/0001-42,NE LOGISTIC FUNDO DE INVESTIMENTO IMOBILIÁRIO
NEMO3,60.651.809/0001-05,SUZANO HOLDING S.A.
NEMO5,60.651.809/0001-05,SUZANO HOLDING S.A.
NEMO6,60.651.809/0001-05,SUZANO HOLDING S.A.
NEOE3,01.083.200/0001-18,NEOENERGIA S.A.
NEWL11,32.527.626/0001-47,NEWPORT LOGISTICA FII
NEWU11,14.793.782/0001-78,NEWPORT RENDA URBANA FII
NEXG11,52.044.477/0001-72,NEX CRÉDITO AGRO FIAGRO
NEXP3,08.613.550/0001-98,Nexpe Participações S.A
NGRD3,10.139.870/0001-08,NEOGRID PARTICIPAÇÕES S.A.
NINJ3,14.127.813/0001-51,REAG Investimentos S.A.
NIVT11,52.372.038/0001-99,FII NAVT2
NMKS11,43.011.068/0001-89,NM KSM FII RL
NRTQ3,29.950.060/0001-57,NORTEC QUÍMICA S.A.
NSLU11,08.014.513/0001-63,HNS LOURDES FII
NTCO3,32.785.497/0001-97,Natura &Co Holding S.A.
NUTR3,51.128.999/0001-90,NUTRIPLANT INDUSTRIA E COMERCIO S.A.
NVHO11,17.025.970/0001-44,FUNDO DE INVESTIMENTO IMOBILIARIO - FII NOVO HORIZONTE
NVIF11,22.003.469/0001-17,NOVA I FII
NÃO,16.234.171/0001-15,METANOR SA METANOL DO NE
NÃO HÁ,00.249.786/0001-85,FORPART S.A. - EM LIQUIDAÇÃO
OBAL16,42.273.290/0001-97,OPPORTUNITY BALASSIANO FUNDO DE INVESTIMENTO IMOBILIÁRIO
OBTC,59.693.110/0001-29,ORANJEBTC S.A. - EDUCAÇÃO E INVESTIMENTO
OCRE11,44.680.435/0001-08,OCTO FUNDO DE INVESTIMENTO IMOBILIARIO
OD5011,47.136.369/0001-90,REAL ESTATE SPECIAL SITUATIONS I FII
ODER3,97.191.902/0001-94,CONSERVAS ODERICH S.A.
ODER4,97.191.902/0001-94,CONSERVAS ODERICH S.A.
ODPV3,58.119.199/0001-51,ODONTOPREV S.A.
OFSA3,20.258.278/0001-70,OUROFINO S.A.
OIAG11,41.218.352/0001-03,OURINVEST INNOVATION FIAGRO IMOBILIARIO
OIBR3,76.535.764/0001-43,OI S.A. - EM RECUPERAÇÃO JUDICIAL
OIBR4,76.535.764/0001-43,OI S.A. - EM RECUPERAÇÃO JUDICIAL
OLMP11,04.644.612/0001-78,STARK FUNDO DE INVESTIMENTO IMOBILIÁRIO-FII
ONCO3,12.104.241/0004-02,ONCOCLÍNICAS DO BRASIL SERVIÇOS MÉDICOS S.A.
ONDV11,52.966.340/0001-75,ONDA DESENVOLVIMENTO IMOBILIÁRIO FII
ONHI11,59.693.395/0001-06,MINAS AGRO FI NAS CADEIAS PRODUTIVAS DO AGRONEGÓCIO
OPCT3,09.114.805/0001-30,Oceanpact Serviços Maritimos S.A.
OPGM3,02.796.775/0001-40,GAMA PARTICIPACOES S.A.
OPGM3B,02.796.775/0001-40,GAMA PARTICIPACOES S.A.
OPSE3,02.062.747/0001-08,SUDESTE S.A.
OPSE3B,02.062.747/0001-08,SUDESTE S.A.
OPTS3,01.957.772/0001-89,SUL 116 PARTICIPAÇÕES S.A. - Em liquidação
OPTS3B,01.957.772/0001-89,SUL 116 PARTICIPACOES S.A.
ORCE11,54.505.439/0001-03,ORIZ RE CRÉDITO ESTRUTURADO FII
ORPD11,19.107.604/0001-60,OURO REC DESENVOLVIMENTO IMOBILIÁRIO I FII - FII DE RL
ORRZ11,52.984.403/0001-16,ORIZ RAIZ FI CADEIAS PROD AGROINDUSTRIAIS FIAGRO IMOBILIÁRIO
ORVR3,11.421.994/0001-36,Orizon Valorização de Resíduos S.A.
OSXB3,09.112.685/0001-32,OSX BRASIL S.A. - Em Recuperação Judicial
OUFF11,30.791.386/0001-68,FUNDO DE INVESTIMENTO IMOB OURINVEST FUNDO DE FUNDOS
OUJP11,26.091.656/0001-50,OURINVEST JPP FUNDO DE INVESTIMENTO IMOBILIÁRIO RL
OULG11,13.974.819/0001-00,FII OURINVEST LOGISTICA - RESPONSABILIDADE LIMITADA
OURE11,28.516.650/0001-03,FUNDO DE INVESTIMENTO IMOB OURINVEST RENDA ESTRUTURADA
PAAG11,51.575.078/0001-75,PÁTRIA CRÉDITO AGRÍCOLA FIAGRO - IMOBILIÁRIO
PABY11,00.613.094/0001-74,FII PANAMBY
PARD3,19.378.769/0001-76,INSTITUTO HERMES PARDINI S.A.
PASS3,21.389.501/0001-81,Compass Gás e Energia S.A.
PASS5,21.389.501/0001-81,Compass Gás e Energia S.A.
PASS6,21.389.501/0001-81,Compass Gás e Energia S.A.
PATA11,53.764.894/0001-52,PATAGONIA CAPITAL MULTIESTRATEGIA FII
PATB11,14.788.492/0001-36,PATEO BANDEIRANT FII
PATC11,30.048.651/0001-12,PATRIA EDIFICIOS CORPORATIVOS FII
PATI3,92.693.019/0001-89,PANATLANTICA S.A.
PATI4,92.693.019/0001-89,PANATLANTICA S.A.
PATL11,35.754.164/0001-99,PÁTRIA LOGÍSTICA FII
PBLV11,31.962.875/0001-06,PROLOGIS BRAZIL LOGISTICS VENTURE FII
PCAR3,47.508.411/0001-56,CIA BRASILEIRA DE DISTRIBUICAO
PCAS11,24.514.406/0001-50,PRAIA DO CASTELO FUNDO DE INVESTIMENTO IMOBILIÁRIO
PCIV11,17.655.102/0001-48,PESCARA FUNDO DE INVESTIMENTO IMOBILIÁRIO - FII
PDBM11,56.978.773/0001-00,PDB MALLS FII RESPONSABILIDADE LTDA
PDGR3,02.950.811/0001-89,PDG REALTY S.A. EMPREEND E PARTICIPACOES
PDTC3,02.365.069/0001-44,PADTEC HOLDING S.A.
PEAB3,01.938.783/0001-11,CIA PARTICIPACOES ALIANCA DA BAHIA
PEAB4,01.938.783/0001-11,CIA PARTICIPACOES ALIANCA DA BAHIA
PEMA11,34.736.510/0001-43,PERFORMA REAL ESTATE - FUNDO DE INVESTIMENTO IMOBILIÁRIO
PETR3,33.000.167/0001-01,PETROLEO BRASILEIRO S.A. PETROBRAS
PETR4,33.000.167/0001-01,PETROLEO BRASILEIRO S.A. PETROBRAS
PETZ3,18.328.118/0001-09,Pet Center Comércio e Participações S.A.
PFRM3,45.453.214/0001-51,PROFARMA DISTRIB PROD FARMACEUTICOS S.A.
PGMN3,06.626.253/0001-51,EMPREENDIMENTOS PAGUE MENOS S.A.
PINE3,62.144.175/0001-20,BCO PINE S.A
PINE4,62.144.175/0001-20,BCO PINE S.A
PLCA11,41.272.747/0001-86,PLURAL BRB CRÉDITO AGRO - FIAGRO - IMOBILIÁRIO
PLCR11,32.527.683/0001-26,PLURAL RECEBÍVEIS FUNDO DE INVESTIMENTO IMOBILIÁRIO
PLMVA,17.745.307/0001-14,Plamev Administradora de Benefícios de Atenção à Saúde de An
PLO411,13.509.993/0001-73,POLO MULTISETORIAL CI DE FI IMOBILIARIO - RL
PLPL3,24.230.275/0001-80,Plano & Plano Desenvolvimento Imobiliário S.A.
PLRI11,14.080.689/0001-16,POLO FII RECEBIVEIS IMOBILIARIOS I
PMAM3,60.398.369/0004-79,PARANAPANEMA S.A. - EM RECUPERAÇÃO JUDICIAL
PMEP11,10.427.246/0001-06,PRIME P FII
PMFO11,50.135.849/0001-40,SPECIALE REAL ESTATE FOF FII
PMIS11,51.868.778/0001-58,PARAMIS HEDGE FUND FUNDO DE INVESTIMENTO IMOBILIÁRIO - FII
PMOV11,01.636.325/0001-28,PATEO MOINHOS FII RL
PMPV11,01.636.325/0001-28,FII PATEO MOINHOS DE VENTO
PMRV11,12.989.974/0001-29,CAIXA FUNDO DE INVESTIMENTO IMOBILIARIO PORTO MARAVILHA
PNC,04.986.188/0001-40,AGROINDUSTRIAL VERA CRUZ S.A.
PNCR11,50.569.855/0001-06,PANORAMA CREDITO RESIDENCIAL FII
PNDL11,37.899.400/0001-90,PANORAMA DESENVOLVIMENTO LOGÍSTICO - FII
PNLN11,40.887.170/0001-54,PANORAMA LAST MILE SBC FII
PNPR11,26.813.118/0001-22,PANORAMA PROPERTIES - FII
PNRC11,46.157.348/0001-98,PANORAMA REAL ESTATE CREDITO FII
PNVL3,92.665.611/0001-77,DIMED S.A. DISTRIBUIDORA DE MEDICAMENTOS
POMO3,88.611.835/0001-29,MARCOPOLO S.A.
POMO4,88.611.835/0001-29,MARCOPOLO S.A.
PORD11,17.156.502/0001-09,POLO CREDITO IMOBILIARIO - FUNDO DE INVESTIMENTO IMOBILIARIO
PORT3,33.130.691/0001-05,Wilson Sons S.A.
POSI3,81.243.735/0001-48,POSITIVO TECNOLOGIA S.A.
POWE3,26.735.020/0001-02,Focus Energia Holding Participações S.A.
PPAR3,59.789.545/0001-71,POLPAR S.A.
PQAG11,12.978.943/0001-72,PARQUE ANHANGUERA FUNDO DE INVESTIMENTO IMOBILIÁRIO
PQDP11,10.869.155/0001-12,PDPSC FII
PRBC4,14.388.334/0001-99,PARANA BCO S.A.
PRGD11,08.098.114/0001-28,BTG PACTUAL RENDA URBANA FII RESP LIMITADA
PRHO11,65.331.709/0001-15,BTG PRIME HOSP FII
PRIO3,10.629.105/0001-68,PRIO S.A.
PRMN3B,02.291.077/0001-93,PRODUTORES ENERGET.DE MANSO S.A.- PROMAN
PRNR3,18.593.815/0001-97,PRINER SERVIÇOS INDUSTRIAIS S.A.
PRPT3,02.992.449/0001-09,PROMPT PARTICIPACOES S.A.
PRPT3B,02.992.449/0001-09,PROMPT PARTICIPACOES S.A.
PRPY11,09.276.964/0001-31,FII PLANNER 0418 - PROPERTY INVEST FII
PRSN11,14.056.001/0001-62,PERSONALE I FUNDO DE INVESTIMENTO IMOBILIÁRIO - FII
PRSV11,11.281.322/0001-72,PRESIDENTE VARGAS FUNDO DE INVESTIMENTO IMOBILIÁRIO
PRZO11,29.242.809/0001-01,PRAZO EDUCACIONAL - FII - RESPONSABILIDADE LIMITADA
PSSA3,02.149.205/0001-69,PORTO SEGURO S.A.
PTBL3,83.475.913/0001-91,PBG S/A
PTCA11,08.574.411/0001-00,PRÁTICA PRODUTOS S.A.
PTCA3,08.574.411/0001-00,PRÁTICA PRODUTOS S.A.
PTNT3,88.613.658/0001-10,PETTENATI S.A. INDUSTRIA TEXTIL
PTNT4,88.613.658/0001-10,PETTENATI S.A. INDUSTRIA TEXTIL
PULV11,53.018.363/0001-10,FII RBR CRED PULVERIZADO RESPON LIMITADA
PVBI11,35.652.102/0001-76,VBI PRIME FII RL
QAGR11,32.754.734/0001-52,PATRIA AGRO FII RL
QNTS11,27.368.617/0001-10,FUNDO DE INVESTIMENTO IMOB. QUINTAS
QTZD11,55.115.058/0001-72,FII QUARTZO REAL ESTATE DEVELOPMENT MULT
QUAL3,11.992.680/0001-93,QUALICORP CONSULTORIA E CORRETORA DE SEGUROS S.A.
QUSW3,35.791.391/0001-94,QUALITY SOFTWARE S.A.
QVQP3,01.851.771/0001-55,524 PARTICIPACOES S.A.
QVQP3B,01.851.771/0001-55,524 PARTICIPACOES S.A.
RADL3,61.585.865/0001-51,Raia Drogasil S.A.
RAIL3,02.387.241/0001-60,RUMO S.A.
RAIZ4,33.453.598/0001-23,RAÍZEN S.A.
RANI3,92.791.243/0001-03,IRANI PAPEL E EMBALAGEM S.A.
RANI4,92.791.243/0001-03,IRANI PAPEL E EMBALAGEM S.A.
RAPT3,89.086.144/0001-16,RANDONCORP S.A.
RAPT4,89.086.144/0001-16,RANDONCORP S.A.
RBCA11,18.330.535/0001-96,FII PETROS
RBDS11,11.945.604/0001-27,RB CAPITAL DESENVOLVIMENTO RESIDENCIAL II FII - FII
RBED11,13.873.457/0001-52,FUNDO DE INVESTIMENTO IMOBILIÁRIO RB RENDA EDUCACIONAL
RBFF11,17.329.029/0001-14,RIO BRAVO FUNDOS DE INVESTIMENTO IMOBILIÁRIO - FII
RBFM11,17.329.029/0001-14,RIO BRAVO FUNDOS DE INVESTIMENTO IMOBILIÁRIO - FII
RBFY11,62.662.477/0001-90,RIO BRAVO FOR YOU FII
RBHG11,30.647.758/0001-87,RIO BRAVO CRÉDITO IMOBILIÁRIO HIGH GRADE FII
RBHY11,37.899.479/0001-50,RIO BRAVO CRÉDITO IMOB HIGH YIELD FUNDO DE INV. IMOB. - FII
RBIR11,31.161.410/0001-48,RB CAPITAL DESENVOLVIMENTO RESIDENCIAL IV FII
RBNS,59.981.829/0001-65,Rodobens SA
RBOP11,13.500.306/0001-59,FUNDO DE INVESTIMENTO IMOBILIÁRIO RB OPORTUNIDADES - FII
RBRD11,09.006.914/0001-34,RB CAPITAL RENDA II - FII
RBRF11,27.529.279/0001-51,RBR ALPHA FII
RBRI11,32.441.656/0001-36,RBR DESEN III FII RL
RBRK11,53.391.653/0001-05,PATRIA PRIME FII
RBRL11,35.705.463/0001-33,PÁTRIA LOGÍSTICA II FII
RBRM11,26.314.437/0001-93,FII RBR DESENV
RBRP11,21.408.063/0001-51,FUNDO DE INVESTIMENTO IMOBILIARIO PÁTRIA PROPERTIES
RBRR11,29.467.977/0001-03,PATRIA HIGH G FII
RBRS11,36.517.660/0001-91,RIO BRAVO RENDA RESIDENCIAL FII
RBRX11,41.088.458/0001-21,PATRIA PLUS MULT FII
RBRY11,30.166.700/0001-11,PATRIA CREDITO FII
RBTS11,29.299.737/0001-39,RB CAPITAL TFO SITUS FUNDO DE INVESTIMENTO IMOBILIÁRIO - FII
RBVA11,15.576.907/0001-70,RIO BRAVO RENDA VAREJO FII DE RESPONSABILIDADE LIMITADA
RBVO11,15.769.670/0001-44,RIO BRAVO CREDITO IMOBILIARIO II FI IMOBILIARIO
RCFA11,27.771.586/0001-44,GRUPO RCFA FUNDO DE INVESTIMENTO IMOBILIARIO
RCFF11,35.689.670/0001-41,PATRIA D FEEDER FII
RCRB11,03.683.056/0001-86,FUNDO DE INV. IMOBILIÁRIO RIO BRAVO RENDA CORPORATIVA
RCRI11,60.801.196/0001-45,RCRI FII
RCSL3,91.333.666/0001-17,RECRUSUL S.A.
RCSL4,91.333.666/0001-17,RECRUSUL S.A.
RDCI11,34.736.474/0001-18,RBR DESENVOLVIMENTO COMERCIAL I FII
RDLI11,53.391.567/0001-00,RBR DESENV LOG I FII
RDLS11,53.724.231/0001-04,JGP DESENV I FII
RDNI3,67.010.660/0001-24,RNI NEGÓCIOS IMOBILIÁRIOS S.A.
RDOR3,06.047.087/0001-39,Rede D'Or São Luiz S.A.
RECM11,56.430.935/0001-62,REC MULTIESTRATÉGIA - FII RESPONSABILIDADE LTDA
RECR11,28.152.272/0001-26,FII REC RECEBIVEIS IMOBILIARIOS
RECT11,32.274.163/0001-59,FUNDO REC RENDA IMOBILIARIA
RECV3,03.342.704/0001-30,PETRORECÔNCAVO S.A.
RECX11,36.642.356/0001-76,REC FOF FII
REDE3,61.584.140/0001-49,REDE ENERGIA PARTICIPAÇÕES S.A.
REIT11,16.841.067/0001-99,SINGULARE FUNDO DE INVESTIMENTO IMOBILIÁRIO - FII
RELG11,37.112.770/0001-36,FUNDO DE INVESTIMENTO IMOBILIÁRIO REC LOGÍSTICA
REME11,63.051.078/0001-55,RB MULTIESTRATÉGIA IMOBILIÁRIA FII RESPONSABILIDADE LIMITADA
RENT3,16.670.085/0001-55,Localiza Rent a Car S.A.
RENT4,16.670.085/0001-55,Localiza Rent a Car S.A.
RENV11,54.174.907/0001-04,CPV ENERGIA FUNDO DE INVESTIMENTO IMOBILIÁRIO RESP LIMITADA
RFII11,20.717.355/0001-03,LA SHOPPING II CENTERS FUNDO DE INVESTIMENTO IMOBILIARIO
RFOF11,34.027.774/0001-28,FII RB CAPITAL I FOF
RGCC11,13.920.018/0001-53,FII PLANNER 2478 - CICA JUNDIAI FII
RIAA3,08.402.943/0001-52,GUARARAPES CONFECCOES S.A.
RINV11,44.625.612/0001-45,RINV FII
RIOS3,38.199.406/0001-18,RIO ALTO ENERGIAS RENOVÁVEIS S.A.
RLGX11,66.287.781/0001-55,FII REC LOGISTICA II RESPONSABILIDADE LIMITADA
RLMI11,11.233.841/0001-65,REAL MINAS FUNDO DE INVESTIMENTO IMOBILIÁRIO - FII
RMAI11,17.374.696/0001-19,LABINA MULTI ATIVOS IMOBILIÁRIOS - FII
RMBS11,58.366.499/0001-35,REC MASTER FUNDO DE CRI COTAS AMORTIZÁVEIS FII RESP LTDA
RNDP11,15.394.563/0001-89,BB RENDA DE PAPÉIS IMOBILIÁRIOS FUNDO DE INVESTIMENTO IMOBIL
RNEW11,08.534.605/0001-74,RENOVA ENERGIA S.A.
RNEW3,08.534.605/0001-74,RENOVA ENERGIA S.A.
RNEW4,08.534.605/0001-74,RENOVA ENERGIA S.A.
RNGO11,15.006.286/0001-90,FUNDO DE INVESTIMENTO IMOBILIÁRIO RIO NEGRO
RNOV11,28.893.734/0001-66,IMMOB I FII
ROMI3,56.720.428/0001-63,ROMI S.A.
ROOF11,38.456.598/0001-09,FII ROOFTOP I
RPAD3,17.167.396/0001-69,ALFA HOLDINGS S.A.
RPAD5,17.167.396/0001-69,ALFA HOLDINGS S.A.
RPAD6,17.167.396/0001-69,ALFA HOLDINGS S.A.
RPMG3,33.412.081/0001-96,REFINARIA DE PETROLEOS MANGUINHOS S.A.
RPOR11,12.927.767/0001-40,FUNDO DE INVESTIMENTO IMOBILIARIO DA REGIAO DO PORTO
RPRI11,42.502.842/0001-91,RBR PREMIUM RECEBÍVEIS IMOB FUNDO INVESTIMENTO IMOBILIÁRIO
RRCI11,35.689.733/0001-60,XLPR FII RESPONSABILIDADE LIMITADA
RRRP3,12.091.809/0001-55,3R Petroleum Óleo e Gás S.A.
RSID3,61.065.751/0001-80,ROSSI RESIDENCIAL S.A. - EM RECUPERAÇÃO JUDICIAL
RSPD11,19.249.989/0001-08,RB CAPITAL DESENVOLVIMENTO RESIDENCIAL III FII - FII
RSUL3,85.778.074/0001-06,METALURGICA RIOSULENSE S.A.
RSUL4,85.778.074/0001-06,METALURGICA RIOSULENSE S.A.
RTEL11,43.862.625/0001-75,BRC II FII - RESPONSABILIDADE LIMITADA
RVBI11,35.507.457/0001-71,PATRIA SECURITIES FII - RESPONSABILIDADE LIMITADA
RVEE3,52.841.191/0001-18,REVEE S.A.
RWYM11,14.088.246/0001-71,FUNDO DE INVESTIMENTO IMOBILIÁRIO RAILWAY MALL I - FII
RZAG11,40.413.979/0001-44,FIAGRO RIZA AGRO IMOBILIÁRIO
RZAK11,36.642.219/0001-31,RIZA AKIN FII RL
RZAT11,28.267.696/0001-36,RIZA ARCTIUM FII RL
RZDS11,50.750.438/0001-65,RIZA DOMUS FII
RZNE11,45.938.137/0001-20,RIZA NERO FI NAS CADEIAS PRODUTIVAS AGRO-FIAGRO - FIP
RZRM11,67.046.949/0001-01,FII RIZA MALLS RPPS
RZTR11,36.501.128/0001-86,FUNDO DE INVESTIMENTO IMOBILIÁRIO RIZA TERRAX
RZZI11,54.134.474/0001-55,RAIZZ DESENV II FII
RZZV11,51.786.271/0001-55,RAIZZ DESENV FII
SADI11,32.903.521/0001-45,SAM - SANTANDER PAPEIS IMOBILIARIOS CDI FII RL
SAIC11,17.311.079/0001-74,FUNDO DE INVESTIMENTO IMOBILIÁRIO - FII SIA CORPORATE
SALI11,36.669.535/0001-05,VENUS FUNDO DE INVESTIMENTO IMOBILIÁRIO
SALT3,17.765.891/0001-70,Grupo Salta Educação S.A.
SALT4,17.765.891/0001-70,Grupo Salta Educação S.A.
SANB11,90.400.888/0001-42,BCO SANTANDER (BRASIL) S.A.
SANB3,90.400.888/0001-42,BCO SANTANDER (BRASIL) S.A.
SANB4,90.400.888/0001-42,BCO SANTANDER (BRASIL) S.A.
SAPI11,51.646.298/0001-42,SAM - SANTANDER PAPEIS IMOBILIARIOS FII RL
SAPR11,76.484.013/0001-45,CIA SANEAMENTO DO PARANA - SANEPAR
SAPR3,76.484.013/0001-45,CIA SANEAMENTO DO PARANA - SANEPAR
SAPR4,76.484.013/0001-45,CIA SANEAMENTO DO PARANA - SANEPAR
SAUD3,58.119.199/0001-51,BRADSAÚDE S.A.
SBFG3,13.217.485/0001-11,Grupo SBF S.A.
SBFI11,17.198.500/0001-82,SB FI NAS CADEIAS PRODUTIVAS AGROINDUSTRIAIS FIAGRO
SBSP3,43.776.517/0001-80,CIA SANEAMENTO BASICO EST SAO PAULO
SC303,82.981.929/0001-03,CIA INDUSTRIAL SCHLOSSER S.A.
SCAR3,29.780.061/0001-09,SAO CARLOS EMPREEND E PARTICIPACOES S.A.
SCL04,82.981.929/0001-03,CIA INDUSTRIAL SCHLOSSER S.A.
SCOO11,28.216.384/0001-01,SICOOB AGÊNCIAS FUNDO DE INVESTIMENTO IMOBILIÁRIO
SCPF11,01.657.856/0001-05,SCP - FUNDO DE INVESTIMENTO IMOBILIÁRIO
SEED11,35.689.497/0001-81,HEDGE SEED FUNDO DE INVESTIMENTO IMOBILIÁRIO
SEER3,04.986.320/0001-13,SER EDUCACIONAL S.A.
SEIVA,87.043.832/0001-73,SEIVA S.A. - FLORESTAS E INDÚSTRIAS
SEQL3,01.599.101/0001-93,SEQUOIA LOGÍSTICA E TRANSPORTES S.A.
SEQR11,09.517.273/0001-82,SEQUÓIA III RENDA IMOBILIÁRIA FII
SFND11,09.350.920/0001-04,FUNDO DE INVESTIMENTO IMOBILIÁRIO SÃO FERNANDO
SGPS3,07.718.269/0001-57,SPRINGS GLOBAL PARTICIPACOES S.A.
SHDP11,07.224.019/0001-60,SPDP FII RL
SHIP11,57.682.963/0001-30,RBR FLAGSHIP I FII
SHOP11,22.459.737/0001-00,MULTI SHOPPINGS FII RESPONSABILIDADE LIMITADA
SHOW3,02.860.694/0001-62,T4F ENTRETENIMENTO S.A.
SHPG11,17.568.605/0001-86,MAIS SHOPPING FII RL
SHPH11,03.507.519/0001-59,SHOPPING PÁTIO HIGIENÓPOLIS FII DE RESPONSABILIDADE LIMITADA
SHPP11,59.090.726/0001-05,SHOP PT PAULISTA FII
SHUL3,84.693.183/0001-68,SCHULZ S.A.
SHUL4,84.693.183/0001-68,SCHULZ S.A.
SIGR11,40.011.324/0001-40,ALIANZA CRÉDITO FII
SIMH3,07.415.333/0001-20,SIMPAR S.A.
SJAU11,27.771.547/0001-47,SJ AU LOGÍSTICA FII
SJOS,17.159.005/0001-64,FIACAO E TECELAGEM SAO JOSE SA EM RECUPERACAO JUDICIAL
SLCE3,89.096.457/0001-55,SLC AGRICOLA S.A.
SLDZ11,49.361.020/0001-87,FII LAV SLDZ DESENVOLVIMENTO IMOBILIARIO
SLED3,60.500.139/0001-26,SARAIVA LIVREIROS S.A. - EM RECUPERAÇÃO JUDICIAL
SLED4,60.500.139/0001-26,SARAIVA LIVREIROS S.A. - EM RECUPERAÇÃO JUDICIAL
SMFT3,07.594.978/0001-78,SMARTFIT ESCOLA DE GINÁSTICA E DANÇA S.A.
SMRE11,53.730.029/0001-95,FII SMART REAL ESTATE - FII RL
SMTO3,51.466.860/0001-56,SAO MARTINHO S.A.
SNAG11,28.152.777/0001-90,SUNO AGRO - FIAGRO - IMOBILIARIO
SNCI11,41.076.710/0001-82,SUNO CRI FII RL
SNEL11,43.741.171/0001-84,FUNDO DE INVESTIMENTO IMOBILIÁRIO SUNO ENERGIAS LIMPAS
SNFF11,40.011.225/0001-68,SUNO FOF FII RL
SNFZ11,53.313.475/0001-02,SUNO FAZENDAS FIAGRO-IMOBILIARIO
SNLG11,40.041.711/0001-29,SUNO LOG FUNDO DE INVESTIMENTO IMOBILIARIO
SNME11,52.227.760/0001-30,SUNO MULT FII RL
SNSY3,14.807.945/0001-24,SANSUY S.A. INDUSTRIA DE PLASTICOS
SNSY5,14.807.945/0001-24,SANSUY S.A. INDUSTRIA DE PLASTICOS
SNSY6,14.807.945/0001-24,SANSUY S.A. INDUSTRIA DE PLASTICOS
SOFF11,57.811.221/0001-67,FUNDO DE INVESTIMENTOS IMOBILIARIO SOFIA
SOJA3,10.807.374/0001-77,BOA SAFRA SEMENTES S.A.
SOLR11,22.169.671/0001-13,SOLARIUM FII - FUNDO DE INVESTIMENTO IMOBILIÁRIO
SOMA3,10.285.590/0001-08,GRUPO DE MODA SOMA S.A.
SOND3,33.386.210/0001-19,SONDOTECNICA ENGENHARIA SOLOS S.A.
SOND5,33.386.210/0001-19,SONDOTECNICA ENGENHARIA SOLOS S.A.
SOND6,33.386.210/0001-19,SONDOTECNICA ENGENHARIA SOLOS S.A.
SPAF11,18.311.024/0001-27,SPA FUNDO DE INVESTIMENTO IMOBILIÁRIO
SPDE11,43.741.150/0001-69,WHG FINVEST SP REALTY FII
SPG211,57.077.139/0001-50,SPGM II FUNDO DE INVESTIMENTO IMOBILIÁRIO
SPMO11,40.225.262/0001-79,SUPREMO FUNDO DE INVESTIMENTO IMOBILIÁRIO
SPRT3B,02.338.534/0001-58,LONGDIS S.A.
SPTW11,43.951.941/0001-13,FLFC FUNDO DE INVESTIMENTO IMOBILIÁRIO
SPVJ11,27.538.422/0001-71,FUNDO IMOBILIÁRIO SUCCESPAR
SPXD11,59.718.930/0001-28,SPX FEEDER GALAP FII
SPXL11,55.074.554/0001-25,SPX RE RPPS FII
SPXM11,57.378.678/0001-20,SPX RE BRAD FII
SPXS11,43.010.543/0001-00,SPX REAL ESTATE FII
SPXT11,66.298.955/0001-85,SPX RENDA III FII
SQIA3,04.065.791/0001-99,Sinqia S.A.
SRNA3,42.500.384/0001-51,SERENA ENERGIA S.A.
SRVD11,38.082.796/0001-41,SERRA SUL FUNDO DE INVESTIMENTO IMOBILIÁRIO RESP ILIMITADA
STBP11,02.762.121/0001-04,SANTOS BRASIL PARTICIPACOES S.A.
STKF3,00.622.416/0001-41,STATKRAFT ENERGIAS RENOVAVEIS S.A.
STMB11,49.935.515/0001-72,STONEX MB CREDITO AGRO FIAGRO-IMOBILIÁRIO
STPB3,02.762.121/0001-04,SANTOS BRASIL PARTICIPACOES S.A.
STRX11,11.044.355/0001-07,STARX FII RESPONSABILIDADE LIMITADA
STRY11,66.060.256/0001-00,HEDGE STRATEGY FII DE RL
STYI11,59.678.586/0001-90,STRIVO YIELD FUNDO DE INVESTIMENTO IMOBILIÁRIO
SULA11,29.978.814/0001-87,SUL AMERICA S.A.
SULA3,29.978.814/0001-87,SUL AMERICA S.A.
SULA4,29.978.814/0001-87,SUL AMERICA S.A.
SUZB3,16.404.287/0001-55,SUZANO S.A.
SYNE3,08.801.621/0001-86,SYN PROP & TECH S.A.
TAEE11,07.859.971/0001-30,TRANSMISSORA ALIANÇA DE ENERGIA ELÉTRICA S.A.
TAEE3,07.859.971/0001-30,TRANSMISSORA ALIANÇA DE ENERGIA ELÉTRICA S.A.
TAEE4,07.859.971/0001-30,TRANSMISSORA ALIANÇA DE ENERGIA ELÉTRICA S.A.
TAGI11,12.811.222/0001-73,FII PLANNER 2481 - FII OAR
TASA3,92.781.335/0001-02,TAURUS ARMAS S.A.
TASA4,92.781.335/0001-02,TAURUS ARMAS S.A.
TCIN11,34.197.700/0001-30,G5 CIDADE NOVA FUNDO DE INVESTIMENTO IMOBILIÁRIO
TCNO3,33.111.246/0001-90,TECNOSOLO ENGENHARIA S.A. - EMPRESA FALIDA
TCNO4,33.111.246/0001-90,TECNOSOLO ENGENHARIA S.A. - EMPRESA FALIDA
TCPF11,26.990.011/0001-50,TREECORP REAL ESTATE FII - RESPONSABILIDADE LIMITADA
TCSA3,08.065.557/0001-12,TECNISA S.A.
TECN3,09.295.063/0001-97,TECHNOS S.A.
TEGA,30.213.493/0001-09,TEGRA INCORPORADORA S.A.
TEKA3,82.636.986/0001-55,TEKA-TECELAGEM KUEHNRICH S.A. - Em Recuperação Judicial
TEKA4,82.636.986/0001-55,TEKA-TECELAGEM KUEHNRICH S.A. - Em Recuperação Judicial
TELB3,00.336.701/0001-04,TELEC BRASILEIRAS S.A. TELEBRAS
TELB4,00.336.701/0001-04,TELEC BRASILEIRAS S.A. TELEBRAS
TELD11,36.200.701/0001-11,TELLUS DESENVOLVIMENTO LOGÍSTICO FUNDO DE INV. IMOBILIÁRIO
TELM11,45.188.099/0001-35,TELLUS MULTI FII RL
TEND3,71.476.527/0001-35,CONSTRUTORA TENDA S.A.
TEPP11,26.681.370/0001-25,FII TELLUS PROP
TFCO4,59.418.806/0001-47,TRACK & FIELD CO S.A.
TGAR11,25.032.881/0001-53,FII TG ATIVO REAL
TGMA3,02.351.144/0001-18,TEGMA GESTAO LOGISTICA S.A.
TIMA11,14.149.745/0001-21,ARENA FUNDO DE INVESTIMENTO IMOBILIÁRIO - FII
TIMS3,02.421.421/0001-11,TIM S.A.
TINF11,66.174.532/0001-53,RBR TESOURARIA IPCA FII RESPONSABILIDADE LTDA
TIOM11,63.420.458/0001-10,TIVIO OPPORTUNITIES MASTER FII
TJKB11,39.714.024/0001-48,TJK RENDA IMOBILIARIA FII - RESPONSABILIDADE LIMITADA
TKNO3,33.467.572/0001-34,TEKNO S.A. - INDUSTRIA E COMERCIO
TKNO4,33.467.572/0001-34,TEKNO S.A. - INDUSTRIA E COMERCIO
TMFI11,23.570.871/0001-46,TM FII RL
TMPS11,42.737.077/0001-99,ITAÚ TEMPUS FUNDO DE INVESTIMENTO IMOBILIÁRIO
TOKY3,31.553.627/0001-01,GRUPO TOKY S.A. - EM RECUPERAÇÃO JUDICIAL
TOPP11,56.805.391/0001-76,PATRIA TOP OFF FII
TORD11,30.230.870/0001-18,TORDESILHAS EI FII
TOTS3,53.113.791/0001-22,TOTVS S.A.
TPIS3,03.014.553/0001-91,TPI - TRIUNFO PARTICIP. E INVEST. S.A.
TPOS11,66.173.986/0001-00,RBR TESOURARIA CDI FII RESPONSABILIDADE LTDA
TRAD3,26.345.998/0001-50,TC S.A.
TRBL11,16.671.412/0001-93,TELLUS RIO BRAVO RENDA LOGISTICA FII DE RESP LTDA
TRCO11,62.173.370/0001-88,FII TORRE RIO CLARO OFFICES - RESPONSABILIDADE LIMITADA
TREV11,13.703.596/0001-38,TREVISO FUNDO DE INVESTIMENTO IMOBILIÁRI
TRIS3,08.811.643/0001-27,TRISUL S.A.
TRNT11,04.722.883/0001-02,TORRE NORTE FII
TRPL15,63.320.393/0001-30,TERRAS PAULISTAS FI IMOBILIÁRIO DE PERMUTAS RESP LIMITADA
TRPL3,02.998.611/0001-04,CTEEP - CIA TRANSMISSÃO ENERGIA ELÉTRICA PAULISTA
TRPL4,02.998.611/0001-04,CTEEP - CIA TRANSMISSÃO ENERGIA ELÉTRICA PAULISTA
TRRF11,13.320.290/0001-00,FII TERRA RL
TRXB11,36.368.925/0001-37,TRX REAL ESTATE II FUNDO DE INVESTIMENTO IMOBILIÁRIO - FII
TRXF11,63.134.454/0001-75,LIQUIDEZ PROJETOS GD FI IMOBILIÁRIO RESP LIMITADA
TRXR3,82.982.075/0001-80,TEXTIL RENAUXVIEW S.A.
TRXY11,43.985.938/0001-10,TRX HEDGE FII
TSER11,34.847.042/0001-84,PRIME OFFICES FUNDO DE INVESTIMENTO IMOBILIÁRIO - RESP LTDA
TSNC11,17.007.443/0001-07,TRANSINC FII RL
TTEN3,94.813.102/0001-70,Três Tentos Agroindustrial S/A
TUPY3,84.683.374/0001-49,TUPY S.A.
TVMO11,67.903.762/0001-79,TIVIO MALLS OPPORTUNITTIES II
TVOI11,63.009.499/0001-18,TIVIO OPPORTUNITIES IPCA FII
TWNI11,19.628.741/0001-40,FII MORUMBI TOWN RL
TXRX4,82.982.075/0001-80,TEXTIL RENAUXVIEW S.A.
UCAS3,90.441.460/0001-48,UNICASA INDÚSTRIA DE MÓVEIS S.A.
UGPA3,33.256.439/0001-39,ULTRAPAR PARTICIPACOES S.A.
UMED11,41.114.606/0001-35,F.I.I UNIMED INVESTCOOP NACIONAL RESPONS. LIMITADA
UNIP3,33.958.695/0001-78,UNIPAR CARBOCLORO S.A.
UNIP5,33.958.695/0001-78,UNIPAR CARBOCLORO S.A.
UNIP6,33.958.695/0001-78,UNIPAR CARBOCLORO S.A.
UPKP3,02.162.616/0001-94,UPTICK PARTICIPACOES S.A. - EM LIQUIDAÇÃO
UPKP3B,02.162.616/0001-94,UPTICK PARTICIPACOES S.A.
URHF11,52.649.350/0001-87,URCA HEDGE FUND MULTIESTRATÉGIA IMOBILIÁ
URPR11,34.508.872/0001-87,URCA PRIME RENDA FI IMOBILIÁRIO
USIM3,60.894.730/0001-05,USINAS SID DE MINAS GERAIS S.A.-USIMINAS
USIM5,60.894.730/0001-05,USINAS SID DE MINAS GERAIS S.A.-USIMINAS
USIM6,60.894.730/0001-05,USINAS SID DE MINAS GERAIS S.A.-USIMINAS
VAHF11,51.658.280/0001-60,FIAGRO VALORA
VALE3,33.592.510/0001-54,VALE S.A.
VAMO3,23.373.000/0001-32,"VAMOS LOCAÇÃO DE CAMINHÕES, MÁQUINAS E EQUIPAMENTOS S.A."
VBBR3,34.274.233/0001-02,VIBRA ENERGIA S/A
VCJR11,32.400.250/0001-05,VECTIS JUROS REAL FUNDO DE INVESTIMENTO IMOBILIÁRIO - FII
VCRA11,42.502.827/0001-43,VECTIS DATAGRO CRÉDITO AGRONEGÓCIO FI LTDA
VCRI11,41.081.374/0001-66,VINCI CREDIT SECURITIES FUNDO DE INVESTIMENTO IMOBILIARIO
VCRR11,40.041.723/0001-53,PATRIA RENDA RESIDENCIAL FII RESPONSABILIDADE LIMITADA I
VDCD11,60.079.651/0001-40,VERDE A&I CEDRO PORTFOLIO RENDA FII
VDSV14,43.951.875/0001-81,VIC DESENVOLVIMENTO VINTAGE 22/23 FII
VERE11,08.693.497/0001-82,FUNDO DE INVESTIMENTO IMOBILIÁRIO VEREDA
VGHF11,36.771.692/0001-19,VALORA HEDGE FII
VGIA11,41.081.088/0001-09,VALORA CRA FUNDO DE I. NAS C. P. A. - FIAGRO R. LIMITADA
VGII11,52.649.680/0001-72,VALORA CRI INFRA FII II
VGIP11,34.197.811/0001-46,VALORA CRI FII RL
VGIR11,29.852.732/0001-91,VALORA CRI CDI FII
VGPR11,50.180.894/0001-17,VALORA PREMIUM - FII
VGRD11,66.873.762/0001-00,VGR DESENVOLVIMENTO RES FII RESP
VGRI11,53.656.482/0001-07,VALORA RENDA IMOBILIARIA FII
VGRM11,63.946.968/0001-25,VALORA CRI II CDI FL MENSAL 26/03 FEEDER
VICA11,44.614.833/0001-18,VINCI CRÉDITO AGRO FIAGRO - RESPONSABILIDADE LIMITADA
VIDS11,32.527.552/0001-49,VIC DESENVOLVIMENTO 20/21 FII
VIFI11,31.547.855/0001-60,VINCI INSTRUMENTOS FINANCEIROS FII
VIIA3,33.041.260/0652-90,VIA S.A.
VILG11,24.853.044/0001-22,VINCI LOGISTICA FUNDO DE INVESTIMENTO IMOBILIARIO
VIMO11,59.306.587/0001-04,VINCI MOZAK RESIDENCIAL II FII RESP LTDA
VINO11,12.516.185/0001-70,VINCI OFFICES FUNDO DE INVESTIMENTO IMOBILIÁRIO
VIOL11,57.909.000/0001-26,VINCI OPORT LOG FII
VISC11,17.554.274/0001-25,VINCI SHOPPING CENTERS FUNDO DE INVESTIMENTO IMOBILIÁRIO-FII
VITT3,45.365.558/0001-09,VITTIA S.A.
VIUR11,36.445.587/0001-90,VINCI IMÓVEIS URBANOS FII - RESP LTDA
VIVA3,33.839.910/0001-11,Vivara Participações S.A.
VIVR3,67.571.414/0001-41,VIVER INCORPORADORA E CONSTRUTORA S.A.
VIVT3,02.558.157/0001-62,TELEFÔNICA BRASIL S.A
VJFD11,15.489.509/0001-17,JFDCAM FUNDO DE INVESTIMENTO IMOBILIÁRIO - FII
VLID3,33.113.309/0001-47,VALID SOLUÇÕES S.A.
VLJS11,13.842.683/0001-76,VECTOR QUELUZ LAJES CORPORATIVAS FUNDO DE INVESTIMENTO IMOB
VLQI11,58.698.057/0001-96,VINCI INSTRUMENTOS FINANCEIROS 3 FII
VNSS11,63.952.812/0001-57,VENUS 11 FUNDO DE INVESTIMENTO EM COTAS
VOTS11,17.870.926/0001-30,TIVIO SECURITIES FUNDO DE INVESTIMENTO IMOBILIÁRIO
VPPR11,30.654.849/0001-40,V2 PRIME PROPERTIES. FII
VPSI11,14.721.889/0001-00,FUNDO DE INVESTIMENTO IMOBILIARIO POLO SHOPPING INDAIATUBA
VRCD11,26.452.179/0001-01,FII PLANNER 2593 - VIRACONDO FII
VREF11,16.924.913/0001-34,VISTA REAL ESTATE FUNDO DE INVESTIMENTO IMOBILIÁRIO
VRTA11,11.664.201/0001-00,FATOR VERITA FII
VRTM11,51.870.412/0001-13,FATOR VERITA MULTIESTRATÉGIA FII
VSEC11,10.347.505/0001-80,FUNDO DE INVESTIMENTO IMOBILIÁRIO VOTORANTIM SECURITIES
VSHO11,23.740.595/0001-17,FUNDO DE INVESTIMENTO IMOBILIÁRIO VOTORANTIM SHOPPING
VSLH11,36.244.015/0001-42,VERSALHES RECEBÍVEIS IMOBILIÁRIOS FII
VSPT3,00.924.429/0001-75,FERROVIA CENTRO-ATLANTICA S.A.
VSPT4,00.924.429/0001-75,FERROVIA CENTRO-ATLANTICA S.A.
VSTE3,49.669.856/0001-43,VESTE S.A. ESTILO
VTBL11,20.265.467/0001-70,FII HIERON BERLIM
VTLT11,27.368.600/0001-63,FUNDO DE INVESTIMENTO IMOBILIÁRIO VOTORANTIM LOGÍSTICA
VTPA11,21.500.481/0001-74,FII PATRIMONIAL V  RESPONSABILIDADE LTDA
VTPL11,15.098.422/0001-19,PLUS FII
VTRU3,20.512.706/0001-40,VITRU EDUCAÇÃO S.A.
VTVI11,21.500.514/0001-86,PARKING PARTNERS FUNDO DE INVESTIMENTO IMOBILIÁRIO - FII
VTXI11,23.740.552/0001-31,FUNDO DE INVESTIMENTO IMOBILIÁRIO VOTORANTIM PATRIMONIAL XII
VULC3,50.926.955/0001-42,VULCABRAS S.A.
VVCR11,23.120.027/0001-13,V2 RECEBÍVEIS FII RL
VVDI11,66.661.365/0001-75,V2 RECEBIVEIS CDI FII RESPONSABILIDADE LIMITADA
VVEO3,12.420.164/0001-57,CM Hospitalar S.A
VVRI11,49.184.940/0001-77,V2 RENDA IMOB FII RL
VXXV11,30.982.974/0001-89,GENESIS MULTIESTRATÉGIA  FII
WEGE3,84.429.695/0001-11,WEG S.A.
WEST3,14.776.142/0001-50,WESTWING COMÉRCIO VAREJISTA S.A.
WHGR11,41.256.643/0001-88,WHG REAL ESTATE FII
WHRL3,59.105.999/0001-86,WHIRLPOOL S.A.
WHRL4,59.105.999/0001-86,WHIRLPOOL S.A.
WIZC3,42.278.473/0001-03,WIZ CO PARTICIPAÇÕES E CORRETAGEM DE SEGUROS S.A.
WIZS3,42.278.473/0001-03,WIZ SOLUÇÕES E CORRETAGEM DE SEGUROS S.A.
WLMM3,33.228.024/0001-51,WLM PART. E COMÉRCIO DE MÁQUINAS E VEÍCULOS S.A.
WLMM4,33.228.024/0001-51,WLM PART. E COMÉRCIO DE MÁQUINAS E VEÍCULOS S.A.
WPLZ11,09.326.861/0001-39,SHOPPING WEST PLAZA FUNDO DE INVESTIMENTO IMOBILIARIO
WSEC11,43.440.579/0001-16,WARREN SECURITIES FII
WTSP11,28.693.595/0001-27,FII OURINVEST RE I - RESPONSABILIDADE LIMITADA
XBXO11,36.814.809/0001-02,R CAP 1810 - FUNDO DE INVESTIMENTO IMOBILIÁRIO
XPAG11,43.741.189/0001-86,XP CRÉDITO AGRO - FI NAS CADEIAS PRODUTIVAS AGROINDUSTRIAIS
XPCA11,41.269.527/0001-01,XP CRÉDITO AGRÍCOLA-FUNDO DE INVESTIMENTO NAS CADEIAS PROD
XPCE11,24.853.060/0001-15,FII XPCE RE
XPCI11,28.516.301/0001-91,XP CREDITO IMOBILIÁRIO FII
XPCM11,16.802.320/0001-03,XP CORPORATE MACAÉ FUNDO DE INVESTIMENTO IMOBILIÁRIO
XPGC11,51.385.048/0001-04,FII XP GRUPO CARNAÚBA
XPHB11,50.385.179/0001-10,XP HABITAT FUNDO DE INVESTIMENTO IMOBILIÁRIO
XPHF11,52.357.468/0001-31,XP HEDGE FUND FUNDO DE INVESTIMENTO IMOBILIÁRIO - FII
XPIN11,28.516.325/0001-40,INVISTA INDUSTRIAL FII
XPLG11,26.502.794/0001-85,XP LOG FII RL
XPML11,28.757.546/0001-00,XP MALLS FII
XPPR11,30.654.849/0001-40,V2 PRIME PROPERTIES FII
XPSF11,30.983.020/0001-90,XP SELECTION FUNDO DE INVESTIMENTO IMOBILIÁRIO - FII
XTED11,15.006.267/0001-63,V2 ED CORP FII RL
YAGO11,18.265.829/0001-81,YAGO FUNDO DE INVESTIMENTO IMOBILIÁRIO
YBRA3,02.217.319/0001-07,YBYRÁ CAPITAL S.A.
YBRA3B,02.217.319/0001-07,YBYRÁ S.A.
YBRA4,02.217.319/0001-07,YBYRÁ CAPITAL S.A.
YBRA4B,02.217.319/0001-07,YBYRÁ S.A.
YDUQ3,08.807.432/0001-10,YDUQS PARTICIPACOES S.A.
YEES11,51.385.174/0001-50,HEDGE YEES HABITAÇÕES ECONÔMICAS FII
YUFI11,36.445.551/0001-06,YUCA FUNDO DE INVESTIMENTO IMOBILIARIO
ZAGH11,63.034.711/0001-05,CL MARIA LOPRETE FI IMOBILIÁRIO - FII
ZAMP3,13.574.594/0001-96,ZAMP SA
ZAVC11,52.101.897/0001-43,ZAVIT CREDITO IMOBILIARIO FII RESP LIMITADA
ZAVI11,40.575.940/0001-23,FII ZAVIT REAL ESTATE FUND
ZIFI11,35.820.768/0001-96,ZION CAPITAL FUNDO DE INVESTIMENTO IMOBILIÁRIO - FII RL
