nome,classe,ticker,primeiro,ultimo
,CI,ALZR11,2026-07-17,2026-07-17
,CI,APXM11,2026-07-17,2026-07-17
,CI,BPML11,2026-07-17,2026-07-17
,CI,BTAL11,2026-07-17,2026-07-17
,CI,EQIR11,2026-07-17,2026-07-17
,CI,EXES11,2026-07-17,2026-07-17
,CI,FCFL11,2026-07-17,2026-07-17
,CI,HSRE11,2026-07-17,2026-07-17
,CI,ITRI11,2025-10-01,2025-10-03
,CI,KIVO11,2025-10-01,2025-10-03
,CI,KNHF11,2025-10-01,2025-10-03
,CI,TJKB11,2026-07-17,2026-07-17
,DRE,BQYL39,2026-07-17,2026-07-17
,DRN,C1RR34,2026-07-17,2026-07-17
,DRN,CATP34,2026-07-17,2026-07-17
,DRN,COLG34,2026-07-17,2026-07-17
,DRN,D1EL34,2026-07-17,2026-07-17
21SH BASKET,DRE,BASK39,2025-09-25,2026-09-18
21SH BITCOIN,DRE,CBTC39,2025-10-03,2026-10-05
21SH CARDANO,DRE,AADA39,2025-09-25,2026-10-05
21SH ETHEREU,DRE,AETH39,2025-09-25,2026-08-31
21SH SOLANA,DRE,SOLN39,2025-10-27,2026-10-01
21SH XRP ETP,DRE,AXRP39,2025-09-25,2026-10-05
3M,DRN,MMMC34,2015-01-02,2026-10-05
3R PETROLEUM,DIR,RRRP1,2023-04-20,2023-05-17
3R PETROLEUM,ON,RRRP3,2020-11-12,2024-09-06
3R PETROLEUM,ON,RRRP9,2023-05-23,2023-06-09
3TENTOS,ON,TTEN3,2021-07-12,2026-10-05
AB INBEV,DRN,ABUD34,2019-10-25,2026-10-05
ABB LTD,DRN,A1BB34,2020-10-22,2023-05-17
ABBOTT,DRN,ABTT34,2015-01-20,2026-10-05
ABBVIE,DRN,ABBV34,2016-06-06,2026-10-05
ABC BRASIL,DIR,ABCB2,2015-01-08,2026-07-28
ABC BRASIL,PN,ABCB10,2015-02-13,2026-10-05
ABC BRASIL,PN,ABCB4,2015-01-02,2026-10-05
ABDEN GOLD,DRE,ABGD39,2022-06-06,2026-10-05
ABDEN SILV,DRE,SIVR39,2022-05-18,2026-10-05
ABDEN SILV,DRN,SIVR39,2022-04-27,2022-04-27
ABIOMED INC,DRN,A1BM34,2020-02-18,2022-12-05
ABRDN PMETAL,DRE,G1TR39,2025-10-23,2026-09-16
ABRIL EDUCA,ON,ABRE3,2015-01-02,2015-07-27
ACADEMY SPOR,DRN,A2SO34,2022-07-11,2026-09-24
ACCENTURE,DRN,ACNB34,2015-08-27,2026-10-05
ACO ALTONA,DIR,EALT1,2026-05-07,2026-05-13
ACO ALTONA,DIR,EALT2,2026-04-30,2026-05-27
ACO ALTONA,ON,EALT3,2015-08-10,2026-10-05
ACO ALTONA,PN,EALT10,2026-06-24,2026-07-29
ACO ALTONA,PN,EALT4,2015-01-02,2026-10-05
ACTIVISION,DRN,ATVI34,2019-07-11,2023-10-13
ADOBE INC,DRN,ADBE34,2019-05-13,2026-10-05
ADVANCE AUTO,DRN,A1AP34,2020-02-07,2026-10-05
ADVANCED MIC,DRN,A1MD34,2020-01-07,2026-10-05
ADVANCED-DH,DIR,ADHM1,2020-02-06,2020-04-01
ADVANCED-DH,ON,ADHM3,2017-01-02,2020-12-28
AEGON LTD,DRN,A1EG34,2023-10-02,2026-10-05
AEGON NV,DRN,A1EG34,2020-10-27,2023-09-26
AERIS,ON,AERI3,2020-11-11,2026-10-05
AES BRASIL,DIR,AESB1,2022-08-12,2024-09-20
AES BRASIL,ON,AESB3,2021-03-29,2024-10-31
AES BRASIL,ON,AESB9,2022-09-13,2022-10-03
AES CORP,DRN,A1ES34,2020-02-28,2026-10-01
AES ELPA,ON,AELP3,2015-01-02,2018-09-05
AES TIETE,ON,GETI3,2015-01-02,2015-12-30
AES TIETE,PN,GETI4,2015-01-02,2015-12-30
AES TIETE E,DIR,TIET1,2016-08-26,2019-09-06
AES TIETE E,DIR,TIET12,2016-08-23,2019-09-06
AES TIETE E,DIR,TIET2,2016-08-26,2019-09-06
AES TIETE E,ON,TIET3,2016-01-14,2021-03-26
AES TIETE E,PN,TIET4,2016-01-04,2021-03-26
AES TIETE E,UNT,TIET11,2016-01-04,2021-03-26
AETNA INC,DRN,AETB34,2016-10-03,2018-11-26
AFLAC INC,DRN,A1FL34,2020-02-26,2026-10-01
AFLUENTE,ON,AFLU3,2015-02-18,2017-11-22
AFLUENTE,PNA,AFLU5,2017-11-16,2017-11-23
AFLUENTE T,ON,AFLT3,2015-02-19,2026-10-05
AFYA LTD,DRN,A2FY34,2023-07-24,2026-10-05
AGCONCESSOES,ON,ANDG3B,2019-02-28,2019-03-01
AGILENT TECH,DRN,A1GI34,2020-03-03,2026-10-02
AGNT INC,DRN,A1GT34,2026-07-31,2026-07-31
AGREE REALTY,DRN,A1DC34,2025-08-18,2026-10-05
AGROGALAXY,DIR,AGXY1,2024-05-07,2024-05-31
AGROGALAXY,ON,AGXY3,2021-07-26,2026-10-05
AIG GROUP,DRN,AIGB34,2016-10-10,2026-10-05
AIR PRODUCTS,DRN,A1PD34,2020-02-18,2026-10-05
AIRBNB,DRN,AIRB34,2021-02-01,2026-10-05
AKAMAI TECHN,DRN,A1KA34,2020-02-07,2026-10-05
ALASKA AIR G,DRN,A1LK34,2020-03-03,2026-09-18
ALBEMARLE CO,DRN,A1LB34,2020-02-14,2026-10-05
ALCOA,DRN,AALC34,2016-08-01,2016-11-07
ALCON INC,DRN,A2LC34,2022-03-24,2026-08-18
ALEXANDRIA R,DRN,A1RE34,2020-05-04,2026-10-05
ALEXION PHAR,DRN,A1LX34,2019-12-23,2021-07-19
ALFA CONSORC,ON,BRGE3,2015-01-13,2024-03-27
ALFA CONSORC,PNA,BRGE5,2015-06-29,2024-03-08
ALFA CONSORC,PNB,BRGE6,2015-04-22,2024-03-26
ALFA CONSORC,PNC,BRGE7,2015-08-27,2024-03-04
ALFA CONSORC,PND,BRGE8,2015-01-19,2024-03-06
ALFA CONSORC,PNE,BRGE11,2015-01-15,2024-03-20
ALFA CONSORC,PNF,BRGE12,2015-02-25,2024-03-25
ALFA FINANC,ON,CRIV3,2015-01-13,2024-03-25
ALFA FINANC,PN,CRIV4,2015-01-02,2024-03-27
ALFA HOLDING,ON,RPAD3,2015-01-28,2026-09-28
ALFA HOLDING,PNA,RPAD5,2015-01-06,2026-10-05
ALFA HOLDING,PNB,RPAD6,2015-02-25,2026-09-25
ALFA INVEST,ON,BRIV3,2015-01-05,2024-03-26
ALFA INVEST,PN,BRIV4,2015-01-05,2024-03-28
ALIANSCE,DIR,ALSC1,2016-09-15,2016-10-05
ALIANSCE,ON,ALSC3,2015-01-02,2019-08-05
ALIANSCE,ON,ALSC9,2016-10-18,2016-10-31
ALIANSCSONAE,ON,ALSO3,2019-08-06,2023-10-24
ALIBABAGR,DRN,BABA34,2019-12-03,2026-10-05
ALIGN TECHNO,DRN,A1LG34,2020-03-17,2026-10-05
ALIPERTI,PN,APTI4,2015-07-27,2018-08-01
ALL AMER LAT,ON,ALLL3,2015-01-02,2015-03-31
ALL ORE,ON,AORE3,2015-01-02,2015-06-16
ALLEGION PLC,DRN,A1GN34,2020-02-20,2026-10-05
ALLIANCE DAT,DRN,A1LL34,2020-02-26,2022-03-31
ALLIANT ENER,DRN,A1EN34,2020-03-03,2026-09-04
ALLIAR,DIR,AALR1,2024-12-03,2026-02-03
ALLIAR,ON,AALR3,2016-10-28,2026-10-05
ALLIED,ON,ALLD3,2021-04-12,2026-10-05
ALLOS,ON,ALOS3,2023-10-25,2026-10-05
ALLSTATE COR,DRN,A1TT34,2020-03-03,2026-10-05
ALNYLAM PHAR,DRN,A1LN34,2020-10-14,2026-10-05
ALPARGATAS,ON,ALPA3,2015-01-02,2026-10-05
ALPARGATAS,PN,ALPA4,2015-01-02,2026-10-05
ALPER S.A.,BNS,APER11,2022-09-15,2022-10-05
ALPER S.A.,DIR,APER1,2019-10-21,2022-06-07
ALPER S.A.,ON,APER3,2018-12-26,2024-09-03
ALPER S.A.,ON,APER9,2019-11-21,2021-04-01
ALPHABET,DRN,GOGL34,2016-05-09,2026-10-05
ALPHABET,DRN,GOGL35,2016-05-09,2026-10-05
ALPHAVILLE,BNS,AVLL11,2020-12-17,2021-10-06
ALPHAVILLE,DIR,AVLL1,2023-04-13,2024-01-16
ALPHAVILLE,ON,AVLL3,2020-12-11,2026-10-05
ALTERYX INC,DRN,A1YX34,2020-10-26,2024-03-15
ALTRIA GROUP,DRN,MOOO34,2019-06-18,2026-10-05
ALUPAR,DIR,ALUP12,2016-05-25,2016-07-14
ALUPAR,ON,ALUP3,2016-10-04,2026-10-05
ALUPAR,ON,ALUP9,2016-08-03,2016-08-03
ALUPAR,PN,ALUP4,2016-09-09,2026-10-05
ALUPAR,REC,ALUP13,2016-07-22,2016-08-23
ALUPAR,UNT,ALUP11,2015-01-02,2026-10-05
AMAZON,DRN,AMZO34,2015-01-02,2026-10-05
AMAZONIA,DIR,BAZA1,2022-05-06,2022-05-31
AMAZONIA,ON,BAZA3,2015-01-02,2026-10-05
AMAZONIA,ON,BAZA9,2022-06-06,2022-09-13
AMBARELLA IN,DRN,A2MB34,2022-07-22,2026-10-05
AMBEV S/A,ON,ABEV3,2015-01-02,2026-10-05
AMBIPAR,ON,AMBP3,2020-07-13,2026-10-05
AMC ENTERT H,DRN,A2MC34,2021-08-16,2023-10-10
AMCOR PLC,DRN,A1CR34,2020-10-29,2026-10-05
AMDOCS LTD,DRN,D2OX34,2022-02-16,2026-10-01
AMEREN CORP,DRN,A1EE34,2020-03-25,2026-09-28
AMERICAMOVIL,DRN,A1MX34,2020-10-22,2023-03-09
AMERICAN AIR,DRN,AALL34,2017-03-06,2026-10-05
AMERICAN ELE,DRN,A1EP34,2020-02-10,2026-10-05
AMERICAN EXP,DRN,AXPB34,2015-01-05,2026-10-05
AMERICAN TOW,DRN,T1OW34,2020-02-28,2026-10-05
AMERICAN WAT,DRN,A1WK34,2020-03-25,2026-10-05
AMERICANAS,BNS,AMER11,2024-09-05,2026-08-18
AMERICANAS,DIR,AMER1,2022-02-02,2024-05-28
AMERICANAS,DIR,AMER95,2024-05-31,2024-06-18
AMERICANAS,ON,AMER3,2021-07-19,2026-10-05
AMERICANAS,ON,AMER9,2022-03-10,2022-03-31
AMERICOLD RT,DRN,COLD34,2025-03-19,2026-09-28
AMERIPRISE F,DRN,A1MP34,2020-03-03,2026-10-05
AMERISOURCEB,DRN,A1MB34,2020-03-30,2023-08-25
AMETEK INC,DRN,A1ME34,2020-05-07,2026-10-05
AMGEN,DRN,AMGN34,2015-01-02,2026-10-05
AMPHENOL COR,DRN,A1PH34,2020-03-03,2026-10-05
AMPLA ENERG,DIR,CBEE1,2023-09-19,2024-12-30
AMPLA ENERG,ON,CBEE3,2015-01-05,2026-09-25
AMYRIS INC,DRN,A2MR34,2022-07-06,2023-08-15
ANALOG DEVIC,DRN,A1DI34,2020-02-18,2026-10-05
ANAPLAN INC,DRN,P2LA34,2022-02-17,2022-06-21
ANDEAVOR,DRN,ANDV34,2017-08-10,2018-09-04
ANGLOGOLD AS,DRN,A1UA34,2020-12-18,2023-06-16
ANIMA,ON,ANIM3,2015-01-02,2026-10-05
ANNALY CAPTL,DRN,N2LY34,2022-02-02,2026-10-05
ANSYS INC,DRN,A1NS34,2020-03-04,2025-05-22
ANTHEM INC,DRN,A1NT34,2020-02-18,2022-06-27
AO SMITH COR,DRN,A1OS34,2020-02-26,2026-08-19
AON PLC,DRN,A1ON34,2020-04-28,2026-10-05
APA CORP,DRN,A1PA34,2021-03-10,2026-10-05
APACHE CORP,DRN,A1PA34,2020-01-23,2021-03-09
APARTMENT IN,DRN,A1IV34,2020-03-23,2026-10-05
APOLLO GLOBL,DRN,A1PO34,2025-07-17,2026-10-05
APPLE,DRN,AAPL34,2015-01-02,2026-10-05
APPLIED DGTL,DRN,A1PL34,2025-09-11,2026-10-05
APPLIED MATE,DRN,A1MT34,2020-01-07,2026-10-05
APPLOVIN CO,DRN,A1PP34,2025-05-12,2026-10-05
APTIV PLC,DRN,APTV34,2019-07-11,2026-10-05
ARANDU,ON,ARND3,2025-12-03,2026-10-05
ARCELOR,DRN,ARMT34,2015-01-20,2026-10-05
ARCHER DANIE,DRN,A1DM34,2020-01-06,2026-10-05
ARCO DORADOS,DRN,A1RC34,2024-11-18,2026-10-05
ARCONIC,DRN,ARNC34,2017-05-08,2020-04-08
ARES MANAGEM,DRN,A2RE34,2022-02-18,2026-09-24
AREZZO CO,ON,ARZZ3,2015-01-02,2024-07-31
ARGENX SE,DRN,A1RG34,2020-10-20,2026-10-05
ARISTA NETWO,DRN,A1NE34,2020-05-14,2026-10-05
ARMAC,ON,ARML3,2021-07-28,2026-10-05
ARMSTRONG,DRN,AWII34,2019-07-11,2026-10-02
ARROW ELECTR,DRN,A2RW34,2022-02-18,2026-10-05
ARROWHEAD PH,DRN,A2RR34,2022-02-23,2026-10-05
ARTERIS,ON,ARTR3,2015-01-02,2016-06-16
ARTHUR J GAL,DRN,A1JG34,2020-03-23,2026-08-25
ASCENDIS PHA,DRN,A1SN34,2020-10-20,2026-10-05
ASML HOLD,DRN,ASML34,2019-12-17,2026-10-05
ASSAI,ON,ASAI3,2021-03-01,2026-10-05
ASSURANT INC,DRN,A1SU34,2020-03-03,2026-10-05
ASTRAZENECA,DRN,A1ZN34,2020-10-20,2026-10-05
ATLASSIAN CO,DRN,T1AM34,2020-10-22,2026-10-05
ATMASA,ON,ATMP3,2020-03-24,2025-06-03
ATMOS ENERGY,DRN,A1TM34,2020-05-29,2026-09-24
ATOM EDUC,ON,ATED3,2024-12-11,2026-10-05
ATOMPAR,ON,ATOM3,2015-10-14,2024-12-18
ATT INC,DRN,ATTB34,2015-01-02,2026-10-05
AURA 360,DR2,AURA32,2020-07-06,2020-11-09
AURA 360,DR3,AURA33,2020-11-10,2026-10-05
AUREN,ON,AURE3,2022-03-28,2026-10-05
AUTODESK INC,DRN,A1UT34,2020-02-18,2026-10-05
AUTOHOME INC,DRN,A1TH34,2020-10-20,2026-10-05
AUTOMATIC DT,DRN,ADPR34,2019-06-18,2026-10-02
AUTOMOB,ON,AMOB3,2024-12-16,2026-10-05
AUTOZONE INC,DRN,AZOI34,2019-07-11,2026-10-05
AVALARA INC,DRN,A2VL34,2021-08-20,2022-10-18
AVALONBAY CO,DRN,A1VB34,2020-03-24,2026-08-14
AVERY DENNIS,DRN,A1VY34,2020-03-03,2026-05-27
AVON,DRN,AVON34,2015-01-12,2019-11-26
AXIA ENERGIA,ON,AXIA3,2025-11-10,2026-10-05
AXIA ENERGIA,PNA,AXIA5,2025-12-01,2026-06-01
AXIA ENERGIA,PNB,AXIA6,2025-11-10,2026-06-05
AXIA ENERGIA,PNC,AXIA7,2025-12-22,2026-10-05
AXON ENTERPR,DRN,A2XO34,2022-01-31,2026-10-05
AZENTA INC,DRN,A2ZT34,2022-02-18,2026-10-05
AZEVEDO,BNS,AZEV11,2022-10-25,2026-09-22
AZEVEDO,BNS,AZEV12,2023-11-30,2026-09-22
AZEVEDO,DIR,AZEV1,2020-11-03,2026-05-28
AZEVEDO,DIR,AZEV2,2020-11-03,2026-05-28
AZEVEDO,ON,AZEV3,2015-01-15,2026-10-05
AZEVEDO,PN,AZEV4,2015-01-02,2026-10-05
AZQ INFRA II,CI,AZIN11,2024-01-26,2026-10-05
AZT ENERGIA,BNS,AZTE11,2025-08-27,2026-10-05
AZT ENERGIA,DIR,AZTE1,2025-06-12,2025-07-08
AZT ENERGIA,ON,AZTE3,2025-02-14,2026-10-05
AZUL,BNS,AZUL11,2025-05-21,2025-12-22
AZUL,BNS,AZUL80,2026-01-16,2026-02-05
AZUL,DIR,AZUL12,2026-02-23,2026-03-20
AZUL,DIR,AZUL14,2026-02-23,2026-03-20
AZUL,DIR,AZUL16,2026-02-23,2026-03-20
AZUL,DIR,AZUL18,2026-05-27,2026-06-23
AZUL,DIR,AZUL2,2025-02-10,2025-03-06
AZUL,DIR,AZUL95,2025-02-26,2025-03-24
AZUL,ON,AZUL3,2026-04-20,2026-10-05
AZUL,ON,AZUL53,2026-01-13,2026-04-17
AZUL,PN,AZUL4,2017-04-11,2025-12-22
AZUL,PN,AZUL54,2025-12-23,2026-01-12
AZUL,UNT,AZUL97,2026-05-27,2026-10-05
AZUL,UNT,AZUL98,2026-05-28,2026-10-05
AZUL,UNT,AZUL99,2026-05-27,2026-10-05
AZZAS 2154,ON,AZZA3,2024-08-01,2026-10-05
B INDEX BREW,CI,BREW11,2023-02-14,2026-10-05
B INDEX CICL,CI,BCIC11,2023-02-14,2026-10-05
B INDEX DEFE,CI,BDEF11,2023-02-14,2026-10-05
B INDEX MOME,CI,BMMT11,2023-02-14,2026-10-05
B INDEX OURO,CI,OURO11,2026-01-14,2026-10-05
B INDEX PKIN,CI,PKIN11,2025-05-27,2026-10-05
B INDEX SPYR,CI,SPYR11,2026-01-14,2026-10-05
B INDEX TECX,CI,TECX11,2025-05-27,2026-10-05
B TECH EQI,ON,BLUT3,2021-09-23,2022-09-20
B TECH EQI,ON,JBDU3,2021-09-15,2021-09-22
B TECH EQI,PN,BLUT4,2021-09-23,2022-09-20
B TECH EQI,PN,JBDU4,2021-09-15,2021-09-22
B-INDEX BRIA,CI,BRIA11,2026-09-11,2026-10-05
B100 S.A.,ON,B1003,2026-04-08,2026-10-05
B2W DIGITAL,DIR,BTOW1,2016-06-02,2020-08-20
B2W DIGITAL,ON,BTOW3,2015-01-02,2021-07-16
B2W DIGITAL,ON,BTOW9,2017-04-26,2020-09-22
B3,ON,B3SA3,2018-03-26,2026-10-05
B3,ON,BVMF3,2017-12-18,2018-03-23
BAHEMA,BNS,BAHI11,2021-05-06,2022-03-28
BAHEMA,DIR,BAHI1,2019-08-21,2023-05-16
BAHEMA,ON,BAHI3,2015-01-06,2024-11-25
BAHEMA,ON,BAHI9,2019-10-01,2019-10-25
BAIDU INC,DRN,BIDU34,2019-12-17,2026-10-05
BAKER HUGHES,DRN,B1KR34,2020-02-28,2026-10-01
BALL CORP,DRN,B1LL34,2020-03-10,2026-09-18
BANCO BMG,DIR,BMGB2,2025-07-28,2026-02-25
BANCO BMG,PN,BMGB10,2025-08-26,2026-04-27
BANCO BMG,PN,BMGB4,2019-11-29,2026-10-05
BANCO BMG,UNT,BMGB11,2019-10-28,2019-11-28
BANCO INTER,DIR,BIDI1,2020-07-15,2020-08-04
BANCO INTER,DIR,BIDI12,2020-07-09,2020-08-04
BANCO INTER,DIR,BIDI2,2018-07-26,2020-08-04
BANCO INTER,ON,BIDI3,2019-07-19,2022-06-17
BANCO INTER,ON,BIDI9,2019-07-31,2021-07-02
BANCO INTER,PN,BIDI10,2018-08-16,2021-07-02
BANCO INTER,PN,BIDI4,2018-07-26,2022-06-17
BANCO INTER,REC,BIDI12,2019-08-01,2019-08-01
BANCO INTER,REC,BIDI13,2020-08-21,2020-09-03
BANCO INTER,REC,BIDI16,2020-09-11,2020-09-11
BANCO INTER,UNT,BIDI11,2019-07-19,2022-06-17
BANCO PAN,BNS,BPAN12,2022-03-21,2024-09-06
BANCO PAN,DIR,BPAN2,2017-11-10,2017-12-28
BANCO PAN,PN,BPAN10,2018-01-10,2020-01-15
BANCO PAN,PN,BPAN4,2015-01-02,2026-01-23
BANCO SANTAN,DRN,B1SA34,2020-10-20,2026-10-05
BANCOLOMBIA,DRN,C2OL34,2022-02-18,2025-05-16
BANESE,DIR,BGIP1,2023-04-17,2023-05-04
BANESE,DIR,BGIP2,2023-04-13,2026-02-20
BANESE,ON,BGIP3,2015-01-08,2026-10-05
BANESE,PN,BGIP10,2025-04-08,2026-04-14
BANESE,PN,BGIP4,2015-01-02,2026-10-05
BANESTES,ON,BEES3,2015-01-02,2026-10-05
BANESTES,PN,BEES4,2015-01-05,2026-10-05
BANK AMERICA,DRN,BOAC34,2015-01-02,2026-10-05
BANK CANADA,DRN,RYBD34,2025-08-27,2025-08-27
BANPARA,ON,BPAR3,2018-10-24,2026-05-04
BANRISUL,ON,BRSR3,2015-01-07,2026-10-05
BANRISUL,PNA,BRSR5,2015-01-07,2026-10-05
BANRISUL,PNB,BRSR6,2015-01-02,2026-10-05
BANSANTANDER,DR3,BSAN33,2015-01-05,2018-08-28
BARCLAYS PLC,DRN,B1CS34,2020-10-20,2026-10-05
BARDELLA,ON,BDLL3,2017-04-24,2026-09-22
BARDELLA,PN,BDLL4,2015-01-02,2026-10-05
BATHBODY,DRN,B1BW34,2021-08-04,2026-10-05
BATTISTELLA,DIR,BTTL1,2016-12-07,2016-12-21
BATTISTELLA,DIR,BTTL2,2016-12-07,2016-12-21
BATTISTELLA,ON,BTTL3,2015-01-12,2021-06-10
BATTISTELLA,PN,BTTL4,2015-01-02,2018-12-10
BAUMER,ON,BALM3,2017-07-11,2026-09-29
BAUMER,PN,BALM4,2015-01-07,2026-10-05
BAXTER INTER,DRN,B1AX34,2020-10-21,2026-09-29
BB ETF BOI G,CI,BBOI11,2022-11-30,2026-10-05
BB ETF BRAZ,CI,BRAZ11,2024-11-27,2026-10-05
BB ETF DOLAR,CI,DOLA11,2024-07-24,2026-10-05
BB ETF DVER,CI,DVER11,2023-10-17,2026-10-05
BB ETF IAGRO,CI,AGRI11,2022-05-24,2026-10-05
BB ETF IBOV,CI,BBOV11,2020-10-13,2026-10-05
BB ETF MILHO,CI,CORN11,2022-10-25,2026-10-05
BB ETF SP DV,CI,BBSD11,2015-01-02,2026-10-05
BBSEGURIDADE,ON,BBSE3,2015-01-02,2026-10-05
BBT CORP,DRN,B1BT34,2020-02-18,2020-02-26
BE ONE LTD,DRN,B1ME34,2025-06-03,2026-10-05
BECTON DICKI,DRN,B1DX34,2020-02-20,2026-10-05
BEIGENE LTD,DRN,B1GN34,2020-10-20,2024-12-26
BEIGENE LTD,DRN,B1ME34,2025-01-10,2025-05-12
BEMATECH,ON,BEMA3,2015-01-02,2015-10-27
BEMOBI TECH,ON,BMOB3,2021-02-10,2026-10-05
BERKSHIRE,DRN,BERK34,2015-01-02,2026-10-05
BEST BUY,DRN,BBYY34,2016-08-01,2026-10-05
BEYOND MEAT,DRN,B2YN34,2021-04-07,2026-10-05
BHG,ON,BHGR3,2015-01-02,2015-06-08
BHP GROUP,DRN,BHPG34,2019-12-17,2022-05-13
BHP GROUP PL,DRN,B1BL34,2020-10-22,2022-01-28
BIC MONARK,ON,BMKS3,2015-01-07,2026-10-05
BICBANCO,ON,BICB3,2015-01-22,2015-09-24
BICBANCO,PN,BICB4,2015-01-02,2015-10-16
BILBAOVIZ,DRN,BILB34,2019-12-17,2026-10-05
BILIBILI INC,DRN,B1IL34,2020-10-23,2026-10-05
BILL HOLD,DRN,B2HI34,2023-02-27,2026-10-05
BILLCOM HOLD,DRN,B2HI34,2021-08-20,2023-02-24
BIO-TECHNE C,DRN,T1CH34,2020-10-14,2026-10-05
BIOGEN,DRN,BIIB34,2016-04-28,2026-10-05
BIOHAVEN LTD,DRN,BHVN34,2025-09-08,2026-10-05
BIOMA EDUC,ON,BIED3,2024-11-26,2026-10-05
BIOMARIN PHA,DRN,B1MR34,2020-02-07,2026-10-02
BIOMM,BNS,BIOM11,2020-01-03,2026-09-18
BIOMM,BNS,BIOM12,2022-03-03,2026-03-13
BIOMM,BNS,BIOM13,2024-08-13,2026-10-01
BIOMM,BNS,BIOM14,2024-03-07,2026-09-04
BIOMM,DIR,BIOM1,2017-03-30,2025-07-02
BIOMM,DIR,BIOM12,2026-09-30,2026-10-05
BIOMM,ON,BIOM3,2015-01-02,2026-10-05
BIOMM,ON,BIOM9,2019-11-14,2020-12-17
BIONTECH SE,DRN,B1NT34,2020-10-22,2026-10-05
BIOSEV,DIR,BSEV1,2018-04-18,2018-05-10
BIOSEV,ON,BSEV3,2015-01-02,2021-05-14
BIOTOSCANA,DR3,GBIO33,2017-07-25,2020-08-27
BITCOIN HASH,CI,BITH11,2021-11-01,2026-10-05
BK BRASIL,ON,BKBR3,2017-12-18,2022-10-25
BKR 0 1 SHV,DRE,BSHV39,2025-12-10,2026-10-05
BKR 0 3M TRS,DRE,BSGO39,2023-07-27,2025-03-28
BKR 0 5 YRHY,DRE,BHYC39,2024-01-03,2026-10-02
BKR 1 3 YRTR,DRE,BSHY39,2022-05-09,2026-10-05
BKR 1 3 YRTR,DRN,BSHY39,2022-02-15,2022-05-06
BKR 1 5YGRCO,DRE,BIGS39,2024-01-03,2026-10-05
BKR 1020Y TB,DRE,BTLH39,2025-05-16,2026-10-05
BKR 20YR TRS,DRE,BTLT39,2022-05-10,2026-10-05
BKR 20YR TRS,DRN,BTLT39,2022-02-15,2022-05-06
BKR 3 7 YRTR,DRE,BIEI39,2022-05-09,2026-10-05
BKR 3 7 YRTR,DRN,BIEI39,2022-02-14,2022-05-06
BKR 7 10 YRT,DRE,BIYT39,2022-05-10,2026-10-05
BKR 7 10 YRT,DRN,BIYT39,2022-02-14,2022-05-03
BKR A RATED,DRE,BQLT39,2023-06-26,2026-09-01
BKR AGR ALOC,DRE,BAOA39,2023-06-06,2026-09-30
BKR BAL ALOC,DRE,BAOR39,2025-02-26,2026-10-01
BKR BASICMAT,DRE,BIYM39,2023-07-04,2026-09-15
BKR BITCOIN,DRE,IBIT39,2024-03-01,2026-10-05
BKR CH EUROZ,DRE,BHEZ39,2023-07-17,2024-05-02
BKR CH JAPAN,DRE,BHEW39,2023-07-13,2026-09-11
BKR CHILE,DRE,BECH39,2024-10-25,2026-10-05
BKR CHINA A,DRE,BCNY39,2022-08-11,2026-10-05
BKR CNVTIBLE,DRE,BICV39,2023-06-20,2026-09-28
BKR CODISCRT,DRE,BIYC39,2022-09-02,2026-10-05
BKR COMT ROL,DRE,BCOM39,2023-06-02,2026-10-05
BKR CORE HDV,DRE,BHDV39,2022-08-19,2026-10-05
BKR CORE TOT,DRE,BIUS39,2023-12-04,2025-09-23
BKR CORE UNV,DRE,BIUS39,2025-11-03,2026-09-29
BKR CORPACIF,DRE,BIPC39,2023-07-13,2026-09-28
BKR COSTAPLE,DRE,BIYK39,2022-08-09,2026-09-22
BKR CSV ALOC,DRE,BAOK39,2023-06-05,2026-07-23
BKR CYBTECH,DRE,BIHA39,2022-08-11,2026-10-05
BKR DOLL ETF,DRE,DOLL39,2025-04-03,2026-10-05
BKR EME XCHI,DRE,BEMC39,2023-06-13,2026-10-05
BKR EMER DIV,DRE,BDVE39,2023-06-20,2026-09-25
BKR EQUALWG,DRE,BEUW39,2024-07-15,2026-10-02
BKR ESG AGGR,DRE,BEAG39,2023-06-20,2024-12-04
BKR ETHEREUM,DRE,ETHA39,2024-08-28,2026-10-05
BKR EURP FNC,DRE,BEUF39,2025-08-18,2026-06-22
BKR FLL ANGL,DRE,BFAL39,2023-06-07,2026-09-04
BKR FLOAT RT,DRE,BFLO39,2024-03-26,2026-06-08
BKR FLOT RTE,DRE,BTFL39,2023-07-05,2026-10-05
BKR FUT AIT,DRE,BARY39,2024-08-23,2026-10-05
BKR GB SDVGO,DRE,BSDG39,2022-08-30,2023-04-05
BKR GB STAMP,DRE,BKXI39,2022-08-02,2026-09-18
BKR GBL AGRO,DRE,BVEG39,2023-04-14,2026-09-24
BKR GBMM PRD,DRE,BPIC39,2022-08-30,2026-10-05
BKR GENO IMM,DRE,BIDN39,2022-08-11,2026-06-26
BKR GL CLEAN,DRE,BICL39,2022-05-13,2026-10-05
BKR GL CLEAN,DRN,BICL39,2021-09-16,2022-04-28
BKR GL FIN,DRE,BIXG39,2022-05-09,2026-10-05
BKR GL FIN,DRN,BIXG39,2021-09-17,2022-05-04
BKR GLB ENER,DRE,BIXC39,2023-04-14,2026-10-05
BKR GLOB100,DRE,BGLC39,2024-06-27,2026-10-05
BKR GRO ALOC,DRE,BAOR39,2023-06-02,2024-10-22
BKR HEALTHPR,DRE,BIHF39,2023-07-31,2026-09-23
BKR HM CNSTR,DRE,BITB39,2023-04-14,2026-09-28
BKR IBOX IGC,DRE,BLQD39,2022-05-18,2026-10-05
BKR IBOXX HY,DRE,BHYG39,2022-05-12,2026-10-05
BKR INTL SLD,DRE,BIDV39,2023-06-13,2026-10-05
BKR INTL TRS,DRE,BIGO39,2025-05-12,2026-09-21
BKR INTLAGGT,DRE,BIAG39,2025-05-02,2026-09-01
BKR LOWCARBO,DRE,BCRB39,2022-08-30,2026-09-09
BKR MBS,DRE,BMBB39,2023-06-20,2026-10-05
BKR MOD ALOC,DRE,BAOM39,2023-06-06,2026-09-25
BKR MORTGAGE,DRE,BMRE39,2023-01-19,2026-09-11
BKR MS EAFE,DRE,BSCZ39,2022-05-09,2026-10-01
BKR MS EAFE,DRN,BSCZ39,2021-09-28,2022-04-28
BKR MS RUSS,DRN,BERU39,2021-09-28,2022-03-03
BKR MS USA S,DRE,BUSA39,2022-06-24,2025-04-07
BKR MS USA S,DRN,BUSA39,2021-09-28,2022-05-02
BKR MS WLD,DRE,BURT39,2022-05-09,2026-10-05
BKR MS WLD,DRN,BURT39,2021-09-17,2022-05-05
BKR MSCI JPN,DRE,BEPP39,2023-06-30,2026-10-05
BKR MSCI UAE,DRE,BUAE39,2025-09-22,2026-10-05
BKR NAM NATU,DRE,BIGE39,2023-06-29,2026-04-20
BKR OIL GAS,DRE,BIEO39,2023-07-17,2026-10-01
BKR PHARMACL,DRE,BIHE39,2023-07-27,2026-10-05
BKR REGBANK,DRE,BIAT39,2025-05-16,2026-09-11
BKR RESMULTS,DRE,BREZ39,2022-10-28,2026-03-17
BKR ROBT AIM,DRE,BIRB39,2022-08-11,2024-07-23
BKR SAUDARAB,DRE,BKSA39,2022-09-21,2026-10-05
BKR SELFDRIV,DRE,BIDR39,2022-08-11,2026-09-23
BKR SEMICOND,DRE,BSOX39,2022-05-13,2026-10-05
BKR SEMICOND,DRN,BSOX39,2021-09-28,2022-05-03
BKR SHORT TR,DRE,BSHV39,2022-05-09,2025-12-09
BKR SHORT TR,DRN,BSHV39,2022-02-14,2022-05-06
BKR SP100,DRE,BOEF39,2022-06-27,2026-10-05
BKR SP100,DRN,BOEF39,2021-09-17,2022-04-28
BKR SPSM600V,DRE,BIJS39,2022-08-09,2026-10-05
BKR STIP,DRE,BSTI39,2023-06-02,2026-10-05
BKR TECHSOFT,DRE,BIET39,2023-06-23,2026-10-05
BKR TI STOCK,DRE,BIXU39,2024-06-25,2026-10-05
BKR TIP,DRE,BTIP39,2023-07-11,2026-10-05
BKR TRANSPTN,DRE,BIYP39,2023-07-26,2026-09-23
BKR TRSTRIPS,DRE,BGOZ39,2024-09-16,2026-10-05
BKR US AGGRE,DRE,BAGG39,2023-06-26,2026-10-05
BKR US ENER,DRE,BIYE39,2022-05-09,2026-10-05
BKR US ENER,DRN,BIYE39,2021-09-28,2022-05-06
BKR US GREEN,DRE,BBGR39,2023-06-20,2026-06-29
BKR US INDLS,DRE,BIYJ39,2023-04-14,2026-09-28
BKR US INFRA,DRE,BIFR39,2022-08-11,2026-10-02
BKR US TREAS,DRE,BGOV39,2022-05-09,2026-10-05
BKR US TREAS,DRN,BGOV39,2022-02-14,2022-05-06
BKR US UTILT,DRE,BUTL39,2022-08-09,2026-10-05
BKR10PLUSGC,DRE,BIGL39,2025-04-08,2026-09-30
BLACKLINE IN,DRN,B2LN34,2022-02-18,2026-09-29
BLACKROCK,DRN,BLAK34,2016-04-28,2026-10-05
BLAU,ON,BLAU3,2021-04-19,2026-10-05
BLOCK INC,DRN,S2QU34,2021-12-13,2021-12-17
BLOCK INC.,DRN,S2QU34,2021-12-20,2025-01-29
BLOCK INC.,DRN,X1YZ34,2025-01-30,2026-10-05
BMFBOVESPA,ON,BVMF3,2015-01-02,2017-12-15
BNY MELLON,DRN,BONY34,2015-08-27,2026-10-05
BOA SAFRA,ON,SOJA3,2021-04-29,2026-10-05
BOA VISTA,ON,BOAS3,2020-09-30,2023-08-07
BOEING,DRN,BOEI34,2015-01-08,2026-10-05
BOMBRIL,ON,BOBR3,2020-01-14,2020-01-14
BOMBRIL,PN,BOBR4,2015-01-02,2026-10-05
BOOKING,DRN,BKNG34,2019-05-21,2026-10-05
BOOZALLEN HH,DRN,B2AH34,2022-02-18,2026-10-02
BORGWARNER I,DRN,B1WA34,2020-03-03,2026-09-03
BOSTON PROP,DRN,BOXP34,2015-07-27,2024-06-28
BOSTON SCIEN,DRN,B1SX34,2020-01-31,2026-10-05
BP PLC,DRN,B1PP34,2020-10-20,2026-10-05
BPTEVABITC,CI,BITC11,2025-09-18,2026-10-05
BPTEVAETHE,CI,EETH11,2025-09-18,2026-10-05
BR BROKERS,DIR,BBRK1,2017-06-21,2022-02-24
BR BROKERS,ON,BBRK3,2015-01-02,2022-05-17
BR BROKERS,ON,BBRK9,2017-07-20,2018-07-03
BR INSURANCE,DIR,BRIN1,2016-02-02,2016-02-22
BR INSURANCE,ON,BRIN3,2015-01-02,2018-12-21
BR MALLS PAR,ON,BRML3,2015-01-02,2023-01-06
BR PARTNERS,UNT,BRBI11,2021-06-21,2026-10-05
BR PHARMA,BNS,BPHA11,2015-01-30,2016-06-17
BR PHARMA,DIR,BPHA11,2017-04-20,2017-05-11
BR PHARMA,ON,BPHA3,2015-01-02,2019-06-10
BR PROPERT,ON,BRPR3,2015-01-02,2023-10-19
BRAD FIM HY,CI,BRHY11,2022-11-24,2023-07-10
BRADESCO,DIR,BBDC1,2016-01-04,2026-09-01
BRADESCO,DIR,BBDC2,2016-01-04,2026-09-01
BRADESCO,ON,BBDC3,2015-01-02,2026-10-05
BRADESCO,ON,BBDC9,2026-09-16,2026-10-05
BRADESCO,PN,BBDC10,2026-09-16,2026-10-05
BRADESCO,PN,BBDC4,2015-01-02,2026-10-05
BRADESPAR,ON,BRAP3,2015-01-02,2026-10-05
BRADESPAR,PN,BRAP4,2015-01-02,2026-10-05
BRADSAUDE,ON,ODPV3,2026-05-04,2026-05-04
BRADSAUDE,ON,SAUD3,2026-05-05,2026-10-05
BRASIL,ON,BBAS3,2015-01-02,2026-10-05
BRASILAGRO,ON,AGRO3,2015-01-02,2026-10-05
BRASKEM,ON,BRKM3,2015-01-02,2026-10-05
BRASKEM,PNA,BRKM5,2015-01-02,2026-10-05
BRASKEM,PNB,BRKM6,2015-03-13,2026-10-02
BRASMOTOR,ON,BMTO3,2015-02-10,2016-12-08
BRASMOTOR,PN,BMTO4,2015-01-02,2016-12-20
BRAVA,ON,BRAV3,2024-09-09,2026-10-05
BRAZE INC,DRN,B1ZE34,2026-03-24,2026-10-05
BRB BANCO,DIR,BSLI1,2024-11-11,2026-05-29
BRB BANCO,DIR,BSLI2,2024-05-22,2026-05-29
BRB BANCO,ON,BSLI3,2015-02-20,2026-10-05
BRB BANCO,PN,BSLI10,2024-06-24,2026-09-15
BRB BANCO,PN,BSLI4,2015-02-20,2026-10-05
BREAD FINAN,DRN,A1LL34,2022-04-01,2026-10-02
BRF SA,ON,BRFS3,2015-01-02,2025-09-22
BRISANET,ON,BRIT3,2021-07-29,2024-12-04
BRISANET,ON,BRST3,2024-12-05,2026-10-05
BRISTOLMYERS,DRN,BMYB34,2015-01-05,2026-09-30
BRITISH AMER,DRN,B1TI34,2020-10-20,2026-10-05
BROAD US INV,DRE,USIG39,2026-02-18,2026-09-03
BROADCOM INC,DRN,AVGO34,2019-05-28,2026-10-05
BROADRIDGE F,DRN,B1RF34,2020-06-29,2026-10-05
BROOKFIELD,ON,BISA3,2015-01-02,2015-01-02
BROOKFIELD A,DRN,B1AM34,2020-10-14,2022-12-13
BROOKFIELD C,DRN,B1AM34,2022-12-14,2026-10-05
BROWN FORMAN,DRN,B1FC34,2020-03-17,2026-09-25
BRUKER CORP,DRN,B2RK34,2022-02-18,2026-09-16
BTG COMMODIT,CI,CMDB11,2021-11-30,2026-10-05
BTG DIV REAL,CI,DOLB11,2025-04-29,2025-06-20
BTG DIV REAL,CI,TIRB11,2024-10-16,2026-06-15
BTG HOTEL FI,CI,BTHI11,2023-09-15,2026-10-05
BTG PACTUAL,DR3,BBTG35,2016-07-11,2017-09-08
BTG PACTUAL,DR3,BBTG36,2016-07-11,2017-09-08
BTG PACTUAL,UNT,BBTG11,2015-01-02,2017-08-18
BTG PACTUAL,UNT,BBTG12,2017-02-16,2017-09-08
BTG S&P 500,CI,SPXB11,2021-09-20,2026-10-05
BTG SMLL CAP,CI,SMAB11,2021-09-13,2026-10-05
BTG SP DOLAR,CI,DOLB11,2025-06-23,2026-10-05
BTG SPHEDGE,CI,SPBZ11,2025-11-05,2026-10-05
BTGIABRSELEC,CI,BRXC11,2025-03-11,2026-10-05
BTGP ABTC,CI,ABTC11,2026-07-15,2026-10-05
BTGP BANCO,ON,BPAC3,2016-07-11,2026-10-05
BTGP BANCO,ON,BPAC9,2021-02-03,2021-06-23
BTGP BANCO,PNA,BPAC12,2021-06-17,2021-06-18
BTGP BANCO,PNA,BPAC5,2016-07-11,2026-10-05
BTGP BANCO,UNT,BPAC11,2017-02-16,2026-10-05
BTGP BANCO,UNT,BPAC13,2020-07-01,2021-06-23
BTGP BZEQ,CI,BZEQ11,2026-07-28,2026-10-05
BTGP CLOB,CI,CLOB11,2025-12-19,2026-10-05
BTGP DINF,CI,DINF11,2026-09-02,2026-10-05
BTGP GOLB,CI,GOLB11,2025-10-24,2026-10-05
BTGTEVA AUVP,CI,AUVP11,2025-06-25,2026-10-05
BUMBLE INC,DRN,B2MB34,2021-08-17,2026-10-05
BURLINGTONST,DRN,B2UR34,2022-02-18,2026-09-17
BXP INC,DRN,BOXP34,2024-07-01,2026-10-01
CABLE ONE IN,DRN,C1AB34,2020-10-22,2026-10-02
CABOT OIL,DRN,C1OG34,2020-02-21,2021-10-18
CACI INTERNL,DRN,C2AC34,2022-02-18,2026-10-05
CACIQUE,ON,CIQU3,2015-03-05,2015-03-09
CACIQUE,PN,CIQU4,2015-01-09,2015-03-20
CADENCE DESI,DRN,C1DN34,2020-06-01,2026-10-05
CAESARS ENTT,DRN,C2ZR34,2021-04-30,2026-09-23
CAIXA SEGURI,ON,CXSE3,2021-04-29,2026-10-05
CAIXAETFXBOV,CI,XBOV11,2015-01-02,2026-10-05
CAMBUCI,DIR,CAMB2,2019-02-27,2019-03-18
CAMBUCI,ON,CAMB3,2019-12-23,2026-10-05
CAMBUCI,PN,CAMB10,2019-04-23,2019-06-07
CAMBUCI,PN,CAMB4,2015-01-05,2019-12-20
CAMDEN PROP,DRN,C2PT34,2021-08-23,2026-09-28
CAMECO CORP,DRN,C1CJ34,2025-09-19,2026-10-05
CAMIL,ON,CAML3,2017-09-28,2026-10-05
CAMPBELL CO,DRN,C1PB34,2024-12-06,2026-10-02
CAMPBELL SOU,DRN,C1PB34,2020-03-17,2024-04-24
CANAD KANSAS,DRN,CPRL34,2023-05-03,2026-09-22
CANAD NATION,DRN,CNIC34,2019-06-18,2026-10-05
CANAD PACIFI,DRN,CPRL34,2019-07-11,2023-04-10
CANON INC,DRN,CAJI34,2019-12-17,2023-02-27
CAPINFR CPDI,CI,CPDI11,2026-04-28,2026-09-23
CAPITAL ONE,DRN,CAON34,2019-06-18,2026-09-28
CAPITALPART,ON,CPTP3B,2015-05-28,2016-04-14
CAPRI HOLDI,DRN,CAPH34,2019-07-11,2026-10-05
CARDINAL HEA,DRN,C1AH34,2020-03-02,2026-10-05
CARMAX INC,DRN,K1MX34,2020-03-17,2026-09-25
CARNIVAL COR,DRN,C1CL34,2020-01-16,2026-10-05
CARREFOUR BR,ON,CRFB3,2017-07-20,2025-05-30
CARREFOUR SA,DR1,CAFR31,2025-06-02,2025-11-03
CARRIER GLOB,DRN,C1RR34,2020-11-06,2026-10-05
CARTERS INC,DRN,CRIN34,2019-07-11,2026-10-02
CARTESIA FII,CI,CACR11,2021-11-16,2026-10-05
CASAN,ON,CASN3,2016-05-11,2023-04-28
CASAN,PN,CASN4,2015-06-12,2020-03-24
CASAS BAHIA,BNS,BHIA12,2023-09-20,2024-09-16
CASAS BAHIA,ON,BHIA3,2023-09-20,2026-10-05
CATERPILLAR,DRN,CATP34,2015-01-08,2026-10-05
CBA,DIR,CBAV1,2023-11-14,2023-12-11
CBA,ON,CBAV3,2021-07-15,2026-10-05
CBA,ON,CBAV9,2023-12-26,2024-01-18
CBOE GLOBAL,DRN,C1BO34,2020-02-11,2026-10-01
CBRE GROUP I,DRN,C1BR34,2020-03-23,2026-10-05
CBS CORP,DRN,C1BS34,2020-02-20,2020-02-20
CCR SA,ON,CCRO3,2015-01-02,2025-04-30
CCX CARVAO,DIR,CCXC1,2016-06-20,2016-07-11
CCX CARVAO,ON,CCXC3,2015-01-02,2020-01-17
CDW CORP,DRN,C1DW34,2020-10-14,2026-10-01
CEA MODAS,ON,CEAB3,2019-10-28,2026-10-05
CEB,ON,CEBR3,2015-01-28,2026-10-05
CEB,PNA,CEBR5,2015-01-02,2026-10-05
CEB,PNB,CEBR6,2015-02-23,2026-10-05
CEDRO,ON,CEDO3,2015-01-21,2026-06-15
CEDRO,PN,CEDO4,2015-01-06,2026-10-05
CEEE-D,DIR,CEED1,2020-12-09,2021-01-05
CEEE-D,ON,CEED3,2015-02-03,2026-09-11
CEEE-D,PN,CEED4,2015-02-20,2024-09-27
CEEE-GT,ON,EEEL3,2015-01-06,2021-09-27
CEEE-GT,PN,EEEL4,2015-01-22,2021-06-11
CEEE-T,ON,EEEL3,2021-10-05,2022-05-24
CEEE-T,PN,EEEL4,2021-10-05,2022-05-27
CEG,ON,CEGR3,2015-04-14,2026-09-10
CELANESE COR,DRN,C1NS34,2020-07-06,2026-10-05
CELESC,ON,CLSC3,2015-09-08,2026-10-05
CELESC,PN,CLSC4,2015-01-02,2026-10-05
CELGENE CORP,DRN,CLGN34,2016-01-28,2019-10-17
CELGPAR,DIR,GPAR1,2019-12-12,2021-12-03
CELGPAR,ON,GPAR3,2015-07-03,2026-07-16
CELPA,DIR,CELP1,2015-06-18,2015-07-10
CELPA,ON,CELP3,2015-01-05,2019-12-17
CELPA,PNA,CELP5,2015-01-23,2019-12-16
CELPA,PNB,CELP6,2015-04-24,2019-12-16
CELPA,PNC,CELP7,2015-04-28,2019-12-17
CELPE,ON,CEPE3,2020-10-30,2020-12-30
CELPE,PNA,CEPE5,2015-01-05,2022-10-28
CELPE,PNB,CEPE6,2015-12-23,2022-10-26
CELUL IRANI,ON,RANI3,2015-01-02,2020-03-02
CELUL IRANI,PN,RANI4,2015-01-12,2020-03-02
CEMAR,ON,ENMA3B,2015-01-05,2020-01-24
CEMAT,ON,CMGR3,2015-01-14,2015-02-04
CEMAT,PN,CMGR4,2015-02-02,2015-02-19
CEMEPE,ON,MAPT3,2015-05-21,2026-10-05
CEMEPE,PN,MAPT4,2015-01-07,2026-10-05
CEMEX SAB,DRN,C2EM34,2022-02-18,2026-10-02
CEMIG,DIR,CMIG1,2017-10-30,2017-11-22
CEMIG,DIR,CMIG2,2017-10-30,2017-11-22
CEMIG,ON,CMIG3,2015-01-02,2026-10-05
CEMIG,ON,CMIG9,2017-11-30,2018-04-23
CEMIG,PN,CMIG10,2017-11-30,2018-04-23
CEMIG,PN,CMIG4,2015-01-02,2026-10-05
CENCORA INC,DRN,C1CO34,2023-09-11,2026-09-30
CENTAURO,ON,CNTO3,2019-04-17,2021-03-30
CENTENE CORP,DRN,C1NC34,2020-02-21,2026-10-05
CENTERPOINT,DRN,C1NP34,2020-02-10,2026-05-15
CENTURYLINK,DRN,C1TL34,2020-02-13,2020-09-04
CEPAC - CTBA,CPA,CTBA11B,2015-05-21,2026-09-28
CEPAC - PMSP,CPA,PMSP11B,2015-05-21,2026-09-10
CEPAC - PMSP,CPA,PMSP12B,2015-10-15,2026-10-05
CEREBRAS,DRN,C1RB34,2026-09-01,2026-10-05
CERENCE INC,DRN,C2RN34,2022-07-22,2026-10-05
CERNER CORP,DRN,C1ER34,2020-02-11,2022-06-02
CESP,ON,CESP3,2015-01-06,2022-03-25
CESP,PNA,CESP5,2015-01-07,2022-03-25
CESP,PNB,CESP6,2015-01-02,2022-03-25
CETIP,DIR,CTIP1,2015-05-18,2015-06-09
CETIP,ON,CTIP3,2015-01-02,2017-03-29
CF INDUSTRIE,DRN,C1FI34,2020-02-28,2026-10-05
CH ROBINSON,DRN,C1HR34,2020-02-07,2026-09-25
CHARGEPOINTH,DRN,C2HP34,2022-02-18,2026-10-05
CHARTER COMM,DRN,CHCM34,2019-06-18,2026-10-05
CHECK POINT,DRN,C1HK34,2020-07-17,2026-10-05
CHESAPEAKE,DRN,CHKE34,2016-08-15,2020-07-01
CHEVRON,DRN,CHVX34,2015-01-02,2026-10-05
CHIARELLI,ON,CCHI3,2015-01-02,2015-11-23
CHIARELLI,PN,CCHI4,2015-01-05,2015-11-23
CHINA LIFE I,DRN,L1FC34,2020-10-20,2022-08-24
CHINA MOBILE,DRN,C1HL34,2020-10-20,2021-01-11
CHINA PETROL,DRN,C1HI34,2020-10-20,2022-08-24
CHINALARGECA,DRE,BFXI39,2022-06-06,2026-10-05
CHINALARGECA,DRN,BFXI39,2021-05-03,2022-04-25
CHIPOTLE MEX,DRN,C1MG34,2020-02-27,2026-10-05
CHUBB LTD,DRN,C1BL34,2020-04-27,2026-10-05
CHUNGHWA TEL,DRN,C1HT34,2020-10-28,2026-09-23
CHURCH DWIGH,DRN,CHDC34,2019-07-11,2026-05-26
CHURCHILL DW,DRN,C2HD34,2021-06-08,2026-10-05
CIA HERING,ON,HGTX3,2015-01-02,2021-09-17
CIABRASF,DIR,ADMF1,2025-04-01,2025-04-23
CIABRASF,ON,ADMF3,2025-03-12,2026-04-01
CIELO,ON,CIEL3,2015-01-02,2024-08-26
CIGNA CORP,DRN,C1IC34,2020-01-29,2023-02-16
CIGNA GROUP,DRN,C1IC34,2023-03-10,2026-10-02
CINCINNATI,DRN,CINF34,2019-07-11,2026-10-02
CINTAS CORP,DRN,C1TA34,2020-03-25,2026-10-05
CISCO,DRN,CSCO34,2015-01-05,2026-10-05
CITIGROUP,DRN,CTGP34,2015-01-02,2026-10-05
CITIZENS FIN,DRN,C1FG34,2020-02-28,2026-10-05
CITRIX SYSTE,DRN,C1TX34,2020-02-13,2022-09-12
CLEARSALE,ON,CLSA3,2021-07-30,2025-04-01
CLOROX CO,DRN,CLXC34,2019-07-11,2026-10-05
CLOUDFLARE,DRN,N2ET34,2022-01-31,2026-10-05
CLOVERHEALTH,DRN,CLOV34,2022-05-12,2026-10-05
CME GROUP,DRN,CHME34,2019-06-18,2026-10-05
CMS ENERGY C,DRN,C1MS34,2020-03-25,2026-09-17
CNOOC LTD,DRN,C1EO34,2020-10-20,2021-01-15
COBRASMA,ON,CBMA3,2015-01-14,2017-03-01
COBRASMA,PN,CBMA4,2015-01-02,2017-03-01
COCA COLA,DRN,COCA34,2015-01-02,2026-10-05
COELBA,DIR,CEEB1,2017-07-31,2017-08-17
COELBA,ON,CEEB3,2015-01-13,2026-10-05
COELBA,PNA,CEEB5,2015-01-21,2026-09-28
COELCE,DIR,COCE1,2024-12-17,2025-08-13
COELCE,DIR,COCE11,2024-12-13,2025-08-13
COELCE,ON,COCE3,2015-01-22,2026-10-05
COELCE,PNA,COCE5,2015-01-02,2026-10-05
COGNA ON,ON,COGN3,2019-10-11,2026-10-05
COGNEX CORP,DRN,C2GN34,2022-02-18,2026-10-05
COGNIZANT,DRN,CTSH34,2016-06-17,2026-10-05
COINBASEGLOB,DRN,C2OI34,2021-08-23,2026-10-05
COLGATE,DRN,COLG34,2015-01-02,2026-10-05
COLUMBIA SPO,DRN,C2SW34,2022-07-22,2026-08-17
COMCAST,DRN,CMCS34,2015-01-05,2026-10-05
COMERICA INC,DRN,C1MA34,2020-03-03,2026-01-21
COMGAS,DIR,CGAS1,2015-05-15,2018-05-10
COMGAS,DIR,CGAS11,2015-05-11,2019-05-24
COMGAS,ON,CGAS3,2015-01-05,2026-10-05
COMGAS,PNA,CGAS5,2015-01-02,2026-10-05
COMPASS,ON,PASS3,2026-05-11,2026-10-05
CONAGRA BRAN,DRN,C1AG34,2020-03-02,2026-09-15
CONCHO RESOU,DRN,C1XO34,2020-02-19,2021-01-20
CONSOLIDATED,DRN,E1DI34,2020-03-27,2026-10-05
CONST A LIND,BNS,CALI11,2022-08-08,2026-01-13
CONST A LIND,DIR,CALI1,2022-06-22,2022-06-22
CONST A LIND,ON,CALI3,2018-10-26,2026-08-12
CONST A LIND,PN,CALI4,2016-09-09,2020-12-22
CONSTELLATIO,DRN,STZB34,2019-06-18,2026-10-05
CONTAX,DIR,CTAX1,2016-12-23,2017-01-16
CONTAX,ON,ATMP3,2025-06-04,2025-06-04
CONTAX,ON,CTAX3,2015-03-11,2026-10-05
CONTAX,PN,CTAX4,2015-01-02,2016-04-20
CONTAX,UNT,CTAX11,2015-01-02,2016-04-20
COOPER COMPA,DRN,C1OO34,2020-05-19,2026-10-05
COPART INC,DRN,C1PR34,2020-02-20,2026-10-05
COPASA,DIR,CSMG1,2016-05-23,2016-06-13
COPASA,ON,CSMG3,2015-01-02,2026-10-05
COPEL,ON,CPLE3,2015-01-02,2026-10-05
COPEL,PNA,CPLE5,2015-04-23,2025-12-19
COPEL,PNB,CPLE6,2015-01-02,2025-11-07
COPEL,UNT,CPLE11,2021-04-26,2023-12-22
COPHILLIPS,DRN,COPH34,2015-01-02,2026-10-05
COPT DEFENSE,DRN,C1DP34,2025-09-04,2026-07-16
COR RIBEIRO,PN,CORR4,2015-12-08,2021-02-11
CORE MIDCAP,DRE,BIJH39,2022-05-09,2026-10-05
CORE MIDCAP,DRN,BIJH39,2020-12-01,2022-05-06
CORE SP 500,DRE,BIVB39,2022-05-09,2026-10-05
CORE SP 500,DRN,BIVB39,2020-12-01,2022-05-06
CORE SP TOTA,DRE,BITO39,2022-05-09,2026-10-05
CORE SP TOTA,DRN,BITO39,2020-12-01,2022-05-06
CORE US REIT,DRE,BUSR39,2022-05-09,2026-10-05
CORE US REIT,DRN,BUSR39,2021-05-03,2022-05-06
COREDIVGROWT,DRE,BGWH39,2022-05-09,2026-10-05
COREDIVGROWT,DRN,BGWH39,2021-05-03,2022-05-06
COREMSCI EMK,DRE,BIEM39,2022-05-09,2026-10-05
COREMSCI EMK,DRN,BIEM39,2020-12-01,2022-05-06
COREMSCI EUR,DRE,BIEU39,2022-05-09,2026-10-05
COREMSCI EUR,DRN,BIEU39,2020-11-30,2022-05-06
COREMSCIEAFE,DRE,BIEF39,2022-05-09,2026-10-05
COREMSCIEAFE,DRN,BIEF39,2020-12-01,2022-05-06
CORESMALLCAP,DRE,BIJR39,2022-05-09,2026-10-05
CORESMALLCAP,DRN,BIJR39,2020-12-01,2022-05-06
CORNING INC,DRN,G1LW34,2020-02-28,2026-10-05
CORPAY,DRN,CPAY34,2024-04-30,2026-09-02
CORTEVA INC,DRN,C1TV34,2020-10-22,2026-10-05
COSAN,ON,CSAN3,2015-01-02,2026-10-05
COSAN LOG,DIR,RLOG1,2016-03-16,2017-10-19
COSAN LOG,ON,RLOG3,2015-01-02,2021-03-05
COSAN LOG,ON,RLOG9,2016-04-15,2017-11-24
COSAN LTD,DR3,CZLT33,2015-01-02,2018-07-10
COSERN,ON,CSRN3,2015-02-27,2024-08-29
COSERN,PNA,CSRN5,2015-01-14,2024-08-29
COSERN,PNB,CSRN6,2015-02-26,2024-08-28
COSTAR GROUP,DRN,C1GP34,2020-11-19,2026-10-05
COSTCO,DRN,COWC34,2016-07-08,2026-10-05
COTEMINAS,ON,CTNM3,2015-01-29,2024-08-13
COTEMINAS,PN,CTNM4,2015-01-02,2024-08-15
COTERRA ENER,DRN,C1OG34,2021-10-20,2026-04-20
COTY INC,DRN,COTY34,2015-07-31,2026-10-05
COUPA SOFTWA,DRN,C1OU34,2020-10-27,2023-02-27
COURSERA INC,DRN,C2OU34,2022-07-22,2026-10-05
COUSINS PROP,DRN,C2PR34,2022-02-22,2026-08-24
CPFL ENERGIA,ON,CPFE3,2015-01-02,2026-10-05
CPFL RENOVAV,ON,CPRE3,2015-01-02,2020-07-02
CR2,ON,CRDE3,2015-01-13,2023-06-14
CREDICORP LT,DRN,B2AP34,2022-02-22,2026-10-05
CREDIT ACCEP,DRN,CRDA34,2019-07-11,2026-04-16
CREDIT SUISS,DRN,C1SU34,2020-10-22,2023-06-09
CREMER,ON,CREM3,2015-01-05,2018-10-24
CRH PLC,DRN,C1RH34,2024-03-25,2026-10-05
CRH PLC,DRN,CRHP34,2019-12-17,2023-08-22
CRIPTO20 EMP,CI,CRPT11,2022-05-12,2026-10-05
CRISPR THERA,DRN,C2RS34,2022-02-22,2026-10-05
CRISTAL,ON,CRPG3,2017-03-29,2026-07-29
CRISTAL,PNA,CRPG5,2015-08-27,2026-10-05
CRISTAL,PNB,CRPG6,2015-11-19,2026-10-05
CROWDSTRIKE,DRN,C2RW34,2022-02-01,2026-10-05
CROWN CASTLE,DRN,C1CI34,2020-02-28,2026-09-30
CRUZEIRO EDU,ON,CSED3,2021-02-11,2026-10-05
CSNMINERACAO,ON,CMIN3,2021-02-18,2026-10-05
CSU CARDSYST,ON,CARD3,2015-01-02,2022-09-14
CSU DIGITAL,ON,CSUD3,2022-09-15,2026-10-05
CSX CORP,DRN,CSXC34,2019-06-18,2026-10-05
CTRIPCOM,DRN,CRIP34,2019-10-30,2026-10-02
CUMMINS INC,DRN,C1MI34,2021-02-18,2026-10-05
CURHEDGEMSCI,DRE,BHEF39,2022-05-23,2026-10-02
CURHEDGEMSCI,DRN,BHEF39,2021-05-06,2022-05-02
CURY S/A,ON,CURY3,2020-09-21,2026-10-05
CVC BRASIL,BNS,CVCB11,2020-09-22,2023-11-16
CVC BRASIL,DIR,CVCB1,2020-07-15,2021-07-21
CVC BRASIL,ON,CVCB3,2015-01-02,2026-10-05
CVC BRASIL,ON,CVCB9,2020-08-14,2021-09-01
CVS HEALTH,DRN,CVSH34,2016-04-27,2026-10-05
CYRE COM-CCP,DIR,CCPR1,2015-05-18,2015-08-17
CYRE COM-CCP,ON,CCPR3,2015-01-08,2021-09-10
CYRELA REALT,ON,CYRE3,2015-01-02,2026-10-05
CYRELA REALT,PN,CYRE4,2026-01-02,2026-10-05
CYRUSONE INC,DRN,C2ON34,2021-06-16,2022-03-23
D H B,PN,DHBI4,2015-01-29,2015-12-30
D1000VFARMA,ON,DMVF3,2020-08-10,2026-10-05
DANAHER CORP,DRN,DHER34,2015-07-28,2026-10-05
DARDEN RESTA,DRN,D1RI34,2020-03-20,2026-06-11
DARLING INGR,DRN,D2AR34,2023-09-12,2026-10-01
DASA,BNS,DASA11,2023-05-08,2025-04-17
DASA,DIR,DASA1,2019-04-08,2024-10-09
DASA,ON,DASA3,2015-01-02,2026-10-05
DATADOG INC,DRN,D1DG34,2020-10-22,2026-10-05
DAVITA INC,DRN,DVAI34,2019-07-11,2026-10-02
DAYCOVAL,PN,DAYC4,2015-01-02,2016-08-23
DEERE CO,DRN,DEEC34,2019-05-13,2026-10-05
DEFI HASH,CI,DEFI11,2022-02-17,2026-10-05
DEFI TECH,DR1,DEFT31,2025-12-18,2026-08-20
DELL TECHNOL,DRN,D1EL34,2020-02-28,2026-10-05
DELTA,DRN,DEAI34,2016-06-08,2026-10-05
DENALI THERA,DRN,D2NL34,2022-02-22,2026-07-13
DENTSPLY SIR,DRN,XRAY34,2019-07-11,2026-10-05
DESKTOP,DIR,DESK1,2022-12-09,2023-01-18
DESKTOP,ON,DESK3,2021-07-21,2026-10-05
DEUTSCHE AK,DRN,DBAG34,2019-07-11,2026-10-05
DEVON ENERGY,DRN,D1VN34,2020-02-27,2026-10-05
DEXCO,ON,DXCO3,2021-08-19,2026-10-05
DEXCOM INC,DRN,D1EX34,2020-10-19,2026-10-05
DEXXOS PAR,ON,DEXP3,2021-06-08,2026-10-05
DEXXOS PAR,PN,DEXP4,2021-06-08,2026-10-05
DIAGEO PL,DRN,DEOP34,2019-12-17,2026-10-05
DIAMONDBACK,DRN,F1AN34,2020-02-19,2026-09-28
DICKS SPORT,DRN,D2KS34,2022-07-11,2026-09-21
DIGITAL LIFE,CI,MILL11,2024-07-25,2026-10-05
DIGITAL REAL,DRN,D1LR34,2020-03-03,2026-10-05
DIMED,ON,PNVL3,2015-01-02,2026-10-05
DIMED,PN,PNVL4,2015-01-12,2021-08-04
DIRECIONAL,ON,DIRR3,2015-01-02,2026-10-05
DISCOVER FIN,DRN,D1FS34,2020-02-28,2025-05-12
DISCOVERY IN,DRN,DCVY34,2019-07-11,2022-04-19
DISCOVERY IN,DRN,DCVY35,2020-02-27,2022-04-05
DISH NETWORK,DRN,D1IS34,2020-02-28,2023-12-21
DMFINANCEIRA,DIR,DMFN1,2024-03-27,2024-04-17
DMFINANCEIRA,ON,DMFN3,2022-09-08,2024-07-12
DOC IMBITUBA,ON,IMBI3,2015-08-05,2016-11-22
DOC IMBITUBA,PN,IMBI4,2015-08-05,2016-11-22
DOCUSIGN INC,DRN,D1OC34,2020-10-19,2026-10-01
DOHLER,ON,DOHL3,2015-04-22,2026-08-21
DOHLER,PN,DOHL4,2015-01-02,2026-10-01
DOLLAR GENER,DRN,DGCO34,2019-05-20,2026-10-05
DOLLAR TREE,DRN,DLTR34,2019-07-11,2026-09-15
DOMINION ENE,DRN,D1OM34,2020-01-31,2026-10-05
DOMINOSPIZZA,DRN,D2PZ34,2021-08-16,2026-10-05
DOMMO,BNS,DMMO11,2019-01-11,2023-01-06
DOMMO,DIR,DMMO1,2017-10-10,2021-12-21
DOMMO,ON,DMMO3,2017-09-21,2023-01-06
DOORDASH INC,DRN,D2AS34,2021-08-17,2026-10-05
DOTZ SA,ON,DOTZ3,2021-05-31,2026-10-05
DOVER CORP,DRN,D1OV34,2020-03-20,2026-09-21
DOW CHEMICAL,DRN,DOWB34,2015-01-22,2017-08-29
DOW INC,DRN,D1OW34,2020-10-28,2026-10-05
DOWDUPONT,DRN,DWDP34,2017-12-18,2019-05-20
DOXIMITY INC,DRN,D2OC34,2022-02-22,2026-10-01
DR HORTON IN,DRN,D1HI34,2020-02-28,2026-07-23
DR REDDYS LA,DRN,R1DY34,2020-10-20,2026-10-01
DRAFTKINGS,DRN,D2KN34,2021-04-06,2026-10-05
DTCOM-DIRECT,DIR,DTCY1,2020-05-19,2020-08-26
DTCOM-DIRECT,ON,DTCY3,2015-01-02,2026-10-01
DTE ENERGY C,DRN,D1TE34,2020-02-10,2026-09-25
DUFRY AG,DR3,DAGB33,2015-01-02,2018-10-15
DUKE ENERGY,DRN,DUKB34,2016-10-03,2026-10-05
DUKE REALTY,DRN,D1RE34,2020-03-24,2022-10-06
DUOLINGO INC,DRN,DUOL34,2025-08-12,2026-10-05
DUPONT N INC,DRN,DDNB34,2019-06-18,2026-09-29
DURATEX,DIR,DTEX1,2016-02-17,2016-03-10
DURATEX,ON,DTEX3,2015-01-02,2021-08-18
DURATEX,ON,DTEX9,2016-04-05,2016-04-26
DXC TECHNOLO,DRN,D1XC34,2020-02-28,2026-09-24
DYNATRACE IN,DRN,D2TC34,2022-02-22,2026-10-05
E I DU PONT,DRN,DUPO34,2016-05-17,2017-08-29
E TRADE FINA,DRN,E1TF34,2020-03-03,2020-09-04
EAGLE MATLS,DRN,E2AG34,2023-11-24,2026-09-09
EASTMAN CHEM,DRN,E1MN34,2020-02-28,2026-09-25
EATON CORP P,DRN,E1TN34,2020-02-27,2026-10-05
EBAY,DRN,EBAY34,2015-01-05,2026-10-01
ECOLAB INC,DRN,E1CL34,2020-02-07,2026-10-05
ECONOMATICA,ON,ECOM3,2026-07-07,2026-10-05
ECONOMATICA,ON,TRAD3,2026-07-06,2026-07-06
ECOPETROL SA,DRN,E1CO34,2020-10-20,2026-10-05
ECORODOVIAS,ON,ECOR3,2015-01-02,2026-10-05
EDISON INTER,DRN,E1IX34,2020-02-27,2026-10-02
EDWARDS LIFE,DRN,E1WL34,2020-03-04,2026-09-16
ELASTIC NV,DRN,E2ST34,2021-08-16,2026-09-22
ELECTR ARTS,DRN,EAIN34,2019-07-11,2026-08-03
ELEKEIROZ,ON,ELEK3,2015-02-09,2020-07-01
ELEKEIROZ,PN,ELEK4,2015-01-07,2020-06-29
ELEKTRO,ON,EKTR3,2016-03-14,2026-04-13
ELEKTRO,PN,EKTR4,2015-01-05,2026-10-05
ELETROBRAS,DIR,ELET1,2019-11-18,2019-12-10
ELETROBRAS,DIR,ELET11,2019-11-18,2019-12-10
ELETROBRAS,ON,ELET3,2015-01-02,2025-11-07
ELETROBRAS,PNA,ELET5,2015-03-03,2025-09-26
ELETROBRAS,PNB,ELET6,2015-01-02,2025-11-07
ELETROMIDIA,ON,ELMD3,2021-02-17,2025-06-12
ELETROPAR,ON,LIPR3,2015-01-02,2025-05-27
ELETROPAULO,DIR,ELPL1,2018-08-02,2018-08-23
ELETROPAULO,ON,ELPL3,2015-02-04,2019-11-26
ELETROPAULO,PN,ELPL4,2015-01-02,2017-11-24
ELEV HEALTH,DRN,E1LV34,2022-06-30,2026-08-17
EMAE,ON,EMAE3,2019-04-08,2025-08-18
EMAE,PN,EMAE4,2015-01-07,2026-10-05
EMBPAR S/A,ON,EPAR3,2021-06-11,2026-10-05
EMBRAER,ON,EMBJ3,2025-11-03,2026-10-05
EMBRAER,ON,EMBR3,2015-01-02,2025-10-31
EMBRATEL PAR,ON,EBTP3,2015-01-15,2015-01-15
EMBRATEL PAR,PN,EBTP4,2015-01-05,2015-01-20
EMC,DRN,EMCC34,2016-07-08,2016-08-31
EMERSON ELEC,DRN,E1MR34,2020-03-23,2026-10-02
EMPIRICUSBTC,CI,EBIT11,2025-07-04,2026-10-05
ENAUTA PART,ON,ENAT3,2019-04-24,2024-07-31
ENCORPAR,ON,ECPR3,2015-02-09,2022-03-04
ENCORPAR,PN,ECPR4,2016-03-01,2022-03-25
ENEL AMERICA,DRN,E1NI34,2020-10-23,2022-06-15
ENERGIAS BR,DIR,ENBR1,2016-05-05,2016-05-27
ENERGIAS BR,ON,ENBR3,2015-01-02,2023-08-21
ENERGIAS BR,ON,ENBR9,2016-06-06,2016-07-08
ENERGISA,DIR,ENGI12,2015-04-23,2015-04-23
ENERGISA,DIR,ENGI13,2018-11-16,2018-12-06
ENERGISA,DIR,ENGI15,2015-10-28,2015-10-28
ENERGISA,DIR,ENGI2,2018-12-06,2018-12-06
ENERGISA,ON,ENGI3,2015-01-23,2026-10-05
ENERGISA,PN,ENGI4,2015-01-02,2026-10-05
ENERGISA,REC,ENGI14,2018-12-14,2018-12-17
ENERGISA,UNT,ENGI11,2015-01-05,2026-10-05
ENERGISA MT,DIR,ENMT2,2016-10-19,2016-10-19
ENERGISA MT,ON,ENMT3,2015-02-27,2026-10-05
ENERGISA MT,PN,ENMT4,2015-05-29,2026-10-05
ENEVA,DIR,ENEV1,2015-09-09,2016-08-29
ENEVA,ON,ENEV3,2015-01-02,2026-10-05
ENGIE BRASIL,ON,EGIE3,2016-07-21,2026-10-05
ENJOEI,ON,ENJU3,2020-11-09,2026-10-05
ENOVIS CORP,DRN,E2NO34,2022-07-22,2026-09-29
ENPHASE ENER,DRN,E2NP34,2022-02-22,2026-10-05
ENTEGRIS INC,DRN,E2NT34,2022-02-22,2026-10-02
ENTERGY CORP,DRN,E1TR34,2020-03-23,2026-08-11
ENTERPRISEPP,DRN,E2PD34,2021-08-16,2022-04-14
EOG RESOURCE,DRN,E1OG34,2020-02-18,2026-10-05
EPAM SYSTEMS,DRN,E2PA34,2022-02-22,2026-09-30
EQTL PARA,ON,EQPA3,2019-12-18,2026-10-05
EQTL PARA,PNA,EQPA5,2019-12-18,2026-09-18
EQTL PARA,PNB,EQPA6,2020-01-02,2025-11-05
EQTL PARA,PNC,EQPA7,2019-12-19,2026-09-16
EQTLMARANHAO,ON,EQMA3B,2020-02-05,2026-10-05
EQUATORIAL,DIR,EQTL1,2023-05-02,2025-02-10
EQUATORIAL,ON,EQTL3,2015-01-02,2026-10-05
EQUATORIAL,ON,EQTL9,2023-06-12,2025-03-27
EQUIFAX INC,DRN,E1FX34,2020-03-23,2023-04-28
EQUIFAXBRL,DR1,EFXB31,2023-10-27,2023-10-27
EQUINIX INC,DRN,EQIX34,2019-05-13,2026-10-05
EQUINOR ASA,DRN,E1QN34,2020-10-22,2026-10-05
EQUITY LIFES,DRN,E2LS34,2022-02-14,2026-10-05
EQUITY RESID,DRN,E1QR34,2020-02-28,2026-08-18
ERICSSON LM,DRN,E1RI34,2020-10-27,2026-09-30
ESGMSCIUSA L,DRE,BSUS39,2022-05-09,2026-10-01
ESGMSCIUSA L,DRN,BSUS39,2021-05-04,2022-05-05
ESPACOLASER,DIR,ESPA1,2022-09-05,2022-09-29
ESPACOLASER,ON,ESPA3,2021-02-01,2026-10-05
ESPACOLASER,ON,ESPA9,2022-10-06,2022-10-26
ESSEX PROPER,DRN,E1SS34,2020-05-19,2026-09-22
ESTACIO PART,ON,ESTC3,2015-01-02,2019-07-22
ESTAPAR,DIR,ALPK1,2021-09-15,2021-10-06
ESTAPAR,ON,ALPK3,2020-05-15,2026-10-05
ESTEE LAUDER,DRN,ELCI34,2019-06-18,2026-10-05
ESTRELA,ON,ESTR3,2015-10-06,2026-03-23
ESTRELA,PN,ESTR4,2015-01-02,2026-10-02
ETERNIT,DIR,ETER1,2019-07-23,2021-04-20
ETERNIT,ON,ETER3,2015-01-02,2026-10-05
ETERNIT,ON,ETER9,2020-06-05,2020-07-08
ETF BRA IBOV,CI,BOVB11,2020-12-07,2026-10-05
ETF BRAD BOV,CI,BOVB11,2019-06-26,2020-12-04
ETF BTG GENB,CI,GENB11,2021-07-26,2026-10-05
ETF BV AURO,CI,AURO11,2025-08-28,2026-10-05
ETF BV COIN,CI,COIN11,2024-12-13,2026-10-05
ETF BV ETHY,CI,ETHY11,2025-12-16,2026-10-05
ETF BV GDIV,CI,GDIV11,2025-10-30,2026-10-05
ETF BV IWMI,CI,IWMI11,2024-12-13,2026-10-05
ETF BV PIPE,CI,PIPE11,2026-02-13,2026-10-05
ETF BV QQQI,CI,QQQI11,2024-06-27,2026-10-05
ETF BV SPYI,CI,SPYI11,2023-11-14,2026-10-05
ETF BV TOPY,CI,TOPY11,2026-06-10,2026-10-05
ETF BV XBCI,CI,XBCI11,2026-03-31,2026-10-05
ETF BV XSPI,CI,XSPI11,2026-04-07,2026-10-05
ETF CASA,CI,CASA11,2025-05-30,2026-10-05
ETF ESG BTG,CI,ESGB11,2020-10-05,2026-10-05
ETF FIXX,CI,FIXX11,2025-06-11,2026-10-05
ETF GALAXY B,CI,BITI11,2022-11-16,2026-10-05
ETF GURU,CI,GURU11,2021-12-27,2024-11-12
ETF HEQREITS,CI,HERT11,2025-06-10,2026-10-05
ETF ORYX B,CI,DBOA11,2024-10-22,2025-10-17
ETF QQQQ,CI,QQQQ11,2024-12-19,2026-10-05
ETF RICO,CI,RICO11,2025-07-03,2026-10-05
ETHER HASH,CI,ETHE11,2021-11-01,2026-10-05
ETSY INC,DRN,E2TS34,2021-08-17,2026-09-29
EUCATEX,ON,EUCA3,2015-04-09,2026-10-05
EUCATEX,PN,EUCA4,2015-01-02,2026-10-05
EURONETWORLD,DRN,E2EF34,2021-08-16,2026-10-05
EUROPE ETF,DRE,BIEV39,2022-05-09,2026-10-05
EUROPE ETF,DRN,BIEV39,2021-05-04,2022-05-06
EVE BRASIL,DR1,EVEB31,2025-07-11,2026-10-05
EVEN,ON,EVEN3,2015-01-02,2026-10-05
EVEREST GRP,DRN,E1VE34,2023-07-07,2026-08-19
EVEREST RE G,DRN,E1VE34,2020-03-23,2023-07-06
EVERGY INC,DRN,E1VR34,2020-02-10,2026-06-23
EVERPURE INC,DRN,P2ST34,2026-02-26,2026-10-02
EVERSOURCE E,DRN,E1SE34,2020-02-10,2026-07-23
EVERTEC INC,DR1,EVTC31,2023-11-03,2026-10-05
EVORA,ON,PTPA3,2016-05-24,2016-07-05
EVORA,PN,PTPA4,2015-01-02,2016-08-02
EXACT SCIENC,DRN,E2XA34,2022-02-22,2026-03-18
EXCELSIOR,PN,BAUH4,2015-01-02,2026-10-05
EXELIXIS INC,DRN,E2XE34,2022-02-22,2026-10-05
EXELON CORP,DRN,E1XC34,2020-02-13,2026-10-02
EXITO,DR2,EXCO32,2023-08-23,2025-05-22
EXP WORLD H,DRN,E2XP34,2022-07-22,2026-06-15
EXPEDIA GROU,DRN,EXGR34,2019-05-22,2026-10-05
EXPEDITORS I,DRN,E1XP34,2020-10-30,2026-07-31
EXPERIAN PLC,DR1,EXPB31,2025-04-22,2026-09-02
EXPON TECHNL,DRE,BXTC39,2022-05-09,2026-10-01
EXPON TECHNL,DRN,BXTC39,2021-05-03,2022-05-05
EXPRESCRIPTS,DRN,ESRX34,2016-05-17,2018-12-17
EXTRA SPACE,DRN,E1XR34,2020-02-19,2026-10-05
EXXON MOBIL,DRN,EXXO34,2015-01-02,2026-10-05
EZTEC,ON,EZTC3,2015-01-02,2026-10-05
F5 INC,DRN,F1FI34,2021-11-26,2026-07-16
F5 NETWORKS,DRN,F1FI34,2020-06-26,2021-11-24
FACEBOOK,DRN,FBOK34,2015-01-05,2021-11-30
FAIR ISAAC C,DRN,F2IC34,2022-02-22,2026-10-05
FASA,ON,FASA3,2026-08-31,2026-10-05
FASA,ON,FICT3,2026-08-28,2026-08-28
FASTENAL,DRN,FASL34,2019-05-20,2026-10-02
FASTLY INC,DRN,F1SL34,2020-10-16,2026-10-05
FEDERAL REAL,DRN,F1RI34,2020-03-23,2022-04-14
FEDEX CORP,DRN,FDXB34,2015-01-05,2026-10-05
FEMSA,DRN,FMXB34,2015-08-25,2026-10-05
FEMSA SAB CV,DRN,C2CA34,2022-02-04,2026-10-05
FER C ATLANT,ON,VSPT3,2016-08-08,2016-11-21
FER HERINGER,ON,FHER3,2015-01-02,2026-10-05
FERBASA,ON,FESA3,2015-03-18,2026-10-05
FERBASA,PN,FESA4,2015-01-02,2026-10-05
FI AGRO FYTO,CI,FTCA11,2025-03-17,2026-10-05
FI BRAD BINC,CI,BINC11,2024-10-15,2026-10-05
FI INFR KNDI,CI,KNDI11,2024-11-28,2026-10-05
FI INFR KNDI,DIR,KNDI12,2026-05-12,2026-05-19
FI INFRA RIF,CI,RIFF11,2024-10-04,2026-10-05
FI ITAU IFRI,CI,IFRI11,2024-06-20,2026-10-05
FI ITAU IFRI,DIR,IFRI12,2026-06-09,2026-06-12
FI ITAUINFRA,CI,IFRA11,2023-06-12,2026-10-05
FI ITAUINFRA,DIR,IFRA12,2024-05-15,2024-05-27
FIA EQI TECH,CI,TEQI11,2021-10-06,2022-09-20
FIA FATOR IV,CI,SINQ11,2015-03-04,2016-01-28
FIA FATOR V,CI,SINC11,2017-12-20,2017-12-20
FIA TOP DIV,CI,XPTD11,2015-01-02,2016-09-12
FIAGRO 051,CI,FZDA11,2022-09-06,2025-11-06
FIAGRO AAGR,CI,AAGR11,2024-02-21,2026-10-05
FIAGRO AAZQ,CI,AAZQ11,2022-12-21,2026-10-05
FIAGRO AGRX,CI,AGRX11,2022-08-04,2026-10-05
FIAGRO AGRX,DIR,AGRX12,2023-05-10,2024-02-27
FIAGRO BBGO,CI,BBGO11,2022-02-01,2026-10-05
FIAGRO BRFT,CI,BRFT11,2023-12-06,2026-10-05
FIAGRO BTAG,CI,BTAG11,2022-03-14,2026-10-05
FIAGRO BTAG,DIR,BTAG12,2022-12-29,2023-03-29
FIAGRO CPTR,CI,CPTR11,2022-06-22,2026-10-05
FIAGRO CPTR,DIR,CPTR12,2022-08-19,2022-08-29
FIAGRO CRAA,CI,CRAA11,2023-04-03,2026-10-05
FIAGRO CRAA,DIR,CRAA12,2024-06-18,2024-11-28
FIAGRO CTEM,CI,CTEM11,2025-02-24,2026-09-21
FIAGRO DEVAN,CI,DCRA11,2022-02-08,2026-10-05
FIAGRO ECO,CI,EGAF11,2022-01-28,2026-10-05
FIAGRO ECO,DIR,EGAF12,2023-04-10,2023-10-23
FIAGRO EQIA,CI,EQIA11,2021-12-21,2022-02-10
FIAGRO EQIA,CI,NCRA11,2022-02-11,2022-11-18
FIAGRO FGA,CI,FGAA11,2022-01-12,2026-10-05
FIAGRO FGA,DIR,FGAA12,2022-05-30,2023-08-15
FIAGRO FZDA,CI,FZDA11,2025-11-10,2026-10-05
FIAGRO FZDB,CI,FZDB11,2023-06-14,2026-09-30
FIAGRO GLPG,CI,GCRA11,2022-01-19,2026-10-05
FIAGRO GRWA,CI,GRWA11,2023-03-10,2026-10-05
FIAGRO HEDGE,CI,HCRA11,2022-07-14,2025-04-24
FIAGRO HEDGE,CI,HCRA14,2023-07-04,2024-02-21
FIAGRO HEDGE,CI,HCRA15,2024-12-09,2024-12-10
FIAGRO HEDGE,CI,HCRA16,2024-12-09,2026-05-06
FIAGRO HEDGE,CI,HCRA17,2024-12-19,2025-05-20
FIAGRO HEDGE,CI,HCRA20,2026-05-04,2026-05-04
FIAGRO HIGH,CI,HGAG11,2022-08-08,2026-10-05
FIAGRO IAAG,CI,IAAG11,2023-07-05,2026-10-05
FIAGRO IAAG,DIR,IAAG12,2024-08-19,2024-08-26
FIAGRO INNOV,CI,OIAG11,2022-05-25,2026-10-05
FIAGRO INNOV,DIR,OIAG12,2023-01-24,2023-02-02
FIAGRO JGP,CI,JGPX11,2021-11-29,2026-10-05
FIAGRO KDOL,CI,KDOL11,2024-11-25,2026-10-05
FIAGRO KINEA,CI,KNCA11,2022-01-18,2026-10-05
FIAGRO KINEA,DIR,KNCA12,2022-05-20,2023-06-21
FIAGRO KOPA,CI,KOPA11,2024-01-04,2026-10-05
FIAGRO LAFI,CI,LAFI11,2024-12-20,2026-10-05
FIAGRO LAFI,DIR,LAFI12,2025-04-23,2025-04-24
FIAGRO LESTE,CI,LSAG11,2022-04-26,2026-10-05
FIAGRO NCH,CI,NCRA11,2022-11-21,2025-03-14
FIAGRO NEXG,CI,NEXG11,2023-12-05,2026-10-05
FIAGRO PLUR,CI,PLCA11,2022-08-09,2026-10-05
FIAGRO RIZA,CI,RZAG11,2021-10-14,2026-10-05
FIAGRO RIZA,DIR,RZAG12,2022-09-21,2022-09-29
FIAGRO ROCA,CI,ROCA11,2026-07-02,2026-10-05
FIAGRO RURA,CI,RURA11,2022-03-09,2026-10-05
FIAGRO RURA,DIR,RURA12,2022-10-25,2023-06-29
FIAGRO RZEO,CI,RZEO11,2024-04-18,2026-09-10
FIAGRO RZNE,CI,RZNE11,2024-11-14,2026-07-09
FIAGRO SFI,CI,IAGR11,2023-02-10,2026-10-05
FIAGRO SNFZ,CI,SNFZ11,2024-08-16,2026-10-05
FIAGRO SUNO,CI,SNAG11,2022-08-08,2026-10-05
FIAGRO SUNO,DIR,SNAG12,2023-09-01,2026-03-25
FIAGRO VCRA,CI,VCRA11,2022-07-01,2026-10-05
FIAGRO VCRA,DIR,VCRA12,2022-11-17,2022-11-25
FIAGRO VGIA,CI,VGIA11,2021-12-15,2026-10-05
FIAGRO VGIA,DIR,VGIA12,2022-04-14,2026-03-10
FIAGRO VHFA,CI,VHFA11,2025-02-12,2026-10-02
FIAGRO XP CA,CI,XPCA11,2021-11-19,2026-10-05
FIAGRO XP CA,DIR,XPCA12,2023-03-29,2023-04-06
FIBAM,PN,FBMC4,2015-01-30,2019-01-18
FIBRIA,ON,FIBR3,2015-01-02,2019-01-03
FIC FI BCNA,CI,BODB11,2023-05-18,2026-10-05
FIC FI BCNA,DIR,BODB12,2023-05-02,2024-07-09
FIC FI BODI,CI,BODI11,2026-02-27,2026-10-05
FIC FI RB ES,CI,RBIF11,2023-06-12,2026-10-05
FIC FI RB ES,DIR,RBIF12,2023-07-26,2024-06-26
FIC IE CAP,CI,CPTI11,2021-04-30,2026-10-05
FIC IE CAP,DIR,CPTI12,2021-06-14,2023-09-18
FIC INFR BTG,CI,BDIF11,2021-04-23,2026-10-05
FIC INTER,CI,BIDB11,2021-10-06,2026-10-05
FICA,ON,FIEI3,2023-06-23,2026-09-29
FICTORALIMEN,DIR,FICT1,2025-07-30,2025-08-25
FICTORALIMEN,ON,FICT3,2024-12-19,2026-08-27
FIDELITY NAT,DRN,F1NI34,2019-12-23,2026-10-05
FIFTH THIRD,DRN,FFTD34,2019-07-11,2026-10-01
FII A BRANCA,CI,FPAB11,2015-01-02,2026-10-05
FII ABC IMOB,CI,ABCP11,2015-01-02,2026-10-05
FII ABSOLUTO,CI,BPFF11,2015-01-02,2025-08-18
FII ABSOLUTO,DIR,BPFF12,2018-10-26,2020-09-24
FII ADSH,CI,ADSH11,2026-03-23,2026-10-05
FII AERO,CI,AERO11,2026-01-27,2026-01-28
FII AESAPAR,CI,AEFI11,2015-01-02,2019-04-30
FII AF CRI,CI,AFHI11,2021-04-05,2021-07-16
FII AFHF,CI,AFHF11,2025-07-11,2026-10-05
FII AFHI CRI,CI,AFHI11,2021-07-19,2026-10-05
FII AFINVCR,CI,AFCR11,2020-04-02,2021-11-12
FII AG CAIXA,CI,AGCX11,2015-01-02,2019-04-30
FII AJ MALLS,CI,AJFI11,2023-11-09,2026-10-05
FII ALI URB,CI,AURB11,2024-01-05,2026-09-11
FII ALIANZA,CI,ALZR11,2018-01-04,2026-10-05
FII ALIANZA,DIR,ALZR12,2019-04-15,2026-01-28
FII ALIANZAC,CI,ALZC11,2024-04-11,2026-10-05
FII ALIANZAT,CI,ALZT11,2024-11-07,2024-12-20
FII ALIANZFF,CI,AFOF11,2021-03-24,2022-09-12
FII ALIANZFF,DIR,AFOF12,2021-06-01,2021-06-08
FII ALIANZME,CI,ALZM11,2022-09-13,2024-12-20
FII ALMIRANT,CI,FAMB11,2024-05-27,2026-10-05
FII ALMIRANT,CI,FAMB11B,2015-01-05,2024-05-24
FII ANCAR IC,CI,ANCR11,2024-02-07,2026-10-05
FII ANCAR IC,CI,ANCR11B,2015-03-02,2024-01-10
FII ANH EDUC,CI,FAED11,2017-05-02,2026-10-05
FII ANH EDUC,CI,FAED11B,2015-01-02,2017-04-28
FII ANH EDUC,DIR,FAED12B,2015-05-06,2015-05-07
FII APEX MS,CI,APXM11,2023-08-11,2026-10-05
FII APXR,CI,APXR11,2024-06-18,2026-10-05
FII APXU,CI,APXU11,2025-08-01,2026-09-30
FII AQPA,CI,AQPA11,2026-07-30,2026-07-30
FII AQUIL RD,CI,ARFI11B,2016-07-11,2020-10-22
FII AQUILLA,CI,AQLL11,2015-04-28,2021-06-28
FII ARCTIUM,CI,ARCT11,2020-07-22,2023-01-25
FII ARCTIUM,CI,RZAT11,2023-01-26,2026-10-05
FII ARCTIUM,DIR,RZAT12,2024-09-11,2024-09-13
FII AROA,CI,AROA11,2023-12-19,2026-10-05
FII ARTE,CI,ARTE11,2026-03-31,2026-10-05
FII ARXD R,CI,ARXD11,2023-05-02,2026-10-05
FII ASA MET,CI,ASMT11,2022-08-24,2025-06-20
FII ASA RET,CI,ASRF11,2023-08-11,2026-09-04
FII ATHENA I,CI,FATN11,2020-08-28,2026-10-05
FII ATHENA I,DIR,FATN12,2025-03-24,2026-06-10
FII ATRIO,CI,ARRI11,2019-11-11,2026-10-05
FII AUTONOMY,CI,AIEC11,2020-10-16,2026-10-05
FII AVUR,CI,AVUR11,2026-03-11,2026-10-02
FII AVUR,CI,AVUR15,2026-08-17,2026-10-02
FII AZPL,CI,AZPL11,2024-09-04,2026-10-05
FII AZPL,DIR,AZPL12,2024-07-10,2024-07-17
FII B VAREJO,CI,BVAR11,2015-05-26,2026-07-17
FII BANRISUL,CI,BNFS11,2015-01-06,2026-10-05
FII BARI VBI,CI,BARI11,2024-12-11,2025-07-22
FII BARIGUI,CI,BARI11,2019-08-08,2024-12-10
FII BARIGUI,DIR,BARI12,2021-02-03,2021-02-11
FII BB CORP,CI,BBRC11,2015-01-02,2026-10-05
FII BB FOF,CI,BBFO11,2021-01-06,2026-10-05
FII BB PAPII,CI,RDPD11,2018-05-03,2023-06-12
FII BB PRGII,CI,BBPO11,2015-01-02,2023-09-29
FII BB PROGR,CI,BBFI11,2024-05-27,2025-11-26
FII BB PROGR,CI,BBFI11B,2015-01-02,2024-05-24
FII BB R PAP,CI,RNDP11,2015-01-02,2025-03-28
FII BBIG,CI,BBIG11,2024-05-03,2026-10-05
FII BC FFII,CI,BCFF11,2017-12-01,2024-10-18
FII BC FFII,CI,BCFF11B,2015-01-02,2017-11-30
FII BC FFII,DIR,BCFF12,2018-08-16,2021-03-29
FII BC FFII,DIR,BCFF12B,2017-03-30,2017-04-05
FII BC FUND,CI,BRCR11,2015-01-02,2026-10-05
FII BCIA,CI,BCIA11,2015-05-26,2026-10-05
FII BCIA,DIR,BCIA12,2020-07-22,2020-07-30
FII BEES CRI,CI,BCRI11,2015-07-01,2026-10-05
FII BEES CRI,DIR,BCRI12,2016-09-13,2016-09-20
FII BFCC,CI,BFCC11,2025-12-29,2026-09-29
FII BGRB,CI,BGRB11,2024-12-04,2026-10-05
FII BLCA VBI,CI,BLCA11,2024-12-16,2026-10-05
FII BLMO PAX,CI,BLMO11,2024-12-12,2024-12-17
FII BLMO VBI,CI,BLMO11,2024-12-19,2026-10-05
FII BLOG,CI,BLOG11,2024-10-16,2026-09-30
FII BLUE,CI,BLUE11,2025-01-30,2026-09-24
FII BLUE AAA,CI,BLCA11,2021-12-15,2024-12-13
FII BLUE CRI,CI,BLMC11,2021-05-31,2024-02-02
FII BLUE FOF,CI,BLMR11,2021-02-12,2024-02-02
FII BLUE LOG,CI,BLMG11,2021-02-08,2026-10-05
FII BLUE LOG,DIR,BLMG12,2021-03-25,2021-04-05
FII BLUE REC,CI,BLUR11,2022-03-24,2025-06-05
FII BLUECAP,CI,BLCP11,2020-05-25,2022-10-27
FII BLUECAP,DIR,BLCP12,2021-08-23,2021-08-31
FII BLUEMAC,CI,BLMO11,2020-04-03,2024-12-11
FII BM THERA,CI,THRA11,2017-06-01,2021-07-07
FII BM THERA,CI,THRA11B,2015-01-02,2017-05-31
FII BM THERA,DIR,THRA12B,2015-07-16,2015-07-20
FII BMBRC LC,CI,BMLC11,2020-11-26,2026-10-05
FII BMBRC LC,CI,BMLC11B,2015-01-02,2020-11-25
FII BMLT,CI,BMLT11,2025-06-12,2026-10-02
FII BR MALLS,CI,BTML11,2024-01-19,2024-01-25
FII BRE VIC,CI,BREV11,2020-02-27,2023-09-22
FII BREI,CI,IBCR11,2021-08-20,2026-10-05
FII BRESCO,CI,BRCO11,2019-12-05,2026-10-05
FII BRESCO,DIR,BRCO12,2020-11-06,2020-11-16
FII BRIO CRE,CI,BICE11,2021-11-11,2026-08-31
FII BRIO II,CI,BRIM11,2020-07-21,2026-05-28
FII BRIO III,CI,BRIP11,2021-01-29,2026-10-05
FII BRIO IV,CI,BIPD11,2023-09-18,2026-03-20
FII BRIO ME,CI,BIME11,2021-11-25,2026-10-05
FII BRIO V,CI,BIPE11,2024-11-06,2026-07-29
FII BRIX,CI,BRIX11,2024-06-20,2024-07-03
FII BRIX,CI,BRIX16,2024-11-01,2024-12-26
FII BRLPROII,CI,BRLA11,2021-10-05,2024-10-09
FII BRLPROP,CI,BPRP11,2019-09-25,2024-09-27
FII BROF,CI,BROF11,2023-04-05,2026-10-05
FII BRREALTY,CI,BZLI11,2017-12-22,2024-04-12
FII BS2,CI,LLAO11,2022-11-30,2025-06-06
FII BSLT,CI,BSLT11,2025-05-07,2026-10-05
FII BTG AGRO,CI,BTAL11,2021-02-04,2026-10-05
FII BTG CRI,CI,BTCI11,2022-11-28,2026-10-05
FII BTG CRI,CI,BTCR11,2019-01-04,2022-11-25
FII BTG CRI,DIR,BTCR12,2022-05-30,2022-10-07
FII BTG SHOP,CI,BPML11,2019-11-05,2026-10-05
FII BTG TAGR,CI,BTRA11,2021-07-28,2026-10-05
FII BTHF,CI,BTHF11,2024-12-16,2026-10-05
FII BTLG,CI,BTLG11,2019-12-02,2026-10-05
FII BTLG,DIR,BTLG12,2020-09-30,2026-05-11
FII BTOWERS,CI,BTWR11,2021-06-11,2026-07-21
FII BTRU,CI,BTRU11,2026-07-27,2026-10-05
FII BTRU,CI,HSRE11,2026-07-24,2026-07-24
FII BTSP I,CI,BTSG11,2022-09-22,2025-10-31
FII BTSP II,CI,BTSI11,2023-07-26,2026-09-17
FII BTYU,CI,BTYU11,2024-05-24,2026-10-05
FII C BRANCO,CI,CBOP11,2015-01-02,2024-07-12
FII C JARDIM,CI,BBVJ11,2015-01-02,2020-11-05
FII C TEXTIL,CI,CTXT11,2015-01-06,2026-10-05
FII CAIXA AG,CI,CXAG11,2022-01-05,2026-10-05
FII CAIXA CI,CI,CXCI11,2022-03-22,2026-10-05
FII CAMPUSFL,CI,FCFL11,2017-06-01,2026-10-05
FII CAMPUSFL,CI,FCFL11B,2015-01-05,2017-05-31
FII CANUMA,CI,CCME11,2022-10-28,2026-10-05
FII CANUMA,DIR,CCME12,2023-05-12,2023-05-22
FII CANVAS,CI,CCRF11,2021-08-10,2022-11-08
FII CAP REIT,CI,CPFF11,2020-01-02,2025-03-17
FII CAPI SEC,CI,CPTS11,2020-07-01,2026-10-05
FII CAPI SEC,CI,CPTS11B,2015-01-02,2020-06-30
FII CAPI SEC,DIR,CPTS12,2020-11-25,2020-12-03
FII CAPI SEC,DIR,CPTS12B,2020-04-27,2020-06-12
FII CBOP PAX,CI,CBOP11,2024-07-15,2026-10-05
FII CCVA,CI,CCVA11,2024-09-26,2024-09-26
FII CEF CORP,CI,CXCO11,2021-04-08,2026-10-05
FII CENESP,CI,CNES11,2017-05-02,2026-10-05
FII CENESP,CI,CNES11B,2015-01-02,2017-04-28
FII CENESP,DIR,CNES12B,2016-10-21,2016-10-24
FII CENU,CI,CENU11,2024-04-26,2024-05-31
FII CEO CCP,CI,CEOC11,2017-06-01,2026-10-05
FII CEO CCP,CI,CEOC11B,2015-01-02,2017-05-31
FII CEO CCP,DIR,CEOC12B,2015-07-14,2015-07-16
FII CF2,CI,CFHI11,2023-07-10,2025-12-05
FII CF3 IMOB,CI,CFII11,2023-12-27,2026-09-02
FII CI IPCA,CI,ICRI11,2024-02-19,2026-10-05
FII CIXF,CI,CIXF11,2025-06-09,2026-01-05
FII CJCTOWER,CI,CJCT11,2020-11-09,2026-10-01
FII CLAVE IN,CI,CLIN11,2023-11-01,2026-10-05
FII COPP,CI,COPP11,2023-07-07,2023-12-21
FII CORE MET,CI,CORM11,2021-06-07,2022-08-23
FII CPHBC UR,CI,CPUR11,2024-11-07,2026-10-05
FII CPLG,CI,CPLG11,2024-06-10,2026-10-05
FII CPOF,CI,CPOF11,2023-12-26,2026-10-02
FII CPSH,CI,CPSH11,2023-07-05,2026-10-05
FII CRIANCA,CI,HCRI11,2017-05-02,2026-10-05
FII CRIANCA,CI,HCRI11B,2015-01-02,2017-04-28
FII CSHG CRI,CI,HGCR11,2015-01-02,2024-07-05
FII CSHG CRI,DIR,HGCR12,2018-05-09,2022-09-23
FII CSHG FOF,CI,HGFF11,2019-08-27,2024-06-14
FII CSHG LOG,CI,HGLG11,2015-01-02,2024-07-19
FII CSHG POP,CI,CSHP11B,2015-01-05,2016-01-19
FII CSHG URB,CI,HGRU11,2018-07-27,2024-06-21
FII CSHGATSA,CI,ATSA11,2018-10-08,2018-10-18
FII CSHGATSA,CI,ATSA11B,2016-02-02,2018-10-03
FII CSHGFOFT,CI,FOFT11,2016-04-04,2018-10-18
FII CSHGJHSF,CI,HGJH11,2015-01-05,2019-05-31
FII CSHGPRIM,CI,HGPO11,2019-06-03,2024-06-07
FII CSHGSHOP,CI,HGBS11,2015-01-02,2018-11-01
FII CVBI PAX,CI,CVBI11,2024-12-12,2024-12-18
FII CVBI VBI,CI,CVBI11,2024-12-19,2025-09-23
FII CVFL,CI,CVFL15,2026-02-03,2026-05-20
FII CX CEDAE,CI,CXCE11,2024-05-06,2026-10-05
FII CX CEDAE,CI,CXCE11B,2015-01-02,2024-05-03
FII CX RBRA2,CI,CRFF11,2019-05-20,2026-10-05
FII CX RBRAV,CI,CXRI11,2015-01-06,2026-10-05
FII CX TRX,CI,CXTL11,2015-01-07,2026-10-02
FII CYLD,CI,CYLD11,2024-04-16,2026-09-17
FII CYRELA,CI,CYCR11,2021-11-23,2026-10-05
FII CYRELA,DIR,CYCR12,2022-05-17,2024-07-11
FII D PEDRO,CI,PQDP11,2015-01-02,2026-10-05
FII DAMA,CI,DAMA11,2024-04-19,2026-10-05
FII DAYC REM,CI,DAYM11,2025-06-23,2026-10-05
FII DEA CARE,CI,CARE11,2016-04-18,2026-10-05
FII DEV ONE,CI,LKDV11,2022-03-30,2026-06-24
FII DEVA FOF,CI,DVFF11,2021-07-28,2026-10-05
FII DEVA PRO,CI,DPRO11,2022-08-16,2026-10-05
FII DEVANT,CI,DEVA11,2020-11-25,2026-10-05
FII DIAMANTE,CI,DAMT11,2024-06-11,2026-10-05
FII DIAMANTE,CI,DAMT11B,2019-10-16,2024-06-07
FII DOMINGOS,CI,FISD11,2017-07-27,2017-07-27
FII DOMO,CI,DOMC11,2015-01-02,2020-10-08
FII DOVEL,CI,DOVL11,2024-06-05,2026-05-04
FII DOVEL,CI,DOVL11B,2015-12-08,2023-06-15
FII DVLP,CI,DVLP11,2024-08-28,2026-10-01
FII DVLT,CI,DVLT11,2025-01-31,2026-05-26
FII EBTA,CI,EBTA11,2026-07-30,2026-09-04
FII EDGE,CI,EDGE11,2025-05-08,2026-10-05
FII EGDB,CI,EGDB11,2024-07-04,2026-10-05
FII EIRA,CI,EIRA11,2025-05-05,2026-10-05
FII ELDORADO,CI,ELDO11B,2015-12-01,2015-12-01
FII EMET,CI,EMET11,2024-08-21,2026-10-05
FII ENERGY,CI,EGYR11,2021-09-17,2026-01-14
FII EQI RECE,CI,EQIR11,2021-11-25,2026-10-05
FII ESTOQ RJ,CI,ERCR11,2021-03-26,2026-06-16
FII ESTOQ RJ,CI,ERCR13,2021-05-26,2021-05-26
FII EUROPA,CI,ERPA11,2021-02-03,2026-10-05
FII EUROPAR,CI,EURO11,2015-01-02,2026-10-05
FII EUROPAR,DIR,EURO12,2017-02-07,2017-02-14
FII EV KINEA,CI,KINP11,2018-02-26,2023-04-10
FII EVEN II,CI,KEVE11,2020-10-22,2026-07-31
FII EXCELLEN,CI,FEXC11,2017-05-02,2022-11-25
FII EXCELLEN,CI,FEXC11B,2015-01-02,2017-04-28
FII EXCELLEN,DIR,FEXC12,2021-04-26,2021-05-04
FII EXES,CI,EXES11,2022-06-27,2026-10-05
FII EXES,DIR,EXES12,2024-07-22,2025-09-01
FII FATOR VE,CI,VRTA11,2015-01-02,2026-10-05
FII FATOR VE,DIR,VRTA12,2017-06-29,2022-10-25
FII FATOR VE,DIR,VRTA13,2016-05-20,2016-05-24
FII FATOR VE,REC,VRTA12,2016-06-03,2016-06-03
FII FATORFIX,CI,FIXX11,2015-01-02,2019-08-26
FII FL RECEB,CI,FLCR11,2021-01-26,2026-10-05
FII FL RECEB,DIR,FLCR12,2024-12-16,2024-12-23
FII FL4440,CI,FLFL11,2023-06-22,2023-06-22
FII FLORIPA,CI,FLRP11,2017-05-08,2026-10-05
FII FLORIPA,CI,FLRP11B,2015-01-02,2017-04-28
FII FOF BREI,CI,IBFF11,2019-10-11,2022-08-17
FII FOF JHSF,CI,JCCJ11,2023-07-26,2023-11-10
FII FYTO,CI,FYTO11,2025-03-17,2026-10-05
FII G TOWERS,CI,GTWR11,2019-06-24,2026-10-05
FII GALAP SP,CI,GCOI11,2023-04-26,2026-09-09
FII GALAPAGO,CI,GCFF11,2020-07-21,2023-06-27
FII GALAPAGO,DIR,GCFF12,2020-11-17,2020-11-25
FII GALERIA,CI,EDGA11,2017-05-02,2026-10-05
FII GALERIA,CI,EDGA11B,2015-01-02,2017-04-28
FII GAVEA,CI,GVFF11,2015-01-14,2016-03-31
FII GAZIT,CI,GZIT11,2024-02-07,2026-10-05
FII GCDL,CI,GCDL11,2024-09-24,2026-10-05
FII GEN SEV,CI,GESE11B,2020-09-28,2020-10-15
FII GEN SHOP,CI,FIGS11,2015-01-02,2026-10-05
FII GENERAL,CI,GSFI11,2019-04-30,2026-10-05
FII GFDL,CI,GFDL11,2025-05-28,2026-10-05
FII GGR ZAG,CI,GGRC11,2026-04-23,2026-10-05
FII GGRCOVEP,CI,GGRC11,2017-05-04,2026-04-22
FII GLCR,CI,GLCR11,2025-05-19,2026-10-05
FII GLPF,CI,GLPF11,2025-01-14,2026-10-05
FII GLPG CRI,CI,GCRI11,2021-04-16,2026-10-05
FII GP RCFA,CI,RCFA11,2019-09-27,2026-10-05
FII GRUL,CI,GRUL11,2024-10-11,2026-10-05
FII GSRF,CI,GSRF11,2025-11-13,2026-10-05
FII GTIS LG,CI,GTLG11,2021-11-08,2023-08-17
FII GUARD MU,CI,GAME11,2021-12-17,2026-10-05
FII GUARDIAN,CI,GALG11,2021-01-07,2024-02-07
FII GUARDIAN,CI,GARE11,2024-02-08,2026-10-05
FII GUARDIAN,DIR,GALG12,2022-11-25,2023-11-01
FII GUARDIAN,DIR,GARE12,2024-11-11,2025-08-12
FII GWI LOG,CI,GWIC11,2015-01-02,2015-09-22
FII GWI RI,CI,GWIR11,2016-02-03,2018-10-23
FII H UNIMED,CI,HUSC11,2018-08-22,2026-01-14
FII HABIT II,CI,HABT11,2019-08-05,2026-10-05
FII HABIT II,DIR,HABT12,2022-05-18,2022-05-25
FII HABITAT,CI,HBTT11,2018-06-07,2020-09-30
FII HATRIUM,CI,ATSA11,2018-10-19,2026-09-25
FII HBC REN,CI,HBCR11,2021-07-15,2026-09-28
FII HECT CRI,CI,HCHG11,2021-07-12,2026-07-15
FII HECT DES,CI,HCST11,2020-12-16,2026-09-25
FII HECTARE,CI,HCTR11,2019-07-11,2026-10-05
FII HECTARE,DIR,HCTR12,2020-02-20,2020-03-03
FII HEDGE DV,CI,HDEL11,2022-12-14,2026-10-01
FII HEDGE OF,CI,HDOF11,2022-02-07,2026-09-30
FII HEDGE RE,CI,HPDP11,2019-12-26,2021-07-12
FII HEDGE SD,CI,SEED11,2022-04-07,2025-06-26
FII HEDGEAAA,CI,HAAA11,2021-02-26,2026-10-05
FII HEDGEBS,CI,HGBS11,2018-11-05,2026-10-05
FII HEDGEBS,DIR,HGBS12,2026-03-12,2026-03-20
FII HEDGEFOF,CI,HFOF11,2018-03-01,2018-10-29
FII HEDGELOG,CI,HLOG11,2019-12-23,2026-10-05
FII HEDGEPDP,CI,HPDP11,2021-07-13,2026-10-05
FII HEDGEREC,CI,HREC11,2021-01-26,2026-10-05
FII HEDGEREC,DIR,HREC12,2022-07-12,2024-09-04
FII HEDMOCA,CI,HMOC11,2018-10-24,2021-03-01
FII HG REAL,CI,HGRE11,2015-01-02,2024-07-12
FII HGBL,CI,HGBL11,2024-04-15,2026-10-05
FII HGCR PAX,CI,HGCR11,2024-07-08,2026-10-05
FII HGFF PAX,CI,HGFF11,2024-06-17,2025-08-18
FII HGI CRI,CI,HGIC11,2021-04-12,2026-10-05
FII HGLG PAX,CI,HGLG11,2024-07-22,2026-10-05
FII HGPO PAX,CI,HGPO11,2024-06-10,2026-05-25
FII HGRE PAX,CI,HGRE11,2024-07-15,2026-10-05
FII HGRU PAX,CI,HGRU11,2024-06-24,2026-10-05
FII HIGIENOP,CI,SHPH11,2015-01-02,2026-10-05
FII HIGIENOP,DIR,SHPH12,2025-02-11,2025-02-24
FII HIRE,CI,HIRE11,2026-01-29,2026-09-16
FII HIRE LOG,CI,HILG11,2024-06-25,2025-07-04
FII HIRE RES,CI,HRES11,2024-07-02,2025-09-24
FII HJCT,CI,HJCT11,2025-11-18,2026-10-05
FII HOFFICEI,CI,HOFC11,2022-10-14,2026-10-05
FII HOMS,CI,HOMS11,2025-02-27,2026-10-05
FII HOTEL MX,CI,HTMX11,2017-05-02,2026-10-05
FII HOTEL MX,CI,HTMX11B,2015-01-02,2017-04-28
FII HOTEL MX,DIR,HTMX12B,2016-08-08,2016-08-12
FII HOUSI,CI,HOSI11,2020-02-21,2026-10-02
FII HREALTY,CI,HRDF11,2020-01-23,2026-09-25
FII HSI CRI,CI,HSAF11,2020-09-18,2026-10-05
FII HSI CRI,DIR,HSAF12,2022-06-20,2024-05-06
FII HSI LOG,CI,HSLG11,2020-12-22,2026-10-05
FII HSI MALL,CI,HSML11,2019-08-16,2026-10-05
FII HSI MALL,DIR,HSML12,2019-10-28,2024-01-16
FII HSIRENDA,CI,HSRE11,2020-12-28,2026-07-23
FII HTOPFOF,CI,TFOF11,2018-10-19,2020-06-30
FII HTOPFOF2,CI,FOFT11,2018-10-19,2019-12-30
FII HTOPFOF3,CI,HFOF11,2018-10-30,2026-10-05
FII HTOPFOF3,DIR,HFOF13,2019-05-27,2019-05-31
FII HUSI,CI,HUSI11,2020-04-09,2026-08-31
FII HYPI,CI,HYPI11,2025-05-08,2025-06-30
FII IBBP,CI,IBBP11,2024-12-19,2026-10-05
FII ICNE,CI,ICNE11,2025-11-28,2026-08-25
FII IDUA,CI,IDUA11,2026-09-02,2026-09-02
FII IFI-D,CI,IFID11,2021-03-01,2022-01-04
FII IFI-E,CI,IFIE11,2020-09-04,2022-01-04
FII IMMB,CI,IMMB11,2026-01-22,2026-09-25
FII INDE,CI,INDE11,2025-07-10,2026-10-02
FII INDL BR,CI,FIIB11,2015-01-05,2026-10-05
FII INDL BR,DIR,FIIB12,2016-09-05,2016-09-06
FII INHF,CI,INHF11,2026-08-27,2026-10-05
FII INTER,CI,BICR11,2019-12-26,2024-11-06
FII INTER IP,CI,ITIP11,2022-01-05,2026-08-27
FII INTER IT,CI,ITIT11,2022-01-05,2026-10-05
FII INTER LG,CI,INLG11,2024-09-25,2026-10-05
FII INTER RD,CI,INRD11,2024-09-30,2026-08-27
FII IRIDIUM,CI,IRDM11,2018-03-08,2025-10-23
FII IRIM,CI,IRIM11,2021-09-30,2026-10-05
FII ISCJ,CI,ISCJ11,2024-05-23,2025-09-29
FII ISCJ,CI,ISCJ12,2025-06-27,2025-09-29
FII ITAU TEM,CI,TMPS11,2023-05-10,2026-10-05
FII ITRI,CI,ITRI11,2024-04-03,2026-10-05
FII JASC REN,CI,JASC11,2022-07-28,2026-09-16
FII JBFO FOF,CI,JBFO11,2021-05-10,2024-04-17
FII JCIN,CI,JCIN11,2024-06-26,2025-10-24
FII JFDCAM,CI,VJFD11,2024-10-02,2026-10-02
FII JFL LIV,CI,JFLL11,2021-01-28,2026-10-05
FII JHSF CJ,CI,JCCJ11,2023-11-21,2026-10-05
FII JHSF FBV,CI,RBBV11,2015-01-02,2021-06-28
FII JPP CAPI,CI,JPPC11,2015-09-10,2025-10-01
FII JPPA CRI,CI,JPPA11,2023-01-02,2026-10-05
FII JPPMOGNO,CI,JPPA11,2019-11-22,2022-12-29
FII JPRD,CI,JPRD11,2026-06-26,2026-09-11
FII JS A FIN,CI,JSAF11,2021-11-25,2026-10-05
FII JS A FIN,DIR,JSAF12,2023-10-27,2024-04-04
FII JS REAL,CI,JSRE11,2015-01-02,2026-10-05
FII JS REAL,DIR,JSRE12,2018-05-10,2018-05-16
FII JS REAL,DIR,JSRE13,2019-08-16,2019-08-23
FII JSCR,CI,JSCR11,2024-08-06,2026-10-05
FII KFEN,CI,KFEN11,2025-01-23,2025-05-02
FII KII REAL,CI,KNRE11,2015-01-07,2026-10-05
FII KILIMA,CI,KISU11,2021-01-15,2026-10-05
FII KILIMA,DIR,KISU12,2021-05-13,2021-05-21
FII KINEA,CI,KNRI11,2015-01-02,2026-10-05
FII KINEA,DIR,KNRI12,2024-03-28,2024-04-08
FII KINEA CR,CI,KCRE11,2022-06-22,2026-10-05
FII KINEA HF,CI,KNHF11,2023-08-22,2026-10-05
FII KINEA HF,DIR,KNHF12,2023-11-21,2023-11-29
FII KINEA HY,CI,KNHY11,2018-08-10,2026-10-05
FII KINEA HY,DIR,KNHY12,2024-03-07,2025-08-01
FII KINEA IP,CI,KNIP11,2016-09-26,2026-10-05
FII KINEA PR,CI,KNPR11,2026-06-17,2026-09-18
FII KINEA RI,CI,KNCR11,2015-01-02,2026-10-05
FII KINEA RI,DIR,KNCR12,2024-05-27,2026-10-05
FII KINEA SC,CI,KNSC11,2020-11-12,2026-10-05
FII KINEA SC,DIR,KNSC12,2021-04-19,2026-08-10
FII KINEA UN,CI,KNUQ11,2023-10-26,2026-10-05
FII KINEA UN,DIR,KNUQ12,2024-05-02,2026-09-17
FII KINEAFOF,CI,KFOF11,2019-02-25,2026-10-05
FII KIVO,CI,KIVO11,2022-03-14,2026-10-05
FII KIVO,DIR,KIVO12,2024-01-04,2024-01-11
FII KONG,CI,KONG11,2026-08-25,2026-08-25
FII KORE,CI,KORE11,2023-12-08,2026-10-05
FII LAGO PDR,CI,LPLP11,2023-09-15,2026-09-29
FII LAGO PDR,CI,LPLP15,2025-04-25,2025-11-25
FII LARGO 13,CI,MSHP11,2015-01-05,2015-02-23
FII LATERES,CI,LATR11B,2015-06-12,2023-03-15
FII LCI PREM,CI,FLCI11,2015-02-03,2016-07-25
FII LEBLON,CI,LRDI11,2024-09-17,2026-10-05
FII LEGATUS,CI,LASC11,2020-04-28,2026-10-05
FII LESTE PA,CI,LSPA11,2022-06-02,2024-12-04
FII LGCP INT,CI,LGCP11,2019-12-23,2024-09-24
FII LGCP INT,DIR,LGCP12,2020-10-07,2020-10-16
FII LIFE,CI,LIFE11,2022-10-24,2026-10-05
FII LIFE,DIR,LIFE12,2024-08-15,2024-08-23
FII LOFT I,CI,LOFT11B,2019-06-21,2021-04-01
FII LOFT I,CI,LOFT13B,2020-04-20,2021-06-30
FII LOFT II,CI,LFTT11,2020-07-27,2025-08-25
FII LOURDES,CI,NSLU11,2017-05-02,2026-10-05
FII LOURDES,CI,NSLU11B,2015-01-02,2017-04-28
FII LOUVEIRA,CI,GRLV11,2015-02-03,2020-11-30
FII LRED,CI,LRED11,2025-11-12,2026-05-21
FII LSOI,CI,LSOI11,2025-10-03,2026-09-14
FII LSOP,CI,LSOP11,2025-11-27,2026-09-24
FII LUGGO,CI,LUGG11,2019-12-30,2024-09-27
FII LVBI VBI,CI,LVBI11,2024-12-16,2026-10-05
FII MAC,CI,DMAC11,2018-12-11,2021-09-24
FII MAGM,CI,MAGM11,2025-08-21,2026-10-05
FII MALLS BP,CI,MALL11,2017-12-18,2025-07-21
FII MALLS BP,DIR,MALL12,2018-09-25,2019-09-09
FII MANATI,CI,MANA11,2022-08-29,2026-10-05
FII MANATI,DIR,MANA12,2024-06-12,2024-06-20
FII MAUA,CI,MCCI11,2019-12-10,2026-10-05
FII MAUA,DIR,MCCI12,2020-10-27,2022-11-03
FII MAUA HF,CI,MCHF11,2021-07-07,2024-02-16
FII MAUA HF,DIR,MCHF12,2022-02-01,2023-04-20
FII MAUA HY,CI,MCHY11,2021-08-19,2024-11-06
FII MAUA MPD,CI,MMPD11,2023-06-26,2026-07-10
FII MAUA RE,CI,MCRE11,2024-11-07,2026-10-05
FII MAX RET,CI,MAXR11,2017-05-03,2026-10-05
FII MAX RET,CI,MAXR11B,2015-01-02,2017-04-28
FII MAXI REN,CI,MXRF11,2015-01-02,2026-10-05
FII MAXI REN,DIR,MXRF12,2019-11-14,2026-07-06
FII MAXIMARC,CI,MXRC11,2015-02-06,2015-08-05
FII MCEM,CI,MCEM11,2023-11-13,2026-06-18
FII MCEM,CI,MCEM15,2025-04-14,2026-03-25
FII MCLO,CI,MCLO11,2025-01-17,2026-10-05
FII MEMORIAL,CI,FMOF11,2015-01-05,2026-10-05
FII MERC BR,CI,MBRF11,2015-01-02,2022-10-07
FII MERC BR,CI,RBOP11,2022-10-10,2026-10-05
FII MERITO I,CI,MFII11,2015-01-02,2026-10-05
FII MERITO R,CI,MFCR11,2022-08-11,2024-11-28
FII MERITOFA,CI,MFAI11,2020-07-08,2024-10-10
FII MIDW,CI,MIDW11,2026-01-19,2026-10-02
FII MINT EDU,CI,MINT11,2020-11-18,2024-11-14
FII MMVE OP,CI,MMVE11,2022-06-28,2026-10-05
FII MOGNO,CI,MGFF11,2018-04-03,2023-12-26
FII MOGNO,DIR,MGFF12,2019-05-30,2019-12-12
FII MOGNO HG,CI,MGCR11,2020-11-03,2023-08-01
FII MOGNO HG,DIR,MGCR12,2021-03-31,2021-04-13
FII MOGNO HT,CI,MGHT11,2020-05-20,2026-10-05
FII MOGNO ID,CI,MGIM11,2021-11-09,2022-02-15
FII MOGNO LG,CI,MGLG11,2021-08-18,2023-02-13
FII MORE ATV,CI,MATV11,2021-10-21,2023-07-28
FII MORE CRI,CI,MORC11,2021-11-24,2024-02-02
FII MORE RE,CI,MORE11,2020-05-13,2024-02-02
FII MORE RE,DIR,MORE12,2020-12-16,2020-12-28
FII MTGESTAO,CI,DRIT11,2023-10-23,2025-06-12
FII MTGESTAO,CI,DRIT11B,2015-01-05,2023-10-20
FII MULT REN,CI,HBRH11,2020-05-18,2024-01-31
FII MULT REN,CI,VVMR11,2024-02-01,2026-10-05
FII MULTSHOP,CI,SHOP11,2022-12-29,2026-06-22
FII NAUI,CI,NAUI11,2025-02-14,2026-05-06
FII NAVI CRI,CI,NCRI11,2023-01-06,2026-09-17
FII NAVI RSD,CI,APTO11,2021-12-21,2026-09-17
FII NAVI TOT,CI,NAVT11,2021-04-26,2026-10-05
FII NCH BR,CI,NCHB11,2022-11-10,2025-03-14
FII NCH BRA,CI,NCHB11,2020-09-11,2021-07-16
FII NCH BRA,CI,NCHB11B,2015-03-31,2015-03-31
FII NCH EQI,CI,EQIN11,2021-07-19,2022-03-14
FII NCH EQI,CI,NCHB11,2022-03-15,2022-11-09
FII NESTPAR,CI,NPAR11,2018-02-19,2022-04-25
FII NEWPORT,CI,NEWL11,2019-12-27,2026-10-05
FII NEWRU,CI,NEWU11,2020-03-23,2026-09-30
FII NMKS,CI,NMKS11,2025-12-04,2026-09-10
FII NMKS,CI,NMKS15,2026-03-27,2026-03-31
FII NOVOHORI,CI,NVHO11,2018-04-18,2026-10-05
FII OCTO,CI,OCRE11,2023-06-20,2026-09-23
FII OLIMPIA,CI,VLOL11,2015-01-02,2023-04-26
FII ONDA ME,CI,ONDA11,2026-01-07,2026-10-05
FII ONDV,CI,ONDV11,2025-08-08,2026-01-06
FII OPPBAL,CI,OBAL11,2024-06-20,2025-08-15
FII OPPORTUN,CI,FTCE11,2023-10-24,2026-04-16
FII OPPORTUN,CI,FTCE11B,2015-09-21,2023-05-17
FII ORAMA,CI,OGHY11,2023-01-25,2024-02-15
FII OU RENDA,CI,OURE11,2021-01-04,2024-07-26
FII OU RENDA,DIR,OURE12,2021-07-30,2021-08-09
FII OURI FOF,CI,OUFF11,2019-07-15,2024-07-26
FII OURI FOF,DIR,OUFF12,2020-07-01,2020-07-10
FII OURI JPP,CI,OUJP11,2017-06-01,2026-10-05
FII OURI JPP,DIR,OUJP12,2019-06-10,2019-06-14
FII OURICYRE,CI,OUCY11,2018-05-22,2020-12-30
FII OURICYRE,DIR,OUCY12,2019-09-04,2019-09-09
FII OURILOG,CI,OULG11,2020-04-01,2025-12-29
FII OURILOG,CI,OULG11B,2019-05-02,2020-03-31
FII OURILOG,DIR,OULG12B,2019-11-27,2019-12-03
FII OURINVES,CI,EDFO11,2023-10-24,2026-09-28
FII OURINVES,CI,EDFO11B,2015-01-05,2023-10-20
FII OURO PRT,CI,ORPD11,2018-07-17,2022-06-10
FII OXRL,CI,OXRL11,2025-10-08,2026-09-28
FII P NEGRA,CI,FPNG11,2016-11-11,2026-09-30
FII P VARGAS,CI,PRSV11,2015-01-02,2026-10-05
FII PAN PROP,CI,PNPR11,2022-02-07,2026-09-30
FII PANAMBY,CI,PABY11,2015-01-21,2026-10-05
FII PANORAMA,CI,PNDL11,2023-04-24,2026-06-01
FII PARQ ANH,CI,PQAG11,2020-07-31,2026-10-02
FII PATA,CI,PATA11,2024-09-23,2026-10-05
FII PATC PAX,CI,PATC11,2024-12-12,2024-12-18
FII PATC VBI,CI,PATC11,2024-12-19,2026-10-05
FII PATL PAX,CI,PATL11,2024-12-11,2024-12-20
FII PATL VBI,CI,PATL11,2024-12-23,2026-05-11
FII PATLOGIS,CI,PATL11,2024-04-17,2024-12-10
FII PATR LOG,CI,PATL11,2020-08-14,2024-04-16
FII PATRIA,CI,PATC11,2019-04-02,2024-12-11
FII PCIP PAX,CI,PCIP11,2025-09-24,2026-10-05
FII PDBM,CI,PDBM11,2025-08-11,2026-09-23
FII PEDRA D,CI,PDDA11B,2018-11-23,2019-04-30
FII PERFORMA,CI,PEMA11,2021-03-26,2026-10-02
FII PERSONAL,CI,PRSN11,2023-10-23,2026-08-28
FII PERSONAL,CI,PRSN11B,2019-11-18,2023-10-17
FII PLAG,CI,PLAG11,2025-02-04,2026-10-05
FII PLTB,CI,PLTB11,2026-08-26,2026-09-30
FII PLUR URB,CI,GURB11,2022-09-01,2024-01-10
FII PLUR URB,CI,PURB11,2022-05-27,2022-08-01
FII PLURAL L,CI,GLOG11,2023-05-12,2026-06-15
FII PLURAL L,CI,PLOG11,2021-03-16,2023-05-11
FII PLURAL R,CI,PLCR11,2019-11-12,2025-07-21
FII PLUS,CI,VTPL11,2024-06-21,2025-09-25
FII PMFO,CI,PMFO11,2023-08-24,2026-08-31
FII PMIS,CI,PMIS11,2024-02-05,2026-10-05
FII PMLL PAX,CI,PMLL11,2025-07-22,2026-10-05
FII PMRL,CI,PMRL11,2025-12-30,2026-10-05
FII PNCR,CI,PNCR11,2023-06-16,2025-09-23
FII PNRC,CI,PNRC11,2023-07-07,2026-06-15
FII POLO CRI,CI,PORD11,2015-01-02,2026-10-05
FII POLO CRI,DIR,PORD12,2020-02-20,2021-06-10
FII POLO I,CI,PLRI11,2015-01-02,2026-10-05
FII POLO SHO,CI,VPSI11,2024-06-13,2026-08-18
FII PSEC PAX,CI,PSEC11,2025-10-24,2026-10-05
FII PULV,CI,PULV11,2024-07-15,2025-10-15
FII PVBI VBI,CI,PVBI11,2024-12-16,2026-10-05
FII QAGR VBI,CI,QAGR11,2024-12-16,2025-02-03
FII QUASAR A,CI,QAGR11,2019-11-12,2024-12-13
FII QUASAR C,CI,QAMI11,2021-04-16,2023-10-27
FII QUATA,CI,QIFF11,2021-01-21,2021-08-20
FII QUATA,CI,QIRI11,2021-08-25,2022-09-13
FII QUATA,CI,QMFF11,2020-07-21,2021-01-19
FII QUATA,DIR,QIFF12,2021-05-25,2021-05-31
FII R INCOME,CI,RBCO11,2019-10-17,2022-10-13
FII R INCOME,DIR,RBCO12,2019-09-24,2020-02-28
FII RB CAP I,CI,FIIP11,2024-10-21,2026-10-05
FII RB CAP I,CI,FIIP11B,2015-01-02,2024-10-18
FII RB CFOF,CI,RFOF11,2020-02-28,2025-10-14
FII RB CRI,CI,RCRI11B,2020-10-29,2021-05-14
FII RB GSB I,CI,RBGS11,2015-01-02,2021-12-30
FII RB II,CI,RBRD11,2015-01-02,2026-10-05
FII RB TFO,CI,RBTS11,2020-04-09,2026-10-05
FII RB YIELD,CI,RBHY11,2021-03-25,2026-10-05
FII RB YIELD,DIR,RBHY12,2021-06-15,2022-12-16
FII RBCAP LG,CI,RBLG11,2021-03-31,2026-08-25
FII RBCAP RI,CI,RRCI11,2020-11-26,2025-12-29
FII RBCRI IV,CI,RBHG11,2021-09-15,2026-10-05
FII RBCRI IV,CI,RBIV11,2019-12-27,2021-09-14
FII RBFY,CI,RBFY11,2025-10-06,2026-09-24
FII RBPRIME1,CI,RBPR11,2015-01-05,2015-08-03
FII RBPRIME2,CI,RBPD11,2015-01-02,2015-07-22
FII RBR DES,CI,RBRM11,2020-07-02,2020-07-02
FII RBR FEED,CI,RCFF11,2020-06-24,2026-09-04
FII RBR III,CI,RBRI11,2022-03-04,2026-09-22
FII RBR LOG,CI,RBRL11,2020-04-20,2026-02-09
FII RBR LOG,DIR,RBRL12,2020-11-23,2020-12-01
FII RBR MULT,CI,RBRX11,2022-09-02,2026-02-09
FII RBR MULT,DIR,RBRX12,2023-03-24,2024-03-12
FII RBR PCRI,CI,FRBR11,2019-04-26,2019-04-26
FII RBR PCRI,CI,RBRY11,2019-05-22,2026-02-09
FII RBR PCRI,DIR,RBRY12,2021-02-26,2024-03-08
FII RBR PR,CI,RPRI11,2022-08-01,2026-10-05
FII RBR PR,DIR,RPRI12,2023-11-21,2023-11-28
FII RBR PROP,CI,RBRP11,2018-08-15,2026-02-09
FII RBR PROP,DIR,RBRP12,2019-11-28,2021-03-08
FII RBRALPHA,CI,RBRF11,2017-09-15,2025-10-02
FII RBRALPHA,DIR,RBRF12,2018-10-08,2020-12-15
FII RBRDESIV,CI,RDIV11,2025-11-10,2025-11-10
FII RBRES IV,CI,RBIR11,2020-03-03,2026-10-05
FII RBRESID2,CI,RBDS11,2015-01-02,2026-10-05
FII RBRESID3,CI,RSPD11,2019-10-29,2026-09-28
FII RBRHGRAD,CI,RBRR11,2018-05-04,2026-02-09
FII RBRHGRAD,DIR,RBRR12,2018-11-26,2022-05-24
FII RBRK,CI,RBRK11,2025-05-07,2025-12-16
FII RBRK PAX,CI,RBRK11,2026-04-14,2026-05-26
FII RBRL PAX,CI,RBRL11,2026-02-10,2026-10-05
FII RBRP PAX,CI,RBRP11,2026-02-10,2026-10-05
FII RBRR PAX,CI,RBRR11,2026-02-10,2026-10-05
FII RBRX PAX,CI,RBRX11,2026-02-10,2026-10-05
FII RBRY PAX,CI,RBRY11,2026-02-10,2026-10-05
FII RCRI,CI,RCRI11,2025-07-09,2026-10-05
FII RD ESCRI,CI,RDES11,2015-01-05,2020-03-20
FII RDLI,CI,RDLI11,2024-07-17,2026-10-05
FII REAGMULT,CI,RMAI11,2020-10-14,2026-01-15
FII REAL INV,CI,RINV11,2023-02-14,2026-10-05
FII REC FOF,CI,RECX11,2021-03-17,2024-10-08
FII REC LOG,CI,RELG11,2020-12-18,2026-08-12
FII REC LOG,DIR,RELG12,2020-11-27,2020-12-04
FII REC RECE,CI,RECR11,2020-08-26,2026-10-05
FII REC REND,CI,RECT11,2020-08-31,2026-10-05
FII RECD,CI,RECD11,2024-10-24,2026-10-05
FII RECM,CI,RECM11,2024-11-18,2026-10-05
FII RECM,DIR,RECM12,2026-06-09,2026-06-18
FII REIT RIV,CI,REIT11,2018-02-26,2026-09-04
FII REIT RIV,CI,REIT11B,2016-10-18,2016-10-18
FII REME,CI,REME11,2026-05-21,2026-10-05
FII RENV,CI,RENV11,2024-08-07,2026-10-05
FII REP 1,CI,RCCS11,2015-01-06,2015-03-09
FII RIOB ED,CI,RBED11,2019-05-02,2025-02-07
FII RIOB FF,CI,RBFF11,2019-08-27,2026-01-22
FII RIOB FF,DIR,RBFF12,2020-02-04,2021-01-06
FII RIOB MT,CI,RBFM11,2026-01-23,2026-10-05
FII RIOB RC,CI,FFCI11,2015-01-02,2019-11-05
FII RIOB RC,CI,RCRB11,2019-11-06,2026-10-05
FII RIOB RC,DIR,FFCI12,2017-09-15,2017-09-27
FII RIOB RR,CI,RBRS11,2020-09-22,2026-10-02
FII RIOB VA,CI,RBVA11,2019-05-02,2026-10-05
FII RIOB VA,DIR,RBVA12,2023-10-02,2023-10-18
FII RIOBCRI2,CI,RBVO11,2015-01-02,2024-12-13
FII RIOBRCIB,CI,RBCB11,2015-01-13,2020-03-06
FII RIONEGRO,CI,RNGO11,2015-01-02,2026-10-05
FII RIZA AKN,CI,RZAK11,2020-12-29,2026-10-05
FII RIZA AKN,DIR,RZAK12,2023-01-12,2023-01-20
FII RIZA DM,CI,RZDM11,2023-05-03,2023-05-24
FII RIZA TX,CI,RZTR11,2020-10-13,2026-10-05
FII RIZA TX,DIR,RZTR12,2021-03-24,2023-12-04
FII RJDA,CI,RJDA11,2025-12-30,2026-10-02
FII RMBS,CI,RMBS11,2026-01-15,2026-10-05
FII ROOFTOPI,CI,ROOF11,2021-12-06,2026-09-17
FII RRES,CI,RRES11,2026-05-26,2026-09-30
FII RSRV,CI,RSRV11,2026-09-30,2026-10-05
FII RTEL,CI,RTEL16,2024-02-19,2026-10-02
FII RVBI PAX,CI,RVBI11,2024-12-12,2024-12-18
FII RVBI VBI,CI,RVBI11,2024-12-19,2025-10-23
FII RZLC,CI,RZLC11,2024-09-12,2026-10-05
FII RZZI,CI,RZZI11,2025-10-16,2026-07-16
FII RZZR,CI,RZZR11,2024-10-16,2026-10-05
FII RZZV,CI,RZZV11,2025-01-15,2025-12-04
FII S F LIMA,CI,FLMA11,2015-01-02,2026-10-05
FII SANT 001,CI,STFI11,2015-01-02,2015-01-23
FII SANT AGE,CI,SAAG11,2015-01-02,2020-04-20
FII SANT PAP,CI,SADI11,2019-08-09,2025-10-17
FII SANT REN,CI,SARE11,2020-01-10,2025-10-23
FII SAPI,CI,SAPI11,2023-10-18,2026-10-05
FII SC 401,CI,FISC11,2018-12-21,2026-10-05
FII SCP,CI,SCPF11,2016-08-15,2026-10-05
FII SDI LOG,CI,SDIL11,2015-01-02,2023-07-03
FII SDI LOG,CI,TRBL11,2023-07-04,2026-10-05
FII SDI LOG,DIR,SDIL12,2018-07-16,2021-09-14
FII SDI PROP,CI,SDIP11,2019-09-26,2020-05-05
FII SEQUOIA,CI,SEQR11,2021-02-26,2026-10-05
FII SERRA VD,CI,SRVD11,2022-01-11,2023-08-29
FII SHOP PDP,CI,SHDP11B,2019-10-04,2019-10-04
FII SHOPJSUL,CI,JRDM11,2017-05-02,2023-07-03
FII SHOPJSUL,CI,JRDM11B,2015-01-02,2017-04-28
FII SHPP,CI,SHPP11,2025-06-25,2026-10-05
FII SIA CORP,CI,SAIC11,2025-01-21,2025-05-06
FII SIA CORP,CI,SAIC11B,2016-01-05,2024-05-14
FII SIG CAP,CI,SIGR11,2022-11-03,2024-04-10
FII SJ AU,CI,SJAU11,2021-02-26,2026-10-05
FII SMRE,CI,SMRE11,2024-04-23,2026-10-05
FII SNME,CI,SNME11,2023-12-18,2026-10-05
FII SOFF,CI,SOFF11,2024-11-29,2026-06-12
FII SOLARIUM,CI,SOLR11,2021-03-11,2024-03-13
FII SP DOWNT,CI,SPTW11,2015-01-02,2025-07-21
FII SPECIALE,CI,LTMT11,2024-08-28,2026-04-01
FII SPG2,CI,SPG211,2025-03-18,2026-09-11
FII SPG2,CI,SPG215,2025-12-18,2026-08-06
FII SPGM,CI,SPGM11,2024-07-25,2026-04-15
FII SPGM,CI,SPGM15,2024-07-25,2026-08-11
FII SPGM,CI,SPGM16,2024-07-25,2026-08-11
FII SPTW PAX,CI,SPTW11,2025-07-22,2026-10-05
FII SPX SYN,CI,SPXS11,2022-08-09,2026-10-05
FII SPX SYN,DIR,SPXS12,2023-07-21,2023-07-31
FII STARX,CI,STRX11,2018-12-21,2026-03-11
FII STYI,CI,STYI11,2025-07-21,2026-10-02
FII SUNO CRI,CI,SNCI11,2021-10-15,2026-10-05
FII SUNO EL,CI,SNEL11,2023-12-13,2026-10-05
FII SUNO EL,DIR,SNEL12,2023-11-22,2026-07-02
FII SUNO LG,CI,SNLG11,2023-02-14,2026-02-03
FII SUNOFOFI,CI,SNFF11,2021-05-07,2026-10-05
FII SUPERNOV,CI,SNCR11,2020-01-24,2020-03-25
FII SUPREMO,CI,SPMO11,2022-09-13,2026-09-09
FII T SANTA,CI,TSFI11,2015-12-18,2016-04-12
FII TBOFFICE,CI,TBOF11,2015-01-02,2020-04-01
FII TEL PROP,CI,TEPP11,2020-05-06,2026-10-05
FII TELM,CI,TELM11,2024-11-28,2026-10-05
FII TG ATIVO,CI,TGAR11,2018-10-01,2026-10-05
FII TG ATIVO,CI,TGAR11B,2017-08-24,2018-09-28
FII TG ATIVO,DIR,TGAR12,2019-11-01,2024-06-06
FII THE ONE,CI,ONEF11,2015-01-05,2023-12-22
FII TISHMAN,CI,TSER11,2021-07-07,2026-05-18
FII TIVIO RI,CI,TVRI11,2023-10-02,2026-10-05
FII TJK REND,CI,TJKB11,2023-03-23,2026-10-05
FII TJK REND,DIR,TJKB12,2024-11-26,2026-03-05
FII TOPFOFII,CI,TFOF11,2016-03-01,2018-10-18
FII TOPP,CI,TOPP11,2024-10-07,2026-02-09
FII TOPP PAX,CI,TOPP11,2026-02-10,2026-10-05
FII TORDE EI,CI,TORD11,2020-04-17,2026-10-05
FII TORRE AL,CI,ALMI11,2017-05-02,2026-10-05
FII TORRE AL,CI,ALMI11B,2015-01-05,2017-04-28
FII TORRE NO,CI,TRNT11,2017-05-02,2026-10-05
FII TORRE NO,CI,TRNT11B,2015-01-05,2017-04-28
FII TOUR II,CI,TOUR11,2019-10-04,2021-11-30
FII TOUR II,CI,TOUR12,2019-02-04,2021-11-30
FII TOUR II,CI,TOUR13,2019-02-11,2021-12-02
FII TOUR V,CI,TCIN11,2021-03-29,2026-02-23
FII TOUR V,CI,TCIN12,2021-04-20,2025-10-28
FII TOUR V,CI,TCIN15,2024-10-01,2025-05-22
FII TOURMALE,CI,TORM13,2019-01-30,2021-11-25
FII TRANSINC,CI,TSNC11,2022-09-22,2026-06-15
FII TRCO,CI,TRCO11,2025-12-10,2026-07-20
FII TRPL,CI,TRPL11,2026-01-08,2026-09-30
FII TRPL,CI,TRPL15,2026-07-16,2026-10-02
FII TRUEMULT,CI,TRUE11,2025-12-30,2026-10-05
FII TRX LOG,CI,TRXL11,2015-01-02,2019-11-29
FII TRX R II,CI,TRXB11,2020-08-06,2026-10-05
FII TRX REAL,CI,TRXF11,2020-01-23,2026-10-05
FII TRXE COR,CI,XTED11,2015-01-02,2022-11-21
FII TRXY,CI,TRXY11,2024-12-02,2026-10-05
FII TRXY,DIR,TRXY12,2026-01-28,2026-02-03
FII UBS,CI,UBSR11,2017-12-21,2018-05-14
FII UBS (BR),CI,UBSR11,2018-05-15,2020-08-25
FII UBS (BR),DIR,UBSR12,2018-04-23,2020-03-24
FII UBS (BR),DIR,UBSR13,2018-10-30,2018-11-06
FII UBS (BR),REC,UBSR16,2020-01-09,2020-01-09
FII UBSOFFIC,CI,RECT11,2019-04-29,2020-08-28
FII UBSOFFIC,DIR,RECT12,2019-11-04,2019-11-08
FII UNID II,CI,IDGR11,2022-04-25,2024-12-23
FII UNIDADES,CI,IDFI11,2021-10-19,2024-10-24
FII UNIMED C,CI,HUCG11,2022-05-10,2026-09-29
FII URCA REN,CI,URPR11,2020-08-27,2026-10-05
FII URHF,CI,URHF11,2024-07-15,2026-10-05
FII V MASTER,CI,VOTS11,2018-07-18,2026-10-05
FII V PARQUE,CI,FVPQ11,2015-02-11,2026-10-05
FII V2 PRIME,CI,VPPR11,2025-02-05,2026-10-05
FII V2 PROP,CI,VVPR11,2020-01-03,2022-09-29
FII V2 RECE,CI,VVCR11,2023-06-13,2026-10-05
FII V2 RENDA,CI,VVRI11,2023-05-05,2026-10-05
FII V2EDCORP,CI,VVCO11,2022-11-22,2026-10-05
FII VALOR HE,CI,VGHF11,2021-03-09,2026-10-05
FII VALOR HE,DIR,VGHF12,2021-10-05,2022-03-15
FII VALORAIP,CI,VGIP11,2020-03-20,2026-10-05
FII VALORAIP,DIR,VGIP12,2020-07-10,2021-12-06
FII VALREIII,CI,VGIR11,2018-07-31,2026-10-05
FII VALREIII,DIR,VGIR12,2019-01-21,2024-10-25
FII VBI 4440,CI,FVBI11,2017-05-02,2020-08-21
FII VBI 4440,CI,FVBI11B,2015-01-02,2017-04-28
FII VBI CON,CI,EVBI11,2021-01-18,2024-11-06
FII VBI CON,DIR,EVBI12,2022-10-11,2022-10-24
FII VBI CRI,CI,CVBI11,2019-09-26,2024-12-11
FII VBI CRI,DIR,CVBI12,2021-02-03,2021-11-05
FII VBI LOG,CI,LVBI11,2018-11-16,2024-12-13
FII VBI LOG,DIR,LVBI12,2020-09-02,2023-09-18
FII VBI LOG,DIR,LVBI13,2019-08-06,2019-08-12
FII VBI PRI,CI,PVBI11,2020-07-29,2024-12-13
FII VBI PRI,DIR,PVBI12,2024-02-05,2024-02-06
FII VBI REIT,CI,RVBI11,2020-02-10,2024-12-11
FII VCTH,CI,VCTH11,2026-02-09,2026-07-23
FII VECT REN,CI,VCRR11,2021-06-21,2026-10-05
FII VECTIS,CI,VCJR11,2020-01-28,2026-10-05
FII VEREDA,CI,VERE11,2019-10-15,2024-06-26
FII VERS CRI,CI,VSLH11,2021-04-08,2026-10-05
FII VGII,CI,VGII11,2023-12-22,2026-10-02
FII VGRH,CI,VGRH11,2026-09-10,2026-10-02
FII VGRI,CI,VGRI11,2024-04-18,2026-10-05
FII VIDANOVA,CI,FIVN11,2015-03-23,2026-10-05
FII VINC COR,CI,VINO11,2019-11-28,2021-07-07
FII VINCI AP,CI,APTO11,2026-09-18,2026-10-05
FII VINCI CI,CI,NCRI11,2026-09-18,2026-10-05
FII VINCI CR,CI,VCRI11,2022-05-16,2026-10-05
FII VINCI IF,CI,VIFI11,2020-06-10,2025-01-23
FII VINCI IU,CI,VIUR11,2021-07-08,2026-10-05
FII VINCI LG,CI,VILG11,2021-07-08,2026-10-05
FII VINCI OF,CI,VINO11,2021-07-08,2026-10-05
FII VINCI SC,CI,VISC11,2017-11-01,2026-10-05
FII VINCI SC,DIR,VISC12,2018-03-21,2018-03-27
FII VINCI SC,DIR,VISC13,2019-12-06,2019-12-12
FII VINCI UB,CI,VIUR11,2021-06-07,2021-07-07
FII VINCILOG,CI,VILG11,2019-03-19,2021-07-07
FII VINCILOG,DIR,VILG12,2020-02-20,2021-01-20
FII VOT LOG,CI,VTLT11,2018-04-26,2025-11-13
FII VOT SEC,CI,VSEC11,2020-07-02,2023-07-19
FII VOT SHOP,CI,VSHO11,2019-01-18,2026-10-05
FII VRTM,CI,VRTM11,2023-11-23,2026-10-05
FII VVDI,CI,VVDI11,2026-08-14,2026-09-29
FII VX XVI,CI,VXXV11,2021-06-04,2026-09-23
FII W PLAZA,CI,WPLZ11,2018-05-02,2026-10-05
FII W PLAZA,CI,WPLZ11B,2015-01-02,2018-04-30
FII WARREN,CI,WSEC11,2022-10-13,2025-11-18
FII WHG F SP,CI,SPDE11,2024-07-16,2025-02-19
FII WHG REAL,CI,WHGR11,2022-06-02,2026-10-05
FII WM RBCAP,CI,WMRB11B,2015-01-05,2017-05-02
FII WTC SP,CI,WTSP11,2023-10-24,2026-10-05
FII WTC SP,CI,WTSP11B,2018-09-05,2023-10-18
FII WTXA,CI,WTXA11,2026-07-30,2026-07-30
FII XLPR RI,CI,XLPR11,2025-12-30,2026-10-05
FII XP CRED,CI,XPCI11,2019-12-17,2026-10-05
FII XP CRED,DIR,XPCI12,2020-01-03,2021-09-23
FII XP GAIA,CI,XPGA11,2015-01-02,2017-05-16
FII XP HOT,CI,XPHT11,2019-05-02,2023-08-01
FII XP HOT,CI,XPHT12,2019-04-25,2023-09-12
FII XP HOT,CI,XPHT14,2023-09-13,2023-09-14
FII XP HOT,DIR,XPHT14,2020-03-10,2020-03-17
FII XP INDL,CI,XPIN11,2018-10-11,2026-07-06
FII XP INDL,DIR,XPIN12,2020-01-30,2020-02-07
FII XP LOG,CI,XPLG11,2018-06-07,2026-10-05
FII XP LOG,DIR,XPLG12,2019-04-25,2020-03-13
FII XP LOG,DIR,XPLG13,2019-09-11,2019-09-17
FII XP MACAE,CI,XPCM11,2015-01-02,2026-10-05
FII XP MALLS,CI,XPML11,2017-12-28,2026-10-05
FII XP MALLS,DIR,XPML12,2018-06-22,2024-04-04
FII XP MALLS,DIR,XPML13,2019-10-08,2019-10-14
FII XP PROP,CI,XPPR11,2019-12-09,2025-02-04
FII XP PROP,DIR,XPPR12,2020-10-29,2020-11-09
FII XP SELEC,CI,XPSF11,2020-02-17,2026-10-05
FII YAGUARA,CI,YCHY11,2019-09-09,2020-07-17
FII YEES,CI,YEES11,2024-04-11,2026-09-01
FII YUCA,CI,YUFI11,2022-05-04,2026-03-20
FII ZAGH,CI,ZAGH11,2024-04-08,2026-10-05
FII ZAVIT C,CI,ZAVC11,2024-04-10,2026-10-05
FII ZAVIT R,CI,ZAVI11,2022-10-31,2026-10-05
FII ZION,CI,ZIFI11,2021-07-20,2026-08-07
FIM F3 FUNDS,CI,FSPM11,2023-08-03,2024-11-26
FINAM,CI,FNAM11,2015-01-02,2026-10-05
FINANSINOS,ON,FNCN3,2021-08-17,2022-08-22
FINOR,CI,FNOR11,2015-01-05,2026-10-05
FIP ATHON,CI,AATH11,2022-10-31,2025-10-01
FIP BKO BREI,CI,BKOI11,2019-05-15,2019-05-15
FIP BRZ IE,CI,BRZP11,2020-02-18,2026-10-05
FIP BTGDV IE,CI,BDIV11,2020-11-30,2026-10-05
FIP CONQUEST,CI,FCCQ11,2015-04-29,2021-07-28
FIP COPN,CI,COPN11,2024-08-27,2026-10-05
FIP END DEBT,CI,ENDD11,2021-01-27,2026-10-05
FIP IE AZIN,CI,AZIN11,2024-01-15,2024-01-25
FIP IE EGIS,CI,EGIS11,2026-07-30,2026-09-30
FIP IE I,CI,ESUU11,2015-02-27,2026-01-15
FIP IE II,CI,ESUD11,2015-01-28,2026-10-01
FIP IE III,CI,ESUT11,2015-05-27,2026-01-15
FIP IE KNOX,CI,KNOX11,2021-03-29,2026-10-05
FIP NVRAPOSO,CI,NVRP11,2020-10-09,2026-07-31
FIP PATR INF,CI,PICE11,2021-03-11,2026-10-05
FIP PATR INF,CI,PICE12,2021-04-20,2026-09-25
FIP PERFIN,CI,PFIN11,2020-01-20,2026-10-05
FIP PORT SUD,CI,FPOR11,2015-03-02,2026-10-02
FIP PRISMA,CI,PPEI11,2020-10-28,2026-10-05
FIP RZDL,CI,RZDL11,2025-01-16,2026-10-05
FIP VINCI IE,CI,VIGT11,2019-11-05,2026-10-05
FIP VINCI IE,DIR,VIGT12,2020-12-10,2020-12-18
FIP XP INFRA,CI,XPIE11,2019-07-15,2026-10-05
FIP XP INFRA,DIR,XPIE12,2023-08-03,2024-03-07
FIP XP OMEGA,CI,XPOM11,2015-01-02,2020-11-17
FIRF XP IE,CI,XPID11,2023-06-12,2026-10-05
FIRST IND RT,DRN,F2RT34,2022-03-10,2026-07-17
FIRST REPUBL,DRN,F1RC34,2020-03-23,2023-05-03
FIRST SOLAR,DRN,FSLR34,2016-08-23,2026-10-05
FIRSTENERGY,DRN,F1EC34,2020-02-11,2026-09-17
FISERV INC,DRN,F1IS34,2020-01-31,2026-10-05
FISET FL REF,CI,FSRF11,2015-01-02,2026-10-05
FISET PESCA,CI,FSPE11,2015-01-22,2026-09-22
FISET TUR,CI,FSTU11,2015-02-02,2026-08-14
FISKER INC,DRN,F2SK34,2022-02-23,2024-03-26
FIVE9 INC,DRN,F2IV34,2022-02-23,2026-10-02
FIVERR INTL,DRN,F2VR34,2021-08-16,2026-10-05
FLAVOR FLAGR,DRN,I1FF34,2020-02-20,2026-09-15
FLEETCOR TEC,DRN,FLTC34,2019-07-11,2023-03-21
FLEURY,DIR,FLRY1,2022-10-24,2022-11-16
FLEURY,ON,FLRY3,2015-01-02,2026-10-05
FLEURY,ON,FLRY9,2022-11-22,2022-12-09
FLIR SYSTEMS,DRN,F1LI34,2020-02-27,2021-05-13
FLOWSERVE CO,DRN,F1LS34,2020-02-18,2026-09-28
FMC CORP,DRN,F1MC34,2020-03-19,2026-10-05
FOCUS ON,ON,POWE3,2021-02-08,2022-03-11
FOMO HASH,CI,FOMO11,2025-04-16,2026-10-05
FORD MOTORS,DRN,FDMO34,2015-01-05,2026-10-05
FORJA TAURUS,BNS,FJTA11,2016-08-08,2019-03-29
FORJA TAURUS,BNS,FJTA12,2016-12-26,2016-12-28
FORJA TAURUS,BNS,FJTA13,2018-11-23,2019-11-11
FORJA TAURUS,BNS,FJTA15,2018-11-23,2019-11-11
FORJA TAURUS,BNS,FJTA17,2018-11-26,2019-11-11
FORJA TAURUS,DIR,FJTA1,2015-05-07,2015-08-03
FORJA TAURUS,DIR,FJTA12,2018-10-15,2018-11-06
FORJA TAURUS,DIR,FJTA14,2018-10-15,2018-11-06
FORJA TAURUS,DIR,FJTA16,2018-10-15,2018-11-06
FORJA TAURUS,DIR,FJTA18,2018-10-15,2018-11-06
FORJA TAURUS,DIR,FJTA2,2015-05-04,2015-08-13
FORJA TAURUS,ON,FJTA3,2015-01-02,2019-11-11
FORJA TAURUS,PN,FJTA4,2015-01-02,2019-11-11
FORTINET INC,DRN,F1TN34,2020-03-25,2026-10-05
FORTIVE CORP,DRN,F1TV34,2020-02-06,2026-07-29
FORTUNE BRAN,DRN,F1BH34,2020-03-03,2022-09-21
FORTUNE INNO,DRN,F1BH34,2023-01-20,2026-06-12
FOX CORP,DRN,FOXC34,2019-09-25,2026-08-06
FRANCONEVADA,DRN,F2NV34,2021-08-16,2026-10-05
FRANKLIN RES,DRN,F1RA34,2020-02-28,2026-07-28
FRANKLIN TEM,DRN,F1RA34,2026-09-17,2026-09-24
FRAS-LE,ON,FRAS3,2015-01-06,2026-10-05
FREEPORT,DRN,FCXO34,2015-02-13,2026-10-05
FRESENIUS,DRN,FMSC34,2019-10-25,2026-09-10
FRESHWORKS,DRN,F2RS34,2022-02-23,2026-10-01
FT CAPSTRENG,DRE,BFTS39,2022-10-21,2026-01-19
FT CAPSTRENG,DRN,BFTS39,2022-02-23,2022-02-23
FT CLOUD CPT,DRE,BKYY39,2022-06-01,2026-10-05
FT CLOUD CPT,DRN,BKYY39,2021-09-16,2022-04-25
FT DJ INTERN,DRE,BFDN39,2022-05-10,2026-06-23
FT DJ INTERN,DRN,BFDN39,2021-09-17,2022-04-13
FT EMERMARKT,DRE,BFEM39,2025-04-07,2026-01-23
FT EQ OPPORT,DRE,BFPX39,2022-08-04,2026-09-22
FT EQ OPPORT,DRN,BFPX39,2021-09-17,2021-11-23
FT HCAREALPH,DRE,BFXH39,2022-12-08,2025-07-22
FT HCAREALPH,DRN,BFXH39,2021-09-16,2022-04-06
FT INTL EQOP,DRE,BFPI39,2022-08-08,2025-05-15
FT INTL EQOP,DRN,BFPI39,2021-09-15,2022-04-07
FT LCAPGROW,DRE,BFTC39,2023-05-16,2024-01-08
FT NASD100EQ,DRE,BQQW39,2022-05-27,2026-09-22
FT NASD100EQ,DRN,BQQW39,2021-09-17,2022-04-26
FT NASD100TC,DRE,BQTC39,2022-05-20,2026-10-05
FT NASD100TC,DRN,BQTC39,2021-09-16,2022-04-28
FT NASDCYBER,DRE,BCIR39,2022-05-12,2026-10-05
FT NASDCYBER,DRN,BCIR39,2021-09-15,2022-05-05
FT NAT GAS,DRE,BFCG39,2022-05-09,2026-09-28
FT NAT GAS,DRN,BFCG39,2021-09-16,2022-05-06
FT NSDQ GRID,DRE,BGRI39,2026-06-02,2026-09-23
FT NSDQ ROBT,DRE,BROB39,2025-06-05,2026-09-18
FT NSQ GREEN,DRE,BQCL39,2022-05-17,2026-10-05
FT NSQ GREEN,DRN,BQCL39,2022-04-11,2022-04-11
FT NYSE BIOT,DRE,BFBI39,2022-05-13,2026-09-22
FT NYSE BIOT,DRN,BFBI39,2021-09-16,2022-04-28
FT RISIDIVID,DRE,BFDA39,2022-07-01,2026-08-10
FT RISIDIVID,DRN,BFDA39,2021-09-16,2022-04-04
FT SMID CAP,DRE,BSDY39,2025-03-10,2025-11-14
FT TECH ALPH,DRE,BFTA39,2023-05-30,2026-03-24
FT TECH ALPH,DRN,BFTA39,2021-09-16,2022-01-18
FT VLINE DIV,DRE,BFVD39,2022-07-25,2025-12-10
FT WATER,DRE,BFIW39,2024-10-30,2026-10-05
FTMOR DV LEA,DRE,BFDL39,2022-05-19,2026-08-10
FTMOR DV LEA,DRN,BFDL39,2021-09-16,2022-04-04
FUNDES,CI,FDES11,2016-06-21,2026-09-03
FUNRES,CI,FRES11,2015-01-07,2015-01-26
G2D INVEST,DR3,G2DI33,2021-05-17,2026-10-05
GAFISA,BNS,GFSA11,2023-05-09,2024-04-23
GAFISA,BNS,GFSA12,2025-08-06,2026-10-05
GAFISA,DIR,GFSA1,2017-12-21,2026-05-21
GAFISA,DIR,GFSA11,2017-03-17,2017-04-06
GAFISA,ON,GFSA11,2023-01-09,2023-01-10
GAFISA,ON,GFSA3,2015-01-02,2026-10-05
GAFISA,ON,GFSA9,2018-01-22,2024-09-13
GALAPAGOS NV,DRN,G1LP34,2020-10-20,2026-05-13
GAMING LEISU,DRN,G1AM34,2025-03-25,2026-10-05
GAP,DRN,GPSI34,2016-06-06,2026-10-05
GARMIN LTD,DRN,G1RM34,2020-02-19,2026-09-22
GARTNER INC,DRN,G1AR34,2020-03-20,2026-09-25
GBTC BV HASH,CI,GBTC11,2025-07-30,2026-10-05
GDS HOLDINGS,DRN,G1DS34,2020-11-13,2026-10-05
GE,DRN,GEOO34,2015-01-02,2024-04-01
GE VERNOVA,DRN,G2EV34,2024-09-03,2026-10-05
GEAEROSPACE,DRN,GEOO34,2024-04-02,2026-10-05
GEHEALTHCARE,DRN,GEHC34,2024-12-18,2026-10-05
GEN DIGT INC,DRN,S1YM34,2022-11-10,2026-10-05
GEN DYNAMICS,DRN,GDBR34,2015-09-21,2026-10-05
GENERAL MILL,DRN,G1MI34,2020-02-28,2026-10-05
GENERAL MOT,DRN,GMCO34,2016-10-25,2026-10-05
GENERALSHOPP,ON,GSHP3,2015-01-02,2026-10-05
GENIAL HBETA,CI,BULZ11,2025-12-15,2026-08-18
GENTEX CORP,DRN,G2NT34,2022-02-23,2026-09-02
GENUINE PART,DRN,G1PC34,2020-03-20,2026-09-21
GEOPARK LTD,DRN,GPRK34,2019-07-11,2026-10-02
GER PARANAP,ON,GEPA3,2015-05-19,2026-10-01
GER PARANAP,PN,GEPA4,2015-01-09,2026-10-01
GERDAU,ON,GGBR3,2015-01-02,2026-10-05
GERDAU,PN,GGBR4,2015-01-02,2026-10-05
GERDAU MET,DIR,GOAU11,2016-07-11,2016-08-02
GERDAU MET,ON,GOAU3,2015-01-02,2026-10-05
GERDAU MET,PN,GOAU4,2015-01-02,2026-10-05
GETNET BR,ON,GETT3,2021-10-18,2022-12-28
GETNET BR,PN,GETT4,2021-10-18,2022-12-28
GETNET BR,UNT,GETT11,2021-10-18,2022-12-28
GETNINJAS,ON,NINJ3,2021-05-17,2025-01-09
GILEAD,DRN,GILD34,2016-04-27,2026-10-05
GLAXOSMITHKL,DRN,G1SK34,2020-10-20,2022-05-23
GLOBAL INFRA,DRE,BIGF39,2022-05-09,2026-10-02
GLOBAL INFRA,DRN,BIGF39,2020-11-30,2022-05-06
GLOBAL PAYME,DRN,G1PI34,2020-03-13,2026-10-01
GLOBAL REIT,DRE,BGRT39,2022-05-09,2026-10-05
GLOBAL REIT,DRN,BGRT39,2021-05-04,2022-05-06
GLOBAL TECH,DRE,BIXN39,2022-05-09,2026-10-05
GLOBAL TECH,DRN,BIXN39,2020-12-07,2022-05-06
GLOBALHEALTH,DRE,BIXJ39,2022-05-09,2026-10-05
GLOBALHEALTH,DRN,BIXJ39,2020-12-07,2022-05-06
GLOBANT SA,DRN,G1LO34,2024-09-06,2026-10-02
GLOBE LIFE I,DRN,G1LL34,2020-03-25,2026-09-30
GLOBUS MEDIC,DRN,G2ME34,2022-07-25,2026-09-14
GLPG BITCOIN,CI,GBIT11,2025-12-10,2026-10-05
GLPG ENE LMP,CI,GLMP11,2026-09-15,2026-10-05
GLPG EUA TM,CI,EUAT11,2026-08-13,2026-10-05
GLPG GLBEXUS,CI,GXUS11,2025-11-27,2026-10-05
GLPG OURO,CI,OROF11,2026-06-10,2026-10-05
GLPG PRATA,CI,PRAF11,2026-06-10,2026-10-05
GODADDY INC,DRN,G2DD34,2021-08-16,2026-10-05
GOL,BNS,GOLL11,2019-07-31,2024-07-23
GOL,BNS,GOLL12,2019-11-21,2024-07-23
GOL,BNS,GOLL13,2023-10-11,2025-06-11
GOL,DIR,GOLL12,2019-05-08,2019-06-03
GOL,DIR,GOLL13,2019-09-03,2019-09-26
GOL,DIR,GOLL14,2023-08-18,2023-09-21
GOL,DIR,GOLL2,2015-07-16,2022-05-10
GOL,PN,GOLL10,2021-06-10,2021-06-16
GOL,PN,GOLL4,2015-01-02,2025-06-11
GOL,PN,GOLL54,2025-06-12,2026-03-27
GOLD FIELDS,DRN,G1FI34,2020-10-27,2026-10-05
GOLD TRUST,DRE,BIAU39,2022-05-09,2026-10-05
GOLD TRUST,DRN,BIAU39,2020-11-30,2022-05-06
GOLDMANSACHS,DRN,GSGI34,2015-01-02,2026-10-05
GOOGLE,DRN,GOOG34,2015-01-02,2015-10-05
GOOGLE,DRN,GOOG35,2015-09-21,2015-09-29
GOPRO,DRN,GPRO34,2017-01-31,2026-10-05
GP AEROPACIF,DRN,P2CF34,2022-02-23,2026-10-05
GP AEROSURES,DRN,S2RE34,2022-02-23,2026-10-05
GP INVEST,DIR,GPIV11,2023-12-14,2024-01-09
GP INVEST,DR3,GPIV33,2015-01-02,2025-08-11
GPC PART,ON,GPCP3,2015-01-05,2021-06-07
GPC PART,PN,GPCP4,2020-09-25,2021-06-07
GPS,ON,GGPS3,2021-04-26,2026-10-05
GRANJA FARIA,ON,EGGY3,2026-04-08,2026-04-08
GRAVSHOP FII,CI,GRAV11,2026-07-15,2026-10-01
GRAVSHOP FII,CI,SHOP11,2026-06-26,2026-06-26
GRAZZIOTIN,DIR,CGRA1,2023-06-13,2026-05-11
GRAZZIOTIN,DIR,CGRA2,2023-06-09,2026-05-11
GRAZZIOTIN,ON,CGRA3,2015-01-02,2026-10-05
GRAZZIOTIN,PN,CGRA4,2015-01-02,2026-10-05
GRENDENE,ON,GRND3,2015-01-02,2026-10-05
GRUPO MATEUS,DIR,GMAT1,2024-11-13,2025-12-17
GRUPO MATEUS,ON,GMAT3,2020-10-13,2026-10-05
GRUPO NATURA,DIR,NTCO1,2020-05-13,2020-06-08
GRUPO NATURA,ON,NTCO3,2019-12-18,2025-07-01
GRUPO NATURA,ON,NTCO9,2020-06-15,2020-06-30
GRUPO SBF,ON,SBFG3,2021-03-31,2026-10-05
GRUPO SOMA,ON,SOMA3,2020-07-31,2024-07-31
GRUPO TOKY,BNS,TOKY11,2025-12-29,2026-10-05
GRUPO TOKY,DIR,TOKY1,2025-11-21,2025-12-17
GRUPO TOKY,ON,TOKY3,2025-06-03,2026-10-05
GRUPOCIBEST,DRN,C2OL34,2025-05-19,2026-10-05
GSK PLC,DRN,G1SK34,2022-05-26,2026-10-05
GTD PART,ON,GTDP3B,2015-01-05,2015-03-19
GTD PART,PN,GTDP4B,2015-01-05,2015-03-26
GUARARAPES,ON,GUAR3,2015-01-02,2026-02-04
GUARARAPES,PN,GUAR4,2015-01-02,2019-02-06
GUIDEWIRE SW,DRN,G2WR34,2022-02-23,2026-09-29
GX AEVEHICLE,DRE,BDRI39,2022-05-09,2026-10-05
GX AEVEHICLE,DRN,BDRI39,2022-04-19,2022-05-06
GX AI SM QTM,DRE,CHPX39,2026-07-17,2026-10-05
GX AI TECH,DRE,BAIQ39,2023-09-06,2026-10-05
GX ARGENTINA,DRE,ARGT39,2025-04-29,2026-10-05
GX BLOCKCHAI,DRE,BKCH39,2022-11-04,2026-10-05
GX CANNABIS,DRE,BPOT39,2022-09-21,2024-02-06
GX CATHOLVAL,DRE,BCAT39,2022-12-14,2026-10-05
GX CLEANCH,DRE,BCTE39,2022-11-04,2026-10-05
GX CLOUD CPT,DRE,BCLO39,2022-05-09,2026-10-02
GX CLOUD CPT,DRN,BCLO39,2022-04-18,2022-05-06
GX COLOMBIA,DRE,COLO39,2026-05-21,2026-10-05
GX COPPER MN,DRE,BCPX39,2022-05-09,2026-10-05
GX COPPER MN,DRN,BCPX39,2022-04-18,2022-05-06
GX CYBERSECT,DRE,BBUG39,2022-05-09,2026-10-05
GX CYBERSECT,DRN,BBUG39,2022-04-19,2022-05-06
GX DATAINFRA,DRE,DTCR39,2025-05-21,2026-10-05
GX DEFENSE,DRE,SHLD39,2026-05-27,2026-10-05
GX FINTECH,DRE,BFNX39,2022-05-09,2026-10-01
GX FINTECH,DRN,BFNX39,2022-04-18,2022-05-06
GX GAMES SPT,DRE,BHER39,2022-05-09,2026-10-05
GX GAMES SPT,DRN,BHER39,2022-04-19,2022-05-06
GX GENOMBIOT,DRE,BGNO39,2022-11-04,2026-10-05
GX GOLD EXP,DRE,GOEX39,2026-05-26,2026-10-02
GX INFRA DEV,DRE,BPVE39,2022-05-09,2026-10-05
GX INFRA DEV,DRN,BPVE39,2022-04-18,2022-05-06
GX INTERTHGS,DRE,BSNS39,2022-11-03,2026-09-17
GX LITHIUM B,DRE,BLBT39,2022-05-09,2026-10-05
GX LITHIUM B,DRN,BLBT39,2022-04-18,2022-05-06
GX MILLECONM,DRE,BMIL39,2022-11-04,2026-10-05
GX MLP EN IN,DRE,BLPX39,2022-05-09,2026-10-05
GX MLP EN IN,DRN,BLPX39,2022-04-20,2022-05-06
GX MLP ETF,DRE,BLPA39,2022-05-09,2026-10-05
GX MLP ETF,DRN,BLPA39,2022-04-20,2022-05-06
GX MSCICHIFL,DRE,BHIX39,2022-09-21,2024-02-06
GX MSCICHINA,DRE,BCHQ39,2022-05-09,2026-10-05
GX MSCICHINA,DRN,BCHQ39,2022-04-20,2022-05-06
GX NASDAQ100,DRE,BQYL39,2022-05-09,2026-10-05
GX NASDAQ100,DRN,BQYL39,2022-04-20,2022-05-06
GX RAREARTH,DRE,EART39,2026-07-17,2026-10-05
GX ROBOTC AI,DRE,BOTZ39,2022-05-09,2026-10-05
GX ROBOTC AI,DRN,BOTZ39,2022-04-19,2022-05-06
GX RUSSL2000,DRE,RSSL39,2025-05-21,2026-10-01
GX SILVER MN,DRE,BSIL39,2022-05-09,2026-10-05
GX SILVER MN,DRN,BSIL39,2022-04-18,2022-05-06
GX SOCIAL MD,DRE,BSOC39,2022-05-09,2026-06-30
GX SOCIAL MD,DRN,BSOC39,2022-04-20,2022-05-06
GX SPACETECH,DRE,ORBX39,2026-07-21,2026-10-05
GX SUDIVREIT,DRE,BSRE39,2022-09-21,2026-10-02
GX SUPDIV US,DRE,BDVD39,2022-05-09,2026-10-05
GX SUPDIV US,DRN,BDVD39,2022-04-18,2022-05-06
GX SUPERDIVD,DRE,BSDV39,2022-05-09,2026-10-05
GX SUPERDIVD,DRN,BSDV39,2022-04-18,2022-05-06
GX T BILL,DRE,TBIL39,2024-11-12,2026-10-05
GX TLMEDC DH,DRE,BEDC39,2022-05-09,2025-02-28
GX TLMEDC DH,DRN,BEDC39,2022-04-19,2022-05-06
GX URANIUM,DRE,BURA39,2022-05-09,2026-10-05
GX URANIUM,DRN,BURA39,2022-04-18,2022-05-06
GX USPREFERR,DRE,BPFR39,2022-12-15,2026-07-30
GX VAR RTPRF,DRE,BPFV39,2022-12-15,2026-09-29
H WORLD GRP,DRN,H1TH34,2022-09-02,2026-09-02
HABITASUL,PNA,HBTS5,2015-01-08,2026-09-14
HAGA S/A,ON,HAGA3,2015-01-26,2026-10-05
HAGA S/A,PN,HAGA4,2015-01-02,2026-10-05
HAIN CELESTI,DRN,H2AI34,2022-07-26,2024-11-13
HALLIBURTON,DRN,HALI34,2015-01-22,2026-10-05
HANESBRANDS,DRN,H1BI34,2020-02-27,2025-11-10
HANOVER INSU,DRN,THGI34,2019-07-11,2025-04-09
HAPVIDA,ON,HAPV3,2018-04-25,2026-10-05
HARLEY-DAVID,DRN,H1OG34,2020-03-25,2026-10-05
HARTFORD FIN,DRN,H1IG34,2020-03-03,2024-05-14
HARTFORD INS,DRN,H1IG34,2026-02-19,2026-10-05
HASBRO INC,DRN,H1AS34,2020-03-20,2026-09-03
HASHDEX BTC,CI,BITH11,2021-08-30,2021-10-29
HASHDEX BTCN,CI,BITH11,2021-08-05,2021-08-27
HASHDEX ETH,CI,ETHE11,2021-08-18,2021-10-29
HASHDEX NCI,CI,HASH11,2021-04-26,2026-10-05
HBR REALTY,ON,HBRE3,2021-01-26,2026-10-05
HCA HEALTHCA,DRN,H1CA34,2020-02-18,2026-10-05
HDFC BANK LT,DRN,H1DB34,2020-10-20,2026-10-05
HEALTH REALT,DRN,H2TA34,2022-08-01,2026-07-07
HEALTHC TRUS,DRN,H2TA34,2022-02-23,2022-07-26
HEALTHPEAK P,DRN,P1EA34,2020-02-28,2026-10-05
HEICO CORP,DRN,H1EI34,2020-10-28,2026-10-02
HELBOR,DIR,HBOR1,2016-09-26,2017-11-08
HELBOR,ON,HBOR3,2015-01-02,2026-10-05
HELBOR,ON,HBOR9,2016-10-26,2017-12-21
HENRY SCHEIN,DRN,H1SI34,2020-03-23,2026-09-03
HER BLOCK IN,DRN,H1RB34,2020-03-19,2026-09-03
HERCULES,ON,HETA3,2015-02-05,2022-08-12
HERCULES,PN,HETA4,2015-01-05,2026-10-05
HERSHEY CO,DRN,HSHY34,2015-09-21,2026-10-05
HESS CORP,DRN,H1ES34,2020-02-28,2025-07-03
HEWLETT PACK,DRN,H1PE34,2020-02-28,2026-10-05
HF SINCLAIR,DRN,H1FC34,2022-07-19,2026-10-05
HIDROVIAS,DIR,HBSA1,2024-10-02,2025-04-07
HIDROVIAS,ON,HBSA3,2020-09-25,2026-10-05
HIDROVIAS,ON,HBSA9,2025-04-11,2025-05-08
HIGHWOODS PR,DRN,HIWP34,2025-01-31,2026-08-12
HILTON WORLD,DRN,H1LT34,2020-02-27,2026-10-02
HOLLYFRONTIE,DRN,H1FC34,2020-02-28,2022-02-11
HOLOGIC INC,DRN,H1OL34,2020-02-28,2025-11-04
HOME DEPOT,DRN,HOME34,2015-01-02,2026-10-05
HOMERUN INC,DR1,HMRN31,2026-06-11,2026-10-02
HONDA MO,DRN,HOND34,2019-12-17,2026-10-05
HONEYWELL,DRN,HONB34,2015-01-22,2026-10-05
HORIZON THER,DRN,H1ZN34,2020-10-14,2023-03-15
HORMEL FOODS,DRN,H1RL34,2020-03-02,2026-10-05
HOST HOTELS,DRN,H1ST34,2020-02-28,2026-10-05
HOTEIS OTHON,PN,HOOT4,2015-01-02,2026-10-05
HOWARD H HLD,DRN,H1HH34,2025-10-01,2026-10-05
HOWMET AERO,DRN,ARNC34,2020-05-19,2026-10-05
HP COMPANY,DRN,HPQB34,2015-01-20,2026-10-05
HRT PETROLEO,ON,HRTP3,2015-01-02,2015-06-25
HSBC HOLDING,DRN,H1SB34,2020-10-20,2026-10-05
HUAZHU GROUP,DRN,H1TH34,2020-11-16,2022-06-30
HUBSPOT INC,DRN,H2UB34,2021-08-17,2026-10-05
HUMANA INC,DRN,H1UM34,2020-03-23,2026-10-05
HUNTINGTON B,DRN,H1BA34,2020-02-28,2026-10-02
HUNTINGTON I,DRN,H1II34,2020-04-20,2026-09-08
HYPERA,DIR,HYPE1,2026-02-09,2026-03-12
HYPERA,ON,HYPE3,2018-02-09,2026-10-05
HYPERA,ON,HYPE9,2026-03-18,2026-03-31
HYPERMARCAS,ON,HYPE3,2015-01-02,2018-02-08
IAC INTERACT,DRN,I1AC34,2020-11-05,2026-06-01
IB GROUP,DRN,IBKR34,2025-09-02,2026-10-02
IBM,DRN,IBMB34,2015-01-02,2026-10-05
ICE BIOTECH,DRE,BIBB39,2022-05-09,2026-10-05
ICE BIOTECH,DRN,BIBB39,2021-06-22,2022-05-06
ICICI BANK L,DRN,I1BN34,2020-10-20,2026-10-05
ICON PLC,DRN,ICLR34,2026-02-05,2026-10-05
IDEIASNET,DIR,IDNT1,2015-03-24,2015-06-03
IDEIASNET,ON,IDNT3,2015-01-02,2020-07-10
IDEIASNET,ON,IDNT9,2015-06-30,2015-07-01
IDEX CORP,DRN,I1EX34,2020-11-24,2026-07-27
IDEXX LABORA,DRN,I1DX34,2020-03-04,2026-10-05
IGB S/A,DIR,IGBR1,2021-01-04,2021-01-28
IGB S/A,ON,IGBR3,2015-01-02,2023-06-06
IGUATEMI,ON,IGTA3,2015-01-02,2021-11-19
IGUATEMI S.A,ON,IGTI3,2021-11-22,2026-10-05
IGUATEMI S.A,PN,IGTI4,2022-09-23,2026-10-05
IGUATEMI S.A,UNT,IGTI11,2021-11-22,2026-10-05
IHPARDINI,ON,PARD3,2017-02-14,2023-04-28
IHS MARKIT L,DRN,I1NF34,2020-02-07,2022-02-24
ILLINOIS TOO,DRN,I1TW34,2020-03-03,2026-09-21
ILLUMINA INC,DRN,I1LM34,2020-03-20,2026-10-05
IMC HOLDINGS,ON,IMCH3,2015-01-02,2015-03-30
IMC S/A,DIR,MEAL1,2015-12-01,2015-12-18
IMC S/A,ON,MEAL3,2015-03-31,2026-10-05
IMC S/A,ON,MEAL9,2016-01-29,2016-01-29
INARI MEDICA,DRN,N2AR34,2022-07-25,2022-08-01
INC ESG AWAR,DRE,BEGE39,2022-05-18,2026-08-27
INC ESG AWAR,DRN,BEGE39,2020-12-01,2022-04-25
INCYTE CORP,DRN,I1NC34,2020-06-12,2026-10-05
INDIE SEMICO,DRN,I2ND34,2022-07-25,2026-10-05
INDS ROMI,ON,ROMI3,2015-01-02,2022-05-04
INDUSVAL,BNS,IDVL11,2015-06-22,2015-06-22
INDUSVAL,DIR,IDVL1,2019-03-28,2019-04-18
INDUSVAL,ON,IDVL3,2015-08-03,2020-12-30
INDUSVAL,ON,IDVL9,2019-04-29,2019-06-26
INDUSVAL,PN,IDVL4,2015-01-02,2020-12-30
INEPAR,DIR,INEP1,2018-12-06,2025-06-02
INEPAR,DIR,INEP11,2015-12-08,2025-06-11
INEPAR,DIR,INEP12,2018-12-06,2025-06-11
INEPAR,ON,INEP3,2015-01-02,2026-10-05
INEPAR,PN,INEP4,2015-01-02,2026-10-05
INEPAR TEL,ON,INET3,2015-01-02,2015-10-13
INFB INFRA,CI,INFB11,2024-09-03,2026-10-05
INFOSYS LTD,DRN,I1FO34,2020-10-20,2026-10-05
INFRA BCDI,CI,BCDI11,2026-08-04,2026-10-05
INFRA BISE,CI,BISE11,2026-05-07,2026-10-05
INFRA DBIN,CI,DBIN11,2025-08-26,2026-08-20
INFRA EXIF,CI,EXIF11,2025-04-07,2026-10-05
INFRA IRIF,CI,IRIF11,2024-10-16,2026-10-05
INFRA JMBI,CI,JMBI11,2024-12-04,2026-10-05
INFRA PRIF,CI,PRIF11,2025-01-21,2026-10-05
INFRA SUIN,CI,SUIN11,2025-11-05,2026-10-05
INFRA VALO,CI,VALO11,2026-01-19,2026-10-02
INFRA VINF,CI,VINF11,2025-10-13,2026-10-05
INFRACOMM,BNS,IFCM11,2023-12-18,2024-11-11
INFRACOMM,DIR,IFCM1,2022-08-17,2026-04-22
INFRACOMM,DIR,IFCM11,2025-04-17,2025-05-13
INFRACOMM,DIR,IFCM12,2025-04-17,2025-05-13
INFRACOMM,ON,IFCM3,2021-05-04,2026-10-05
INFRACOMM,ON,IFCM9,2022-09-16,2022-10-04
ING GROEP,DRN,INGG34,2019-12-17,2026-10-05
INGERSOLL RA,DRN,I1RP34,2020-03-11,2020-03-11
INGERSOLL RD,DRN,I2RS34,2022-02-23,2026-09-29
INGREDION IN,DRN,I2NG34,2022-07-25,2026-09-28
INSULET CORP,DRN,P2OD34,2022-02-23,2026-09-02
INT EXCHANGE,DRN,I1HG34,2020-11-11,2026-08-27
INTEL,DRN,ITLC34,2015-01-02,2026-10-05
INTELBRAS,ON,INTB3,2021-02-04,2026-10-05
INTER BANCO,DIR,BIDI2,2018-07-06,2018-07-25
INTER BANCO,PN,BIDI4,2018-05-11,2018-07-25
INTER BANCO,UNT,BIDI11,2018-04-30,2018-05-10
INTER CO,DR1,INBR31,2022-06-20,2022-08-26
INTER CO,DR2,INBR32,2022-08-29,2026-10-05
INTERCONTINE,DRN,I1CE34,2020-02-11,2026-10-05
INTERMEDICA,ON,GNDI3,2018-04-23,2022-02-11
INTERNATIONA,DRN,I1PC34,2020-03-02,2026-10-05
INTERPUBLIC,DRN,I1PH34,2020-03-23,2025-11-26
INTRA CELL,DRN,I2TC34,2023-07-27,2025-03-21
INTUIT INC,DRN,INTU34,2019-05-28,2026-10-05
INTUITIVE SU,DRN,I1SR34,2020-02-21,2026-10-05
INVCONSTQBRL,CI,BVBR11,2025-12-04,2026-10-05
INVESCO LTD,DRN,I1VZ34,2020-01-07,2026-10-05
INVEST BCORP,DRN,ISBC34,2019-07-11,2022-03-07
INVEST BEMGE,ON,FIGE3,2016-03-01,2026-03-19
INVEST BEMGE,PN,FIGE4,2016-03-01,2016-03-01
INVESTO 5GTK,CI,5GTK11,2022-02-03,2024-07-16
INVESTO ALUG,CI,ALUG11,2021-10-29,2026-10-05
INVESTO BDOM,CI,BDOM11,2022-09-22,2026-10-05
INVESTO BIZD,CI,BIZD11,2025-05-08,2026-10-05
INVESTO BLOK,CI,BLOK11,2022-06-24,2025-12-16
INVESTO BNDX,CI,BNDX11,2022-07-13,2026-10-05
INVESTO BTEK,CI,BTEK11,2021-12-16,2025-05-15
INVESTO BXPO,CI,BXPO11,2022-09-22,2026-10-05
INVESTO CHIP,CI,CHIP11,2024-07-18,2026-10-05
INVESTO FOOD,CI,FOOD11,2022-07-05,2025-03-28
INVESTO GLDX,CI,GLDX11,2025-03-31,2026-10-05
INVESTO HODL,CI,HODL11,2025-02-03,2026-10-05
INVESTO JOGO,CI,JOGO11,2021-12-15,2026-10-05
INVESTO NFTS,CI,NFTS11,2022-04-04,2025-12-16
INVESTO NUCL,CI,NUCL11,2025-05-16,2026-10-05
INVESTO PEVC,CI,PEVC11,2022-09-06,2026-10-05
INVESTO SCVB,CI,SCVB11,2022-09-22,2026-10-05
INVESTO SVAL,CI,SVAL11,2022-07-13,2026-10-05
INVESTO USDB,CI,USDB11,2022-07-13,2026-10-05
INVESTO USTK,CI,USTK11,2021-07-28,2026-10-05
INVESTO WRLD,CI,WRLD11,2021-10-20,2026-10-05
INVESTOARGE,CI,ARGE11,2025-08-27,2026-10-05
INVESTOBANK,CI,BNKS11,2026-07-13,2026-10-05
INVESTOBEST,CI,BEST11,2025-09-09,2026-10-05
INVESTOBTER,CI,BTER11,2026-06-10,2026-10-05
INVESTOEMERG,CI,IVWO11,2026-04-14,2026-10-05
INVESTOGPS&P,CI,GPUS11,2025-06-02,2026-10-05
INVESTOMUND,CI,MUND11,2026-09-30,2026-10-05
INVESTOOLEO,CI,OLEO11,2026-08-04,2026-10-05
INVESTORVDI,CI,RVDI11,2026-09-17,2026-10-05
INVESTOUTIL,CI,UTLL11,2025-09-19,2026-10-05
INVESTOVWRA,CI,VWRA11,2025-09-30,2026-10-05
INVESTRARA11,CI,RARA11,2026-06-29,2026-10-05
INVITATIONHO,DRN,I2NV34,2022-02-23,2026-10-05
IOCHP-MAXION,BNS,MYPK11,2015-01-14,2019-03-25
IOCHP-MAXION,BNS,MYPK12,2017-03-22,2019-05-20
IOCHP-MAXION,DIR,MYPK1,2017-01-11,2017-02-02
IOCHP-MAXION,ON,MYPK3,2015-01-02,2026-10-05
IPG PHOTONIC,DRN,I1PG34,2020-02-13,2026-09-15
IQIYI INC,DRN,I1QY34,2020-12-23,2026-10-05
IQVIA HOLDIN,DRN,I1QV34,2020-11-20,2026-09-08
IRANI,ON,RANI3,2020-03-03,2026-10-05
IRANI,PN,RANI4,2020-03-03,2020-12-11
IRBBRASIL RE,DIR,IRBR1,2020-07-14,2020-08-07
IRBBRASIL RE,ON,IRBR3,2017-07-31,2026-10-05
IRBBRASIL RE,ON,IRBR9,2020-08-13,2020-08-31
IRON MOUNTAI,DRN,I1RM34,2020-03-03,2026-10-02
ISA ENERGIA,ON,ISAE3,2024-11-18,2026-10-05
ISA ENERGIA,PN,ISAE4,2024-11-18,2026-10-05
ISENTO JUL28,CI,ISNN11,2026-01-05,2026-10-05
ISENTO MAR28,CI,ISNT11,2025-11-25,2026-10-05
ISENTO MAR29,CI,ISEN11,2025-06-13,2026-10-05
ISENTO SET28,CI,ISET11,2025-06-18,2026-10-05
ISENTO SET29,CI,ISTT11,2025-09-03,2026-10-05
ISHARE SP500,CI,IVVB11,2015-01-02,2026-10-05
ISHARES BOVA,CI,BOVA11,2015-01-02,2026-10-05
ISHARES BRAX,CI,BRAX11,2015-01-02,2026-10-05
ISHARES CAP5,CI,CAPE11,2025-06-30,2026-10-05
ISHARES CSMO,CI,CSMO11,2015-01-02,2015-10-27
ISHARES ECOO,CI,ECOO11,2015-01-02,2026-10-05
ISHARES EQWE,CI,EWBZ11,2025-06-30,2026-10-05
ISHARES MILA,CI,MILA11,2015-01-02,2015-07-10
ISHARES MOBI,CI,MOBI11,2015-01-02,2015-11-26
ISHARES SMAL,CI,SMAL11,2015-01-02,2026-10-05
ISHARES UTIP,CI,UTIP11,2015-01-02,2015-11-26
IT NOW B3BR+,CI,B3BR11,2024-10-09,2026-10-05
IT NOW CHINA,CI,SILK11,2025-07-11,2026-10-05
IT NOW DIVD,CI,DIVD11,2024-06-11,2026-10-05
IT NOW DNA,CI,DNAI11,2021-06-16,2024-09-06
IT NOW GOLD,CI,GLDI11,2025-11-06,2026-10-05
IT NOW GREEN,CI,REVE11,2021-07-15,2026-10-05
IT NOW HCARE,CI,HTEK11,2021-06-09,2026-10-05
IT NOW HYDRO,CI,YDRO11,2021-09-23,2025-12-12
IT NOW IBOV,CI,BOVV11,2016-08-04,2026-10-05
IT NOW IDIV,CI,DIVO11,2015-01-02,2026-10-05
IT NOW IFNC,CI,FIND11,2015-01-02,2026-10-05
IT NOW IGCT,CI,GOVE11,2015-01-02,2026-10-05
IT NOW IMAT,CI,MATB11,2015-01-02,2026-10-05
IT NOW ISE,CI,ISUS11,2015-01-02,2026-10-05
IT NOW MILL,CI,MILL11,2021-06-16,2024-07-24
IT NOW PIBB,CI,PIBB11,2015-01-02,2026-10-05
IT NOW SHOT,CI,SHOT11,2021-06-23,2024-09-06
IT NOW SMALL,CI,SMAC11,2020-02-03,2026-10-05
IT NOW SP BR,CI,SPXR11,2024-12-19,2026-10-05
IT NOW SP+RF,CI,GOAT11,2025-05-12,2026-10-05
IT NOW SPXI,CI,SPXI11,2015-02-02,2026-10-05
IT NOW TECK,CI,TECK11,2021-04-28,2026-10-05
IT NOW UTIL,CI,UTLI11,2026-08-11,2026-10-05
ITAUSA,DIR,ITSA1,2015-02-24,2025-04-08
ITAUSA,DIR,ITSA2,2015-02-24,2025-04-08
ITAUSA,ON,ITSA3,2015-01-02,2026-10-05
ITAUSA,ON,ITSA9,2015-04-07,2025-05-26
ITAUSA,PN,ITSA10,2015-04-01,2025-05-26
ITAUSA,PN,ITSA4,2015-01-02,2026-10-05
ITAUTEC,ON,ITEC3,2015-06-09,2019-05-28
ITAUUNIBANCO,ON,ITUB3,2015-01-02,2026-10-05
ITAUUNIBANCO,PN,ITUB4,2015-01-02,2026-10-05
J B DUARTE,DIR,JBDU1,2016-06-06,2019-03-19
J B DUARTE,DIR,JBDU2,2016-06-06,2019-03-19
J B DUARTE,ON,JBDU11,2019-05-23,2019-08-14
J B DUARTE,ON,JBDU3,2015-01-02,2021-09-14
J B DUARTE,PN,JBDU12,2019-05-20,2019-08-16
J B DUARTE,PN,JBDU4,2015-01-02,2021-09-14
JABIL INC,DRN,J2BL34,2022-02-23,2026-10-05
JACK HENRY,DRN,J1KH34,2020-06-24,2026-09-01
JACOBS ENGIN,DRN,J1EG34,2021-03-25,2022-07-12
JACOBS SOLUT,DRN,J1EG34,2023-07-26,2026-02-13
JALLESMACHAD,DIR,JALL1,2023-08-21,2023-09-14
JALLESMACHAD,ON,JALL3,2021-02-08,2026-10-05
JAZZ PHARMAC,DRN,J2AZ34,2022-02-11,2026-10-05
JB HUNT TRAN,DRN,J1BH34,2021-03-09,2026-10-05
JBS,ON,JBSS3,2015-01-02,2025-06-06
JBS N.V.,DR2,JBSS32,2025-06-09,2026-10-05
JC PENNEY,DRN,JCPC34,2016-08-01,2020-05-27
JD COM,DRN,JDCO34,2019-10-31,2026-10-05
JEFFERIES FI,DRN,J1EF34,2020-03-17,2026-10-05
JEREISSATI,ON,JPSA3,2018-02-15,2021-11-19
JEREISSATI,ON,MLFT3,2015-06-02,2018-01-31
JEREISSATI,PN,JPSA4,2018-02-01,2018-02-28
JEREISSATI,PN,MLFT4,2015-01-02,2018-01-31
JHSF PART,DIR,JHSF1,2015-03-16,2015-04-06
JHSF PART,ON,JHSF3,2015-01-02,2026-10-05
JHSF PART,ON,JHSF9,2015-04-15,2015-05-28
JOAO FORTES,DIR,JFEN1,2017-05-26,2025-08-04
JOAO FORTES,ON,JFEN3,2015-01-14,2026-10-05
JOAO FORTES,ON,JFEN9,2017-06-26,2018-02-20
JOHN WILEY S,DRN,J2WA34,2022-07-25,2026-10-01
JOHNSON,DRN,JNJB34,2015-01-02,2026-10-05
JOHNSON CONT,DRN,J1CI34,2020-01-31,2026-10-05
JOSAPAR,ON,JOPA3,2015-01-02,2026-10-05
JOSAPAR,PN,JOPA4,2015-01-22,2026-09-08
JP BTB ASIA,DRE,BBAJ39,2022-09-30,2026-07-22
JP BTB ASIA,DRE,BBAX39,2026-08-10,2026-10-02
JP BTB CANAD,DRE,BBCA39,2026-10-02,2026-10-02
JP BTB CANAD,DRE,BBCN39,2022-09-30,2026-07-22
JP BTB EUROP,DRE,BBER39,2022-09-30,2026-07-22
JP BTB EUROP,DRE,BBEU39,2026-09-11,2026-10-05
JP BTB INTL,DRE,BBIL39,2022-09-30,2026-10-05
JP BTB JAPAO,DRE,BBJP39,2022-09-30,2026-10-05
JP BTB REIT,DRE,BBMR39,2022-09-30,2026-09-18
JP BTB RETUR,DRE,BBMC39,2026-08-10,2026-09-18
JP BTB RETUR,DRE,BMCE39,2022-09-30,2026-07-22
JP BTB USEQ,DRE,BBUS39,2022-09-30,2026-10-05
JP DIVRET US,DRE,BPUS39,2022-09-30,2024-09-30
JP DV US EME,DRE,BPEM39,2022-09-30,2025-10-16
JP DV US EME,DRE,JPEM39,2026-09-14,2026-10-02
JP DV US SM,DRE,BDRE39,2022-09-30,2026-06-18
JP DV USMID,DRE,BPME39,2022-09-30,2026-07-23
JP DV USMID,DRE,JPME39,2026-08-10,2026-09-18
JP QLT FACT,DRE,BJQU39,2022-09-29,2026-06-18
JP QLT FACT,DRE,JQUA39,2026-08-04,2026-09-17
JP RETU INTL,DRE,BJPI39,2022-09-30,2026-07-22
JP RETU INTL,DRE,JPIN39,2026-09-14,2026-10-05
JP US MO FAC,DRE,BMOM39,2022-09-30,2025-09-23
JP US VL FAC,DRE,BVLF39,2022-09-30,2024-09-27
JPM JEPI,DRE,JEPI39,2026-02-23,2026-10-05
JPM TECHLEAD,DRE,JTEK39,2026-06-09,2026-10-05
JPMORGAN,DRN,JPMC34,2015-01-02,2026-10-05
JSL,ON,JSLG11,2020-09-10,2020-11-10
JSL,ON,JSLG3,2015-01-02,2026-10-05
JUNIPER NETW,DRN,J1NP34,2020-03-17,2025-07-01
KANSAS CITY,DRN,K1CS34,2020-03-23,2021-11-30
KARSTEN,ON,CTKA3,2015-01-02,2026-09-17
KARSTEN,PN,CTKA4,2015-01-02,2026-10-05
KB FINANCIAL,DRN,K1BF34,2020-10-21,2026-10-05
KELLANOVA,DRN,K1EL34,2023-10-02,2025-12-10
KELLOGG CO,DRN,K1EL34,2020-03-25,2023-09-28
KEMPER CORP,DRN,KMPR34,2019-07-11,2024-12-05
KEPLER WEBER,BNS,KEPL11,2016-01-13,2021-01-07
KEPLER WEBER,ON,KEPL3,2015-01-02,2026-10-05
KEYCORP,DRN,K1EY34,2020-02-28,2026-07-23
KEYSIGHT TEC,DRN,K1SG34,2020-03-03,2026-10-05
KILROY REALT,DRN,K2RC34,2022-02-23,2026-09-29
KIMBERLY CL,DRN,KMBB34,2015-08-27,2026-10-05
KIMCO REALTY,DRN,K1IM34,2020-03-03,2026-09-08
KINDER MORGA,DRN,KMIC34,2019-06-18,2026-10-05
KINEA INFRAF,CI,KDIF11,2023-05-15,2026-10-05
KINEA INFRAF,DIR,KDIF12,2026-02-09,2026-02-19
KINGSOFT CHL,DRN,K2CG34,2021-04-05,2026-10-05
KITE REALTY,DRN,K1RG34,2025-09-10,2025-09-29
KLA CORP,DRN,K1LA34,2020-02-18,2026-10-05
KLABIN S/A,ON,KLBN3,2015-01-16,2026-10-05
KLABIN S/A,PN,KLBN4,2015-01-02,2026-10-05
KLABIN S/A,UNT,KLBN11,2015-01-02,2026-10-05
KOHLS CORP,DRN,K1SS34,2020-01-02,2026-10-05
KOPHILIPS,DRN,PHGN34,2019-12-17,2026-10-05
KORA SAUDE,ON,KRSA3,2021-08-13,2025-04-14
KR CSI CHINA,DRE,BKWB39,2024-09-23,2026-09-29
KRAFT GROUP,DRN,KFGI34,2015-03-25,2015-06-30
KRAFT HEINZ,DRN,KHCB34,2015-09-28,2026-10-05
KROGER CO,DRN,K1RC34,2020-03-02,2026-10-05
KROTON,ON,KROT3,2015-01-02,2019-10-10
KRYSTAL INC,DRN,K1YS34,2026-03-26,2026-03-26
KT CORP,DRN,K1TC34,2020-10-22,2026-10-02
L BRANDS,DRN,LBRN34,2017-03-01,2021-08-02
L3HARRIS TEC,DRN,L1HX34,2020-05-20,2026-10-05
LA FONTE TEL,ON,LFFE3,2015-07-20,2017-07-27
LA FONTE TEL,PN,LFFE4,2015-08-31,2017-07-19
LABCORPHLDG,DRN,L1CA34,2024-05-20,2026-09-08
LABINAFII,CI,LMAI11,2026-01-16,2026-10-01
LABORATORY C,DRN,L1CA34,2020-05-14,2024-05-17
LAKEFRONTBIO,DRN,LKFT34,2026-05-21,2026-10-05
LAM RESEARCH,DRN,L1RC34,2020-02-04,2026-10-05
LAMAR ADVERT,DRN,L1AM34,2025-09-30,2026-09-16
LAMB WESTON,DRN,L1WH34,2020-03-19,2026-07-24
LAS VEGAS SA,DRN,L1VS34,2020-10-29,2026-09-15
LATAM AIRLN,DR3,LATM33,2015-01-02,2016-04-29
LATAM AIRLN,DRN,L1TM34,2026-10-05,2026-10-05
LATIN AMER40,DRE,BILF39,2022-05-09,2026-10-05
LATIN AMER40,DRN,BILF39,2020-12-01,2022-05-06
LATTICE SEMI,DRN,L2SC34,2022-07-25,2026-10-05
LAVVI,ON,LAVV3,2020-09-02,2026-10-05
LE LIS BLANC,DIR,LLIS1,2022-08-19,2023-01-17
LE LIS BLANC,ON,LLIS3,2015-01-02,2023-02-08
LE LIS BLANC,ON,LLIS9,2023-02-06,2023-02-08
LEGGETT PL,DRN,L1EG34,2020-03-23,2026-08-05
LEIDOS HOLDI,DRN,L1DO34,2020-10-26,2026-09-10
LENNAR CORP,DRN,L1EN34,2020-03-02,2026-10-05
LIBERTY BROA,DRN,LBRD34,2019-07-11,2026-08-19
LIBERTY GLOB,DRN,L1BT34,2020-02-11,2023-08-01
LIBERTY GLOB,DRN,L1BT35,2020-10-21,2023-08-02
LIBERTY MEDI,DRN,LSXM34,2019-07-11,2022-12-06
LIBERTY MEDI,DRN,LSXM35,2020-12-30,2022-06-01
LIFE STORAGE,DRN,L2SI34,2022-02-24,2023-07-17
LIGHT S/A,DIR,LIGT1,2026-05-20,2026-06-15
LIGHT S/A,DIR,LIGT11,2024-10-30,2024-11-25
LIGHT S/A,DIR,LIGT13,2024-10-30,2024-11-25
LIGHT S/A,ON,LIGT3,2015-01-02,2026-10-05
LILLY,DRN,LILY34,2015-01-20,2026-10-05
LINCOLN NATI,DRN,L1NC34,2020-02-18,2026-09-11
LINDE PLC,DRN,L1IN34,2020-02-07,2023-02-22
LINEAGE INC,DRN,L1NE34,2026-03-23,2026-10-05
LINX,ON,LINX3,2015-01-02,2021-06-25
LIQ,DIR,LIQO1,2020-01-10,2020-02-05
LIQ,ON,LIQO3,2018-03-05,2020-03-23
LIVANOVA PLC,DRN,L2IV34,2022-07-26,2026-08-04
LIVE NATION,DRN,L1YV34,2021-01-04,2026-09-18
LIX DA CUNHA,ON,LIXC3,2015-01-02,2018-01-16
LIX DA CUNHA,PN,LIXC4,2015-01-02,2018-01-16
LKQ CORP,DRN,L1KQ34,2020-02-21,2026-08-04
LLOYDS BANKI,DRN,L1YG34,2020-10-20,2026-10-05
LOCALIZA,DIR,RENT1,2022-09-30,2024-08-01
LOCALIZA,ON,RENT3,2015-01-02,2026-10-05
LOCALIZA,ON,RENT9,2022-11-10,2024-09-16
LOCALIZA,PN,RENT4,2025-12-30,2026-10-05
LOCAMERICA,ON,LCAM3,2015-01-02,2022-07-01
LOCAWEB,ON,LWSA3,2020-02-06,2024-01-09
LOCKHEED,DRN,LMTB34,2015-01-05,2026-10-05
LOEWS CORP,DRN,L1OE34,2020-03-25,2026-07-09
LOG COM PROP,DIR,LOGG1,2019-01-09,2019-01-31
LOG COM PROP,ON,LOGG3,2018-12-21,2026-10-05
LOG-IN,BNS,LOGN12,2016-10-21,2019-09-23
LOG-IN,DIR,LOGN1,2018-05-03,2018-05-24
LOG-IN,ON,LOGN3,2015-01-02,2026-10-05
LOG-IN,ON,LOGN9,2018-06-04,2018-06-14
LOJAS AMERIC,DIR,LAME1,2019-12-12,2021-02-01
LOJAS AMERIC,DIR,LAME2,2019-12-10,2021-02-01
LOJAS AMERIC,ON,LAME3,2015-01-02,2022-01-21
LOJAS AMERIC,ON,LAME9,2020-02-04,2020-02-18
LOJAS AMERIC,PN,LAME10,2020-02-04,2020-02-18
LOJAS AMERIC,PN,LAME4,2015-01-02,2022-01-21
LOJAS HERING,PN,LHER4,2015-04-24,2015-04-24
LOJAS MARISA,BNS,AMAR11,2022-02-03,2025-11-25
LOJAS MARISA,DIR,AMAR1,2021-12-13,2024-07-10
LOJAS MARISA,ON,AMAR3,2015-01-02,2026-10-05
LOJAS MARISA,ON,AMAR9,2022-01-12,2022-02-02
LOJAS RENNER,ON,LREN3,2015-01-02,2026-10-05
LONGDIS,ON,SPRT3B,2018-11-23,2019-02-12
LOPES BRASIL,DIR,LPSB1,2016-10-28,2016-11-21
LOPES BRASIL,ON,LPSB3,2015-01-02,2026-10-05
LOWES COMPA,DRN,LOWC34,2019-06-18,2026-10-05
LPL FINCL HD,DRN,L2PL34,2022-02-17,2026-10-05
LULULEMON AT,DRN,L1UL34,2020-03-20,2026-10-05
LUMEN TECH,DRN,L1MN34,2020-09-29,2026-10-05
LUMINAR TECH,DRN,L2AZ34,2022-06-13,2025-12-23
LUPATECH,BNS,LUPA11,2025-07-22,2025-10-21
LUPATECH,DIR,LUPA1,2019-06-24,2023-03-22
LUPATECH,DIR,LUPA11,2017-12-22,2018-01-15
LUPATECH,DIR,LUPA12,2018-11-05,2018-11-27
LUPATECH,DIR,LUPA13,2021-03-11,2021-04-05
LUPATECH,ON,LUPA3,2015-01-02,2026-10-05
LUPATECH,ON,LUPA9,2019-07-25,2019-08-09
LWSA,ON,LWSA3,2024-01-10,2026-10-05
LYONDELLBASE,DRN,L1YB34,2020-04-20,2026-09-28
M.DIASBRANCO,ON,MDIA3,2015-01-02,2026-10-05
MACY S,DRN,MACY34,2016-05-23,2026-10-01
MAGAZ LUIZA,DIR,MGLU1,2024-02-01,2024-02-27
MAGAZ LUIZA,ON,MGLU3,2015-01-02,2026-10-05
MAGAZ LUIZA,ON,MGLU9,2024-03-04,2024-03-22
MAGNESITA SA,ON,MAGG3,2015-01-02,2019-01-22
MANGELS INDL,PN,MGEL4,2015-01-02,2026-10-05
MARATHON OIL,DRN,M1RO34,2020-01-23,2024-11-21
MARATHON PET,DRN,M1PC34,2020-02-26,2026-10-05
MARCOPOLO,DIR,POMO2,2016-11-14,2019-01-11
MARCOPOLO,ON,POMO3,2015-01-02,2026-10-05
MARCOPOLO,PN,POMO10,2016-12-20,2019-02-25
MARCOPOLO,PN,POMO4,2015-01-02,2026-10-05
MARFRIG,DIR,MRFG1,2023-08-18,2023-09-13
MARFRIG,ON,MBRF3,2025-09-23,2026-10-05
MARFRIG,ON,MRFG3,2015-01-02,2025-09-22
MARFRIG,ON,MRFG9,2023-09-19,2023-09-29
MARKEL CORP,DRN,MKLC34,2019-05-02,2023-05-22
MARKELGROUP,DRN,MKLC34,2023-07-20,2026-10-05
MARKETAXESS,DRN,M1KT34,2020-10-14,2026-10-02
MARRIOTT INT,DRN,M1TT34,2020-02-27,2026-09-21
MARSH E MCLE,DRN,M1MC34,2020-02-21,2026-10-05
MARTIN MARIE,DRN,M1LM34,2020-08-27,2026-10-05
MARVELL TEC,DRN,M2RV34,2022-02-25,2026-10-05
MASCO CORP,DRN,M1AS34,2020-03-02,2026-06-09
MASIMO CORP,DRN,M2AS34,2022-02-17,2026-06-09
MASTERCARD,DRN,MSCD34,2015-01-02,2026-10-05
MATCH GROUP,DRN,M1TC34,2020-11-19,2026-09-30
MATER DEI,ON,MATD3,2021-04-16,2026-10-05
MAXIM INTEGR,DRN,M1XI34,2020-06-19,2021-07-30
MCCORMICK,DRN,M1KC34,2020-02-07,2026-10-05
MCDONALDS,DRN,MCDC34,2015-01-06,2026-10-05
MCKESSON COR,DRN,M1CK34,2020-03-23,2026-10-05
MEDICAL P TR,DRN,M2PT34,2026-02-11,2026-10-05
MEDICAL P TR,DRN,M2PW34,2021-04-07,2026-02-10
MEDTRONIC,DRN,MDTC34,2016-07-08,2026-10-05
MELCO RESORT,DRN,M1LC34,2020-10-20,2026-10-05
MELHOR SP,ON,MSPA3,2015-03-20,2026-08-12
MELHOR SP,PN,MSPA4,2015-06-16,2026-09-08
MELIUZ,BNS,CASH12,2025-06-17,2025-07-29
MELIUZ,BNS,CASH13,2025-06-17,2025-09-02
MELIUZ,BNS,CASH14,2025-06-17,2025-09-30
MELIUZ,BNS,CASH15,2025-06-17,2025-11-04
MELIUZ,BNS,CASH16,2025-06-17,2025-12-02
MELIUZ,DIR,CASH1,2023-04-26,2023-05-22
MELIUZ,ON,CASH3,2020-11-05,2026-10-05
MELNICK,ON,MELK3,2020-09-28,2026-10-05
MENDES JR,ON,MEND3,2015-05-27,2015-05-27
MENDES JR,PNA,MEND5,2015-03-12,2020-01-10
MENDES JR,PNB,MEND6,2015-01-06,2020-01-10
MERC BRASIL,DIR,BMEB1,2017-08-14,2017-09-05
MERC BRASIL,ON,BMEB3,2015-01-05,2023-08-23
MERC BRASIL,ON,BMEB9,2017-09-21,2018-02-01
MERC BRASIL,PN,BMEB4,2015-01-05,2023-08-31
MERC FINANC,DIR,MERC2,2024-11-08,2024-12-03
MERC FINANC,ON,MERC3,2015-03-10,2025-11-10
MERC FINANC,PN,MERC4,2015-01-16,2026-03-06
MERC INVEST,DIR,BMIN1,2017-12-21,2018-01-04
MERC INVEST,ON,BMIN3,2015-03-11,2026-10-05
MERC INVEST,ON,BMIN9,2018-02-23,2018-05-02
MERC INVEST,PN,BMIN4,2015-01-02,2026-09-30
MERCADOLIBRE,DRN,MELI34,2019-05-07,2026-10-05
MERCANTIL,DIR,BMEB1,2026-01-02,2026-01-28
MERCANTIL,ON,BMEB3,2023-09-05,2026-10-05
MERCANTIL,ON,BMEB9,2026-02-03,2026-03-09
MERCANTIL,PN,BMEB4,2023-09-01,2026-10-05
MERCK,DRN,MRCK34,2015-01-02,2026-10-05
META HASH,CI,META11,2022-06-03,2026-09-17
META PLAT,DRN,FBOK34,2021-12-01,2022-06-20
META PLAT,DRN,M1TA34,2022-06-21,2026-10-05
METAL IGUACU,ON,MTIG3,2015-01-02,2016-04-01
METAL IGUACU,PN,MTIG4,2015-01-02,2022-10-20
METAL LEVE,ON,LEVE3,2015-01-02,2026-10-05
METALFRIO,DIR,FRIO1,2016-08-11,2024-01-11
METALFRIO,ON,FRIO3,2015-01-02,2026-05-29
METALFRIO,ON,FRIO9,2016-09-12,2016-09-30
METISA,ON,MTSA3,2015-04-06,2025-06-23
METISA,PN,MTSA4,2015-01-05,2026-10-05
METLIFE INC,DRN,METB34,2015-08-27,2026-09-18
METTLER-TOLE,DRN,M1TD34,2020-03-27,2026-08-24
MGM RESORTS,DRN,M1GM34,2020-02-13,2026-10-05
MICROCHIP TE,DRN,M1CH34,2020-03-02,2026-10-05
MICRON TECHN,DRN,MUTC34,2019-05-21,2026-10-05
MICROSOFT,DRN,MSFT34,2015-01-02,2026-10-05
MICROSTRATEG,DRN,M2ST34,2022-03-15,2025-08-12
MID-AMERICA,DRN,M1AA34,2020-03-26,2026-10-05
MILLENNIUM,PNA,TIBR5,2015-01-07,2015-08-24
MILLENNIUM,PNB,TIBR6,2015-01-02,2015-07-29
MILLS,DIR,MILS1,2016-02-16,2016-03-08
MILLS,ON,MILS3,2015-01-02,2026-10-05
MILLS,ON,MILS9,2016-03-17,2016-04-19
MINASMAQUINA,ON,MMAQ3,2024-12-27,2024-12-27
MINASMAQUINA,PN,MMAQ4,2024-12-27,2025-01-10
MINERVA,BNS,BEEF11,2018-12-21,2026-10-05
MINERVA,DIR,BEEF1,2015-03-23,2025-05-26
MINERVA,ON,BEEF3,2015-01-02,2026-10-05
MINERVA,ON,BEEF9,2018-11-16,2025-06-20
MINUPAR,ON,MNPR3,2015-01-02,2026-10-05
MIRATI THERA,DRN,M2RT34,2022-02-24,2024-01-22
MITRE REALTY,ON,MTRE3,2020-02-05,2026-10-05
MITSUBISHI U,DRN,M1UF34,2020-12-16,2026-10-05
MKS INC,DRN,M2KS34,2025-09-10,2026-10-02
MKS INSTRUME,DRN,M2KS34,2022-03-30,2025-04-22
MMX MINER,ON,MMXM3,2015-01-02,2021-05-19
MOBILE JOIN,DRN,M1BT34,2021-11-16,2022-02-25
MOBILE TELES,DRN,M1BT34,2020-10-26,2021-11-11
MOBLY,DIR,MBLY1,2024-10-23,2024-11-14
MOBLY,DIR,MBLY11,2024-10-24,2024-12-23
MOBLY,ON,MBLY3,2021-02-05,2025-06-02
MODALMAIS,ON,MODL3,2021-04-30,2023-06-30
MODALMAIS,PN,MODL4,2021-04-30,2022-09-16
MODALMAIS,UNT,MODL11,2021-04-30,2022-09-16
MODERNA INC,DRN,M1RN34,2020-10-14,2026-10-05
MOHAWK INDUS,DRN,M1HK34,2020-03-20,2026-10-05
MOLSON COORS,DRN,M1CB34,2020-02-12,2026-10-05
MONDELEZ INT,DRN,MDLZ34,2015-07-28,2026-10-05
MONGODB INC,DRN,M1DB34,2020-10-19,2026-10-05
MONOLI POWER,DRN,M2PR34,2022-02-24,2026-10-05
MONSTER BEVE,DRN,M1NS34,2020-02-28,2026-10-05
MONT ARANHA,ON,MOAR3,2015-02-20,2026-01-29
MOODYS CORP,DRN,MCOR34,2019-05-28,2026-10-05
MORGAN STAN,DRN,MSBR34,2015-01-20,2026-10-05
MOSAIC CO,DRN,MOSC34,2015-09-21,2026-10-05
MOSAICO,ON,MOSI3,2021-02-08,2022-03-18
MOSAICO SA,ON,MOSI3,2021-02-05,2021-02-05
MOTIVA SA,ON,MOTV3,2025-05-02,2026-10-05
MOTOROLA SOL,DRN,M1SI34,2020-02-21,2026-09-30
MOURA DUBEUX,ON,MDNE3,2020-02-13,2026-10-05
MOVIDA,DIR,MOVI1,2018-07-05,2026-08-31
MOVIDA,ON,MOVI3,2017-02-08,2026-10-05
MOVIDA,ON,MOVI9,2018-09-21,2026-09-28
MP MATERIALS,DRN,M2PM34,2022-02-24,2026-10-05
MRS LOGIST,ON,MRSA3B,2015-10-29,2026-10-02
MRS LOGIST,PNA,MRSA5B,2016-08-17,2026-09-17
MRS LOGIST,PNB,MRSA6B,2018-03-12,2026-09-22
MRV,ON,MRVE3,2015-01-02,2026-10-05
MSCI ACWI,DRE,BACW39,2022-05-09,2026-10-05
MSCI ACWI,DRN,BACW39,2020-11-30,2022-05-06
MSCI ACWI US,DRE,ACWX39,2025-09-17,2026-10-05
MSCI ASIA JP,DRE,BAAX39,2022-05-09,2026-10-05
MSCI ASIA JP,DRN,BAAX39,2020-11-30,2022-05-06
MSCI AUSTRIA,DRE,BEWO39,2025-09-22,2026-09-16
MSCI BRAZIL,DRE,BEWZ39,2022-05-09,2026-10-05
MSCI BRAZIL,DRN,BEWZ39,2020-11-30,2022-05-06
MSCI CANADA,DRE,BEWC39,2022-05-09,2026-10-05
MSCI CANADA,DRN,BEWC39,2021-05-04,2022-05-06
MSCI CHINA,DRE,BCHI39,2022-05-09,2026-10-05
MSCI CHINA,DRN,BCHI39,2020-11-30,2022-05-06
MSCI DENMARK,DRE,EDEN39,2025-09-22,2026-09-25
MSCI EAFE,DRE,BEFA39,2022-05-09,2026-10-05
MSCI EAFE,DRN,BEFA39,2020-11-30,2022-05-06
MSCI EMGMARK,DRE,BEEM39,2022-05-09,2026-10-05
MSCI EMGMARK,DRN,BEEM39,2020-11-30,2022-05-06
MSCI FRANCE,DRE,BEWQ39,2022-05-12,2026-10-05
MSCI FRANCE,DRN,BEWQ39,2021-05-04,2022-05-06
MSCI GERMANY,DRE,BEWG39,2022-05-09,2026-10-05
MSCI GERMANY,DRN,BEWG39,2020-12-01,2022-05-05
MSCI INC,DRN,M1SC34,2020-03-03,2026-10-05
MSCI INDIA,DRE,BNDA39,2022-05-09,2026-10-05
MSCI INDIA,DRN,BNDA39,2020-11-30,2022-05-06
MSCI INDIASC,DRE,SMIN39,2025-09-22,2026-07-22
MSCI ISRAEL,DRE,BEIS39,2025-09-22,2026-10-05
MSCI ITALY,DRE,BEWI39,2025-09-22,2026-10-05
MSCI JAPAN,DRE,BEWJ39,2022-05-09,2026-10-05
MSCI JAPAN,DRN,BEWJ39,2020-11-30,2022-05-06
MSCI JAPAN V,DRE,EWJV39,2025-09-22,2026-10-05
MSCI MEXICO,DRE,BEWW39,2022-05-09,2026-10-01
MSCI MEXICO,DRN,BEWW39,2020-12-02,2022-05-06
MSCI PERU GE,DRE,BEPU39,2025-09-22,2026-09-03
MSCI POLAND,DRE,EPOL39,2025-09-22,2026-10-02
MSCI SAFRICA,DRE,BEZA39,2025-09-22,2026-10-05
MSCI SPAIN,DRE,BEWP39,2022-06-14,2026-10-02
MSCI SPAIN,DRN,BEWP39,2020-12-02,2022-04-25
MSCI SWEDEN,DRE,BEWD39,2025-09-22,2026-10-05
MSCI SWITZER,DRE,BEWL39,2022-05-09,2026-10-05
MSCI SWITZER,DRN,BEWL39,2021-05-03,2022-05-06
MSCI TAIWAN,DRE,BEWT39,2022-05-09,2026-10-05
MSCI TAIWAN,DRN,BEWT39,2020-11-30,2022-05-06
MSCI TURKEY,DRE,TURK39,2025-09-22,2026-10-02
MSCI UK,DRE,BEWU39,2022-05-09,2026-10-02
MSCI UK,DRN,BEWU39,2020-11-30,2022-05-06
MSCI US GARP,DRE,BGAR39,2025-09-22,2026-09-18
MSCI US MVOL,DRE,BUSM39,2022-05-09,2026-10-05
MSCI US MVOL,DRN,BUSM39,2020-12-01,2022-05-06
MSCIAUSTRALI,DRE,BEWA39,2022-05-09,2026-10-05
MSCIAUSTRALI,DRN,BEWA39,2021-05-04,2022-05-06
MSCIEAFEGROW,DRE,BEFG39,2022-05-12,2026-10-05
MSCIEAFEGROW,DRN,BEFG39,2021-05-07,2022-05-02
MSCIEAFEVALU,DRE,BEFV39,2022-05-09,2026-10-05
MSCIEAFEVALU,DRN,BEFV39,2021-05-05,2022-05-06
MSCIEMMRKMI,DRE,BEMV39,2022-05-10,2026-10-02
MSCIEMMRKMI,DRN,BEMV39,2021-05-13,2022-05-02
MSCIEUROZONE,DRE,BEZU39,2022-05-09,2026-10-02
MSCIEUROZONE,DRN,BEZU39,2020-12-01,2022-05-06
MSCIGLMIVOLF,DRE,BCWV39,2022-05-09,2026-10-05
MSCIGLMIVOLF,DRN,BCWV39,2021-05-05,2022-05-06
MSCIHONGKONG,DRE,BEWH39,2022-05-12,2026-10-05
MSCIHONGKONG,DRN,BEWH39,2020-11-30,2022-04-27
MSCIINDONESI,DRE,EIDO39,2025-09-18,2026-10-05
MSCIMALAYSIA,DRE,BEWM39,2025-09-18,2026-10-05
MSCIMINVOL F,DRE,BFAV39,2022-05-30,2026-09-28
MSCIMINVOL F,DRN,BFAV39,2021-05-05,2022-04-25
MSCINETHERLD,DRE,BEWN39,2025-09-22,2026-09-30
MSCIPHILIPNE,DRE,EPHE39,2025-09-22,2026-10-05
MSCISINGAPOR,DRE,BEWS39,2025-09-17,2026-10-05
MSCISOUTHKOR,DRE,BEWY39,2022-05-09,2026-10-05
MSCISOUTHKOR,DRN,BEWY39,2020-11-30,2022-05-04
MSCITHAILAND,DRE,BTHD39,2025-09-19,2026-10-05
MSCIUSAMOM F,DRE,BMTU39,2022-05-09,2026-10-05
MSCIUSAMOM F,DRN,BMTU39,2021-05-03,2022-05-06
MSCIUSASIZF,DRE,BSIZ39,2022-05-24,2026-09-25
MSCIUSASIZF,DRN,BSIZ39,2021-05-04,2022-04-26
MSCIUSQUAL F,DRE,BQUA39,2022-05-09,2026-10-05
MSCIUSQUAL F,DRN,BQUA39,2021-05-04,2022-05-06
MSCIUSVALUEF,DRE,BVLU39,2022-05-09,2026-10-05
MSCIUSVALUEF,DRN,BVLU39,2021-05-04,2022-05-06
MT BANK COR,DRN,M1TB34,2020-03-03,2026-08-27
MULTILASER,ON,MLAS3,2021-07-22,2026-10-05
MULTIPLAN,DIR,MULT1,2017-01-16,2017-02-06
MULTIPLAN,ON,MULT3,2015-01-02,2026-10-05
MULTIPLAN,ON,MULT9,2017-02-14,2017-03-07
MULTIPLUS,ON,MPLU3,2015-01-02,2019-04-22
MUNDIAL,ON,MNDL3,2015-01-05,2026-10-05
NADIR FIGUEI,ON,NAFG3,2015-08-19,2020-03-26
NADIR FIGUEI,PN,NAFG4,2015-01-19,2020-04-03
NASDAQ BIOTC,DRN,BIBB39,2020-11-30,2021-06-21
NASDAQ INC,DRN,N1DA34,2020-03-02,2026-10-05
NASDAQ TOP30,DRE,QTOP39,2025-09-17,2026-10-05
NATIO INSTRU,DRN,N2AT34,2022-07-26,2023-08-08
NATIONAL GRI,DRN,N1GG34,2020-10-28,2026-10-05
NATIONAL OIL,DRN,N1OV34,2020-02-07,2021-01-04
NATL STORAGE,DRN,NSAT34,2024-12-04,2026-07-15
NATURA,ON,NATU3,2015-01-02,2026-10-05
NATWEST GROU,DRN,N1WG34,2020-10-20,2026-10-05
NEOENERGIA,ON,NEOE3,2019-07-01,2026-05-04
NEOENERGIA,ON,NEOE3B,2019-06-26,2019-06-26
NEOGRID,ON,NGRD3,2020-12-17,2026-07-13
NET,PN,NETC4,2015-01-20,2015-01-27
NETAPP INC,DRN,N1TA34,2020-02-12,2026-10-05
NETEASE,DRN,NETE34,2019-12-17,2026-10-05
NETFLIX,DRN,NFLX34,2015-01-13,2026-10-05
NETSTREIT CO,DRN,NTST34,2024-12-13,2026-05-18
NEUROCRINE B,DRN,N1BI34,2020-10-14,2026-10-05
NEW ORIENTAL,DRN,E1DU34,2020-10-20,2026-10-05
NEW RELIC,DRN,N2EW34,2022-07-26,2022-07-26
NEWELL BRAND,DRN,N1WL34,2020-02-28,2026-09-08
NEWMARKGROUP,DRN,N1MR34,2025-10-20,2026-10-02
NEWMONT GOLD,DRN,N1EM34,2020-02-21,2026-10-05
NEWS CORP,DRN,N1WS34,2020-02-28,2026-08-13
NEWS CORP,DRN,N1WS35,2020-11-06,2026-03-18
NEXPE,ON,NEXP3,2022-05-18,2026-10-05
NEXTERA ENER,DRN,NEXT34,2019-06-18,2026-10-05
NICE LTD,DRN,N1IC34,2020-10-23,2026-10-05
NIELSEN HOLD,DRN,N1LS34,2020-02-28,2022-10-11
NIKE,DRN,NIKE34,2015-01-02,2026-10-05
NIKOS INFRA,CI,OGIN11,2024-07-31,2026-10-05
NISOURCE INC,DRN,N1IS34,2020-02-28,2026-10-02
NOBLE ENERGY,DRN,N1BL34,2020-02-12,2020-09-04
NOKIA CORP,DRN,NOKI34,2019-10-25,2026-10-05
NOMURA HO,DRN,NMRH34,2019-12-17,2026-09-29
NORD BRASIL,DIR,BNBR1,2024-05-15,2024-06-07
NORD BRASIL,ON,BNBR3,2015-01-07,2026-10-05
NORDON MET,ON,NORD3,2015-03-13,2026-10-05
NORDSTROM IN,DRN,J1WN34,2020-02-27,2025-05-08
NORFOLK SOUT,DRN,N1SC34,2020-03-03,2026-08-03
NORTHERN TRU,DRN,N1TR34,2020-03-03,2026-10-01
NORTHROP GRU,DRN,NOCG34,2019-06-18,2026-10-05
NORTONLIFE,DRN,S1YM34,2020-03-02,2022-09-13
NORWEGIAN CR,DRN,N1CL34,2020-02-27,2026-10-05
NOV INC,DRN,N1OV34,2021-01-06,2026-09-14
NOVA OLEO,DIR,OGSA1,2016-04-04,2016-04-27
NOVA OLEO,ON,OGSA3,2015-03-31,2017-09-20
NOVARTIS AG,DRN,N1VS34,2020-10-20,2026-10-05
NOVO NORDISK,DRN,N1VO34,2020-10-20,2026-10-05
NOVOCURE,DRN,N2VC34,2022-03-21,2026-10-02
NRG ENERGY I,DRN,N1RG34,2020-02-27,2026-10-05
NU HOLDINGS,DRN,ROXO34,2023-08-14,2026-10-05
NU IBOV DIV,CI,NSDV11,2023-09-29,2026-10-05
NU INFRA FIC,CI,NUIF11,2023-12-13,2026-10-05
NU REND IBOV,CI,NDIV11,2023-09-29,2026-10-05
NU-NUBANK,DR3,NUBR33,2021-12-09,2023-08-11
NUBITCOINFUT,CI,NBIT11,2025-08-20,2026-10-05
NUCOR CORP,DRN,N1UE34,2020-03-03,2026-10-05
NUIBOVBRMAIS,CI,NBOV11,2024-09-24,2026-10-05
NUIBOVHIGHBT,CI,HIGH11,2024-07-16,2026-10-05
NUIBOVLOWVOL,CI,LVOL11,2024-07-16,2026-10-05
NUTANIX,DRN,N2TN34,2022-02-17,2026-10-02
NUTRIPLANT,DIR,NUTR1,2015-01-02,2015-01-02
NUTRIPLANT,ON,NUTR3,2015-01-02,2026-10-05
NVIDIA CORP,DRN,NVDC34,2019-05-13,2026-10-05
NVR INC,DRN,N1VR34,2020-03-20,2026-07-15
NXP SEMICOND,DRN,N1XP34,2020-02-05,2026-10-05
OBTC DIG YLD,CI,DIGY11,2026-09-14,2026-10-05
OCCIDENT PTR,DRN,OXYP34,2019-06-18,2026-10-05
OCEANPACT,ON,OPCT3,2021-02-12,2026-10-05
ODERICH,PN,ODER4,2017-09-11,2023-05-15
ODONTOPREV,ON,ODPV3,2015-01-02,2026-04-30
OGX PETROLEO,ON,OGXP3,2015-01-02,2019-01-10
OI,DIR,OIBR1,2018-06-15,2024-09-25
OI,ON,OIBR3,2015-01-02,2026-08-24
OI,ON,OIBR9,2019-01-10,2019-01-11
OI,PN,OIBR4,2015-01-02,2026-08-24
OKTA INC,DRN,O1KT34,2020-11-17,2026-10-05
OLD DOMINION,DRN,O1DF34,2020-12-08,2026-09-29
OLED DISPLAY,DRN,O2LE34,2022-02-23,2026-09-24
OMEGA GER,ON,OMGE3,2017-07-31,2021-12-23
OMEGA HEALTH,DRN,O2HI34,2022-02-03,2026-09-28
OMEGAENERGIA,DIR,MEGA1,2022-10-07,2022-11-01
OMEGAENERGIA,ON,MEGA3,2021-12-27,2023-12-01
OMNICOM GROU,DRN,O1MC34,2020-03-23,2026-09-18
ON SEMICONDU,DRN,O2NS34,2022-02-24,2026-10-05
ONCOCLINICAS,BNS,ONCO11,2025-12-03,2026-10-05
ONCOCLINICAS,DIR,ONCO1,2024-05-28,2025-11-04
ONCOCLINICAS,ON,ONCO3,2021-08-10,2026-10-05
ONEOK INC,DRN,O1KE34,2020-03-11,2026-10-05
ORACLE,DRN,ORCL34,2015-01-08,2026-10-05
ORAMA INFRA,CI,OGIN11,2022-10-24,2024-07-30
ORANJEBTC,ON,OBTC3,2025-10-07,2026-10-05
OREILLY AUT,DRN,ORLY34,2019-07-11,2026-10-05
ORIX CORP,DRN,I1XC34,2020-10-20,2026-10-05
ORIZON,BNS,ORVR11,2026-05-11,2026-10-05
ORIZON,DIR,ORVR1,2023-01-03,2023-01-26
ORIZON,ON,ORVR3,2021-02-17,2026-10-05
OSX BRASIL,DIR,OSXB1,2016-05-13,2016-05-13
OSX BRASIL,ON,OSXB3,2015-01-02,2026-10-05
OTIS WORLDWI,DRN,O1TI34,2020-11-24,2026-10-05
OUROFINO S/A,ON,OFSA3,2015-01-05,2026-10-05
OUTFRONT MDA,DRN,O1UT34,2025-09-02,2026-09-08
P.ACUCAR-CBD,ON,PCAR3,2015-06-30,2026-10-05
P.ACUCAR-CBD,PN,PCAR4,2015-01-02,2020-02-28
PACCAR INC,DRN,P1AC34,2020-03-03,2026-10-05
PACKAGING CO,DRN,P1KG34,2020-03-20,2026-07-23
PACTUAL IBOV,CI,IBOB11,2021-07-26,2026-10-05
PADTEC,ON,PDTC3,2020-07-13,2026-10-05
PAGSEGURO,DRN,PAGS34,2021-02-01,2026-10-05
PAGUE MENOS,BNS,PGMN11,2024-12-02,2025-09-15
PAGUE MENOS,DIR,PGMN1,2023-01-31,2026-01-21
PAGUE MENOS,ON,PGMN3,2020-09-02,2026-10-05
PAGUE MENOS,ON,PGMN9,2023-03-14,2026-02-24
PALANTIRTECH,DRN,P2LT34,2021-08-16,2026-10-05
PALOALTO NET,DRN,P2AN34,2022-02-24,2026-10-05
PANATLANTICA,DIR,PATI2,2016-08-23,2017-09-12
PANATLANTICA,ON,PATI3,2015-09-03,2026-10-05
PANATLANTICA,PN,PATI4,2015-01-12,2026-10-05
PAR AL BAHIA,ON,PEAB3,2015-03-04,2026-09-30
PAR AL BAHIA,PN,PEAB4,2015-01-06,2026-09-21
PARA SKYDNC,DRN,PSKY34,2025-08-22,2026-10-05
PARAMOUNT GL,DRN,C1BS34,2022-02-23,2025-08-05
PARANA,PN,PRBC4,2015-01-02,2017-10-17
PARANAPANEMA,DIR,PMAM1,2024-01-02,2026-07-14
PARANAPANEMA,ON,PMAM3,2015-01-02,2026-10-05
PARCORRETORA,ON,PARC3,2015-06-05,2017-05-02
PARKER-HANNI,DRN,P1HC34,2020-03-03,2026-10-05
PATRIA INVST,DRN,P2AX34,2023-07-25,2026-10-05
PAYCHEX INC,DRN,P1AY34,2020-02-10,2026-09-23
PAYCOM SOFTW,DRN,P1YC34,2020-10-30,2026-10-01
PAYLOCITY,DRN,P2CY34,2022-03-30,2026-09-29
PAYPAL HOLD,DRN,PYPL34,2019-05-13,2026-10-05
PCOM 0T5 HY,DRE,BHYS39,2023-09-08,2026-08-05
PCOM 25 YRZC,DRE,BZRO39,2022-07-25,2026-10-05
PDD HOLDING,DRN,P1DD34,2023-02-15,2026-10-05
PDG REALT,BNS,PDGR11,2015-05-19,2018-03-29
PDG REALT,DIR,PDGR1,2015-04-17,2026-09-08
PDG REALT,DIR,PDGR95,2024-08-05,2024-08-27
PDG REALT,ON,PDGR3,2015-01-02,2026-10-05
PDG REALT,ON,PDGR9,2015-05-19,2015-07-01
PEGASYSTEMS,DRN,P2EG34,2022-07-20,2026-08-14
PENN NATIONL,DRN,P2EN34,2021-06-30,2026-09-29
PENTAIR PLC,DRN,P1NR34,2020-10-27,2026-06-15
PENUMBRA,DRN,P2NB34,2022-03-30,2026-09-02
PEOPLE INC,DRN,PPLI34,2026-08-25,2026-10-05
PEOPLES UNIT,DRN,P1BC34,2020-03-03,2022-03-28
PEPSICO INC,DRN,PEPB34,2015-01-05,2026-10-05
PERKINELMER,DRN,P1KI34,2020-08-18,2023-05-02
PERRIGO CO P,DRN,P1RG34,2020-02-27,2026-09-14
PET MANGUINH,DIR,RPMG1,2015-01-12,2015-08-31
PET MANGUINH,ON,RPMG3,2015-01-02,2026-08-10
PETROBRAS,ON,PETR3,2015-01-02,2026-10-05
PETROBRAS,PN,PETR4,2015-01-02,2026-10-05
PETROBRAS BR,ON,BRDT3,2017-12-15,2021-10-21
PETROCHIN,DRN,PTCH34,2019-10-28,2022-08-24
PETRORECSA,ON,RECV3,2021-05-05,2026-10-05
PETRORIO,ON,PRIO3,2015-06-26,2026-04-10
PETTENATI,ON,PTNT3,2015-01-29,2026-05-26
PETTENATI,PN,PTNT4,2015-01-26,2026-05-27
PETZ,ON,PETZ3,2020-09-11,2026-01-02
PETZCOBASI,ON,AUAU3,2026-01-05,2026-10-05
PFIZER,DRN,PFIZ34,2015-01-02,2026-10-05
PG,DRN,PGCO34,2015-01-02,2026-10-05
PHILIP MORRI,DRN,PHMO34,2019-06-21,2026-10-05
PHILLIPS 66,DRN,P1SX34,2020-02-18,2026-10-05
PIMCO MF EME,DRE,BMFE39,2023-09-15,2026-06-29
PINDUODUO IN,DRN,P1DD34,2020-10-20,2023-02-14
PINE,BNS,PINE11,2022-05-27,2026-03-06
PINE,BNS,PINE13,2025-01-22,2026-10-05
PINE,BNS,PINE14,2026-01-21,2026-09-15
PINE,DIR,PINE1,2024-10-14,2025-11-10
PINE,DIR,PINE2,2019-11-13,2025-11-12
PINE,ON,PINE3,2023-07-28,2026-10-05
PINE,ON,PINE9,2024-12-02,2024-12-05
PINE,PN,PINE10,2019-12-13,2026-04-07
PINE,PN,PINE4,2015-01-02,2026-10-05
PINNACLE WES,DRN,P1NW34,2020-03-20,2026-01-28
PINTERESTINC,DRN,P2IN34,2021-08-16,2026-10-01
PIONEER NATU,DRN,P1IO34,2020-02-07,2024-04-09
PLANETFITNES,DRN,P2LN34,2021-08-31,2026-09-04
PLANOEPLANO,ON,PLPL3,2020-09-17,2026-10-05
PLASCAR PART,DIR,PLAS1,2018-12-18,2019-01-07
PLASCAR PART,ON,PLAS3,2015-01-02,2026-10-05
PMCO 15 YRTP,DRE,BLTP39,2023-09-27,2026-09-29
PMCO 1T5 YRT,DRE,BSTP39,2023-09-11,2026-07-15
PMCO BROAD,DRE,BIPZ39,2023-09-08,2026-09-30
PMCO IGR CPI,DRE,BCRP39,2023-11-10,2026-07-09
PNCFNANCIAL,DRN,PNCS34,2019-06-18,2026-10-05
POMIFRUTAS,DIR,FRTA1,2016-03-09,2017-12-20
POMIFRUTAS,ON,FRTA3,2015-12-18,2024-04-17
PORTO SEGURO,ON,PSSA3,2015-01-02,2026-10-05
PORTOBELLO,ON,PTBL3,2015-01-05,2026-10-05
POSCO,DRN,P1KX34,2020-10-23,2022-02-23
POSCO HOLD,DRN,P1KX34,2022-03-02,2026-09-21
POSITIVO INF,ON,POSI3,2015-01-02,2017-05-03
POSITIVO TEC,ON,POSI3,2017-05-04,2026-10-05
POST HOLDING,DRN,P2OS34,2022-07-26,2026-09-17
POTASSIO BR,DR1,GROP31,2025-07-14,2026-10-05
POWERSCHOOL,DRN,P2WS34,2023-02-03,2024-09-30
PPG INDUSTRI,DRN,P1PG34,2020-11-16,2026-09-23
PPL CORP,DRN,P1PL34,2020-03-02,2026-08-17
PPLA,DR3,PPLA35,2017-09-11,2017-11-22
PPLA,DR3,PPLA36,2017-09-11,2017-11-22
PPLA,UNT,PPLA11,2017-09-11,2026-10-05
PRINCIPAL FI,DRN,P1FG34,2020-03-03,2023-11-01
PRINER,DIR,PRNR1,2025-07-08,2025-08-01
PRINER,ON,PRNR3,2020-02-17,2026-10-05
PRINER,ON,PRNR9,2025-08-11,2025-09-03
PRIO,ON,PRIO3,2026-04-13,2026-10-05
PROCORE TECH,DRN,P2CO34,2021-08-16,2026-07-23
PROFARMA,DIR,PFRM1,2016-03-30,2018-02-02
PROFARMA,ON,PFRM3,2015-01-02,2026-10-05
PROFARMA,ON,PFRM9,2016-04-29,2018-03-21
PROLOGIS INC,DRN,P1LD34,2020-02-10,2026-10-05
PROSUS N.V.,DR1,PRXB31,2025-10-31,2026-10-05
PROVIDENCIA,ON,PRVI3,2015-01-02,2015-10-29
PRUDENTIAL F,DRN,P1DT34,2020-02-13,2026-09-21
PRUDENTIAL P,DRN,P1UK34,2020-10-21,2026-09-28
PRUMO,DIR,PRML1,2016-08-01,2016-08-23
PRUMO,ON,PRML3,2015-01-02,2018-04-30
PRUMO,ON,PRML9,2016-08-31,2016-10-05
PT TELEKOMUN,DRN,T1LK34,2020-10-28,2026-10-05
PTC INC,DRN,P2TC34,2022-02-11,2026-10-05
PUBLIC SERVI,DRN,P1EG34,2020-03-03,2026-10-02
PUBLIC STORA,DRN,P1SA34,2020-08-06,2026-10-05
PULTEGROUP I,DRN,P1HM34,2020-03-02,2026-09-09
PURE STORAGE,DRN,P2ST34,2022-03-03,2026-02-25
PVH CORP,DRN,P1VH34,2020-03-20,2026-09-03
QGEP PART,ON,QGEP3,2015-01-02,2019-04-23
QORVO INC,DRN,Q1RV34,2020-05-08,2026-10-02
QR BITCOIN,CI,QBTC11,2021-06-23,2026-10-05
QR DEFI,CI,QDFI11,2022-02-08,2026-10-05
QR ETHER,CI,QETH11,2021-08-04,2026-10-05
QR SOLANA,CI,QSOL11,2024-08-29,2026-10-05
QUALCOMM,DRN,QCOM34,2015-01-05,2026-10-05
QUALICORP,ON,QUAL3,2015-01-02,2026-10-05
QUANTA SERVI,DRN,Q1UA34,2020-02-27,2026-10-05
QUANTUM COMP,DRN,QUBT34,2025-09-02,2026-10-05
QUANTUMSCAPE,DRN,Q2SC34,2022-02-01,2026-10-05
QUERO-QUERO,DIR,LJQQ1,2024-01-03,2025-01-22
QUERO-QUERO,ON,LJQQ3,2020-08-10,2026-10-05
QUERO-QUERO,ON,LJQQ9,2024-02-09,2025-03-07
QUEST DIAGNO,DRN,Q1UE34,2020-11-09,2026-09-22
RAIADROGASIL,ON,RADL3,2015-01-02,2026-10-05
RAIZEN,PN,RAIZ4,2021-08-05,2026-10-05
RALPH LAUREN,DRN,R1LC34,2020-02-28,2026-09-22
RANDON PART,DIR,RAPT1,2016-04-13,2025-08-14
RANDON PART,DIR,RAPT2,2016-04-13,2025-08-14
RANDON PART,ON,RAPT3,2015-01-02,2026-10-05
RANDON PART,ON,RAPT9,2016-06-03,2016-06-10
RANDON PART,PN,RAPT10,2016-05-13,2025-09-10
RANDON PART,PN,RAPT4,2015-01-02,2026-10-05
RAPID7 INC,DRN,R2PD34,2022-07-26,2026-10-05
RAYMOND JAME,DRN,R1JF34,2020-03-03,2026-10-05
RAYTHEONTECH,DRN,RYTT34,2020-04-20,2026-10-05
RBINVESTOETF,CI,QLBR11,2025-10-22,2026-10-05
RBR CRI FII,CI,CCRF11,2022-11-10,2023-11-21
RD SHELL,DRN,RDSA34,2019-12-17,2022-01-14
RD SHELL,DRN,RDSA35,2020-12-02,2022-01-14
RDVC CITY,DIR,CCTY1,2025-07-16,2025-08-15
RDVC CITY,ON,CCTY3,2025-04-29,2026-10-05
REAGINVEST,DIR,REAG1,2025-04-23,2025-05-16
REAGINVEST,ON,REAG3,2025-01-10,2025-12-02
REALTY INCOM,DRN,R1IN34,2020-03-23,2026-10-05
RECRUSUL,DIR,RCSL1,2016-03-09,2023-01-23
RECRUSUL,DIR,RCSL2,2016-03-09,2023-01-23
RECRUSUL,ON,RCSL3,2015-01-02,2026-10-05
RECRUSUL,PN,RCSL4,2015-01-02,2026-10-05
REDE D OR,ON,RDOR3,2020-12-10,2026-10-05
REDE ENERGIA,DIR,REDE1,2015-05-26,2026-01-16
REDE ENERGIA,DIR,REDE2,2016-10-05,2016-10-20
REDE ENERGIA,ON,REDE3,2015-01-02,2026-10-05
REDE ENERGIA,ON,REDE9,2016-11-04,2016-11-22
REDE ENERGIA,PN,REDE10,2016-10-31,2016-11-22
REDE ENERGIA,PN,REDE4,2015-01-02,2017-07-26
REDENTOR,ON,RDTR3,2015-01-16,2016-01-18
REDFIN CORP,DRN,R2DF34,2021-08-23,2025-06-27
REGALREXNORD,DRN,R2RX34,2022-03-29,2026-06-24
REGENCY CENT,DRN,R1EG34,2020-03-03,2026-09-08
REGENERON PH,DRN,REGN34,2019-06-18,2026-10-05
REGIONS FINA,DRN,R1FC34,2020-02-28,2026-09-21
RELX PLC,DRN,R1EL34,2020-12-07,2026-07-23
RENAR,DIR,RNAR1,2015-04-30,2015-05-20
RENAR,ON,RNAR3,2015-01-02,2015-12-17
RENOVA,DIR,RNEW1,2021-03-05,2025-09-01
RENOVA,DIR,RNEW12,2016-02-05,2022-12-28
RENOVA,DIR,RNEW2,2021-03-05,2022-12-28
RENOVA,ON,RNEW3,2015-06-18,2026-10-05
RENOVA,ON,RNEW9,2017-06-12,2017-06-20
RENOVA,PN,RNEW10,2017-06-13,2017-06-14
RENOVA,PN,RNEW4,2017-03-28,2026-10-05
RENOVA,REC,RNEW13,2017-04-27,2017-06-20
RENOVA,UNT,RNEW11,2015-01-02,2025-09-24
REPLIGEN,DRN,R2GE34,2022-03-30,2026-05-12
REPUBLIC SER,DRN,R1SG34,2020-02-10,2026-10-05
RESMED INC,DRN,R1MD34,2020-03-26,2026-07-23
REVEE,DIR,RVEE1,2025-08-15,2025-09-09
REVEE,ON,RVEE3,2025-05-12,2026-10-05
REVVITY INC,DRN,P1KI34,2023-05-05,2023-05-18
REVVITY INC,DRN,R1VT34,2023-05-25,2026-08-05
RH,DRN,R2HH34,2021-08-16,2026-09-29
RIACHUELO,ON,RIAA3,2026-02-05,2026-10-05
RIGETTI COMP,DRN,RGTI34,2025-05-20,2026-10-05
RINGCENTRAL,DRN,R2NG34,2022-03-30,2026-10-05
RIO ALTO,ON,RIOS3,2025-11-28,2026-02-24
RIO TINTO,DRN,RIOT34,2019-12-17,2026-10-05
RIOSULENSE,PN,RSUL4,2015-02-18,2026-10-05
RJCP,DIR,RJCP1,2015-06-11,2015-06-30
RJCP,ON,RJCP3,2015-01-08,2016-04-05
RNI,ON,RDNI3,2017-12-18,2025-12-16
ROBERT HALF,DRN,R1HI34,2020-03-25,2026-10-05
ROBLOX CORP,DRN,R2BL34,2021-08-16,2026-10-05
ROCKWELL AUT,DRN,R1OK34,2020-03-20,2026-10-05
RODOBENSIMOB,ON,RDNI3,2015-01-02,2017-12-14
ROKU INC,DRN,R1KU34,2020-10-23,2026-09-25
ROLLINS INC,DRN,R1OL34,2020-06-04,2026-10-05
ROMI,ON,ROMI3,2022-05-05,2026-10-05
ROPER TECHNO,DRN,R1OP34,2020-03-23,2026-10-05
ROSS STORES,DRN,ROST34,2016-05-17,2026-09-21
ROSSI RESID,DIR,RSID1,2022-03-03,2025-08-12
ROSSI RESID,ON,RSID3,2015-01-02,2026-05-18
ROYAL CARIBB,DRN,R1CL34,2020-02-27,2026-10-05
RUMO LOG,DIR,RUMO1,2015-12-29,2016-01-22
RUMO LOG,ON,RUMO3,2015-04-01,2017-03-10
RUMO S.A.,ON,RAIL3,2017-03-13,2026-10-05
RUSSEL 1000V,DRE,BIWD39,2025-09-22,2026-06-09
RUSSEL1000GR,DRE,BIWF39,2022-05-09,2026-09-30
RUSSEL1000GR,DRN,BIWF39,2021-05-03,2022-05-06
RUSSELL 2000,DRE,BIWM39,2022-05-12,2026-10-05
RUSSELL 2000,DRN,BIWM39,2020-11-30,2022-05-06
RYANAIR HOLD,DRN,R1YA34,2020-10-29,2026-09-30
RYMAN HOSPTY,DRN,R1HP34,2025-10-22,2026-09-23
SABESP,ON,SBSP3,2015-01-02,2026-10-05
SAFRAETFELAS,CI,ELAS11,2022-03-08,2026-10-05
SAFRAETFIBOV,CI,BOVS11,2021-12-13,2026-10-05
SAFRAETFIBOV,CI,SAET11,2021-06-07,2021-12-10
SAFRAIBOVEST,CI,SPUB11,2024-10-21,2026-10-05
SAFRAIBOVPVT,CI,SPVT11,2024-10-21,2026-10-05
SALESFOR INC,DRN,SSFO34,2022-04-05,2026-10-05
SALESFORCE,DRN,SSFO34,2016-05-25,2022-04-04
SANCHEZ ENER,DRN,SANC34,2016-08-22,2018-07-10
SANEPAR,ON,SAPR3,2015-05-21,2026-10-05
SANEPAR,PN,SAPR4,2015-01-02,2026-10-05
SANEPAR,UNT,SAPR11,2017-11-22,2026-10-05
SANSUY,ON,SNSY3,2015-01-27,2026-07-09
SANSUY,PNA,SNSY5,2015-01-06,2026-10-02
SANSUY,PNB,SNSY6,2020-08-19,2020-08-25
SANTANDER,DRN,BCSA34,2019-11-01,2026-10-05
SANTANDER BR,ON,SANB3,2015-01-02,2026-10-05
SANTANDER BR,PN,SANB4,2015-01-02,2026-10-05
SANTANDER BR,UNT,SANB11,2015-01-02,2026-10-05
SANTANENSE,ON,CTSA3,2015-01-09,2026-05-18
SANTANENSE,PN,CTSA4,2015-01-05,2026-05-15
SANTOS BRP,ON,STBP3,2016-08-22,2025-10-02
SANTOS BRP,UNT,STBP11,2015-01-02,2016-08-19
SAO CARLOS,ON,SCAR3,2015-01-02,2026-10-05
SAO MARTINHO,ON,SMTO3,2015-01-02,2026-10-05
SAP SE,DRN,SAPP34,2019-12-17,2026-10-05
SARAIVA LIVR,BNS,SLED11,2020-01-14,2023-02-28
SARAIVA LIVR,BNS,SLED12,2021-03-24,2021-06-09
SARAIVA LIVR,DIR,SLED1,2019-11-11,2019-12-03
SARAIVA LIVR,DIR,SLED12,2019-11-11,2019-12-03
SARAIVA LIVR,DIR,SLED13,2020-03-09,2020-03-31
SARAIVA LIVR,DIR,SLED2,2019-11-11,2022-10-26
SARAIVA LIVR,ON,SLED3,2015-01-14,2023-10-04
SARAIVA LIVR,PN,SLED4,2015-01-02,2023-10-04
SAREPTA THER,DRN,S1RP34,2020-10-14,2026-10-05
SBA COMMUNIC,DRN,S1BA34,2020-02-21,2026-09-02
SCHLOSSER,PN,SCLO4,2017-02-08,2017-03-01
SCHLUMBERGER,DRN,SLBG34,2015-01-05,2025-10-17
SCHULZ,ON,SHUL3,2015-11-24,2022-09-12
SCHULZ,PN,SHUL4,2015-01-02,2026-10-05
SCHWAB,DRN,SCHW34,2016-04-28,2026-10-05
SCOTIABANK,DRN,BNSB34,2025-07-31,2025-08-01
SEA LTD,DRN,S2EA34,2021-04-08,2026-10-05
SEAGATE HOLD,DRN,S1TX34,2021-05-26,2026-10-05
SEAGATE TECH,DRN,S1TX34,2020-02-05,2021-05-25
SEAGEN,DRN,S1GE34,2020-10-23,2023-12-13
SEALED AIR C,DRN,S1EA34,2020-03-20,2025-12-03
SEATTLE GENE,DRN,S1GE34,2020-10-14,2020-10-22
SEG AL BAHIA,ON,CSAB3,2015-01-14,2024-01-05
SEG AL BAHIA,PN,CSAB4,2015-01-02,2023-12-28
SEI INVEST,DRN,S2EI34,2022-06-09,2026-09-15
SELECT DIVID,DRE,BDVY39,2022-05-09,2026-10-05
SELECT DIVID,DRN,BDVY39,2020-11-30,2022-05-06
SEMPRA,DRN,S1RE34,2021-08-03,2026-09-04
SEMPRA ENERG,DRN,S1RE34,2020-10-21,2021-07-15
SENIOR SOL,ON,SNSL3,2015-01-02,2019-02-15
SEQUOIA LOG,DIR,SEQL1,2023-04-28,2026-05-25
SEQUOIA LOG,DIR,SEQL11,2024-04-09,2025-10-09
SEQUOIA LOG,DIR,SEQL12,2024-04-09,2024-05-03
SEQUOIA LOG,ON,SEQL3,2020-10-07,2026-10-05
SEQUOIA LOG,ON,SEQL9,2023-05-31,2023-07-05
SER EDUCA,DIR,SEER1,2017-09-19,2017-10-09
SER EDUCA,ON,SEER3,2015-01-02,2026-10-05
SER EDUCA,ON,SEER9,2017-10-18,2017-11-07
SERENA,ON,SRNA3,2023-12-04,2025-11-13
SERVICENOW,DRN,N1OW34,2020-10-26,2026-10-05
SHOCKWAVE ME,DRN,S2WA34,2022-07-26,2024-05-29
SHOPIFY INC,DRN,S2HO34,2021-04-06,2026-10-05
SIBANYE STIL,DRN,S1BS34,2020-12-28,2026-10-05
SID NACIONAL,ON,CSNA3,2015-01-02,2026-10-05
SIERRABRASIL,ON,SSBR3,2015-01-02,2019-08-05
SIGMA LITHM,DRN,S2GM34,2023-07-24,2026-10-05
SIGNATURE BK,DRN,SBNY34,2019-07-11,2023-03-09
SILICON LAB,DRN,S2LA34,2022-03-30,2026-08-13
SILVER TRUST,DRE,BSLV39,2022-05-09,2026-10-05
SILVER TRUST,DRN,BSLV39,2020-11-30,2022-05-06
SIMON PROP,DRN,SIMN34,2019-05-20,2026-10-05
SIMPAR,DIR,SIMH1,2026-03-11,2026-04-14
SIMPAR,ON,SIMH3,2020-09-18,2026-10-05
SIMPAR,ON,SIMH9,2026-04-20,2026-05-11
SIMPLY GOOD,DRN,S2MP34,2023-12-21,2026-10-05
SINQIA,ON,SQIA3,2019-02-18,2023-11-01
SIRIUS XM HD,DRN,SRXM34,2019-07-11,2024-09-09
SIX FLAGS,DRN,S2IX34,2023-07-25,2024-06-14
SIXFLAGS FUN,DRN,F1UN34,2024-11-01,2026-05-07
SK HYNIX,DRN,SKHY34,2026-08-10,2026-10-05
SK TELECOM C,DRN,S1KM34,2020-10-22,2026-10-05
SKYWORKS SOL,DRN,S1SL34,2020-03-03,2026-09-18
SL GREEN REA,DRN,S1LG34,2020-03-17,2026-10-05
SLB N.V,DRN,SLBG34,2025-10-21,2026-10-05
SLC AGRICOLA,ON,SLCE3,2015-01-02,2026-10-05
SMART FIT,DIR,SMFT1,2025-01-06,2025-12-30
SMART FIT,ON,SMFT3,2021-07-14,2026-10-05
SMART FIT,ON,SMFT9,2025-02-13,2026-02-04
SMART HASH,CI,WEB311,2022-03-30,2026-10-05
SMARTSHEET,DRN,S2MA34,2022-03-30,2025-01-16
SMILES,ON,SMLE3,2015-01-02,2017-10-20
SMILES,ON,SMLS3,2017-10-23,2021-06-04
SMITH & NEPH,DRN,S1NN34,2020-11-16,2023-09-29
SMITH NEPH,DRN,S1NN34,2023-10-20,2026-09-29
SNAP INC,DRN,S2NA34,2022-02-04,2026-10-02
SNAP-ON INC,DRN,S1NA34,2020-05-20,2026-10-05
SNOWFLAKE,DRN,S2NW34,2021-04-06,2026-10-05
SOCIEDQM CHI,DRN,S2CH34,2022-01-31,2026-10-05
SOFISA,PN,SFSA4,2015-01-02,2016-11-18
SOLANA HASH,CI,SOLH11,2024-09-06,2026-10-05
SOLAR TECH,DRN,S2ED34,2022-03-30,2026-10-05
SOMNIGROUP,DRN,S2GI34,2025-05-12,2026-09-25
SOMOS EDUCA,ON,SEDU3,2015-07-28,2019-05-20
SONDOTECNICA,ON,SOND3,2017-07-07,2026-01-13
SONDOTECNICA,PNA,SOND5,2015-01-14,2026-10-05
SONDOTECNICA,PNB,SOND6,2015-01-06,2026-10-05
SONY CORP,DRN,SNEC34,2019-11-08,2021-04-09
SONY GROUP,DRN,SNEC34,2021-04-12,2026-10-05
SOUTHWEST AI,DRN,S1OU34,2020-02-27,2026-09-25
SOUZA CRUZ,ON,CRUZ3,2015-01-02,2015-11-30
SP GLOBAL,DRN,SPGI34,2019-06-18,2026-10-05
SP SCAP 600G,DRE,BIJT39,2025-09-22,2026-10-05
SP500 VALUE,DRE,BIVE39,2022-05-09,2026-10-05
SP500 VALUE,DRN,BIVE39,2021-05-03,2022-05-06
SP500GROWTH,DRE,BIVW39,2022-05-09,2026-10-05
SP500GROWTH,DRN,BIVW39,2021-05-03,2022-05-06
SPACE X,DRN,SPCX34,2026-06-12,2026-10-05
SPARTA CDII,CI,CDII11,2023-05-22,2026-10-05
SPARTA CDII,DIR,CDII12,2023-06-30,2025-11-12
SPARTA DIVS,CI,DIVS11,2025-05-08,2026-10-05
SPARTA DIVS,DIR,DIVS12,2025-07-28,2026-03-10
SPARTA INFRA,CI,JURO11,2023-06-12,2026-10-05
SPARTA INFRA,DIR,JURO12,2022-09-14,2023-10-31
SPARTA PREE,CI,PREE11,2026-06-25,2026-10-05
SPARTA PREE,DIR,PREE12,2026-08-24,2026-08-24
SPLUNK INC,DRN,S1PL34,2020-10-23,2024-03-15
SPOTIFY TECH,DRN,S1PO34,2020-02-11,2026-10-05
SPRINGER,ON,SPRI3,2015-01-06,2020-09-09
SPRINGER,PNA,SPRI5,2015-01-21,2020-09-02
SPRINGER,PNB,SPRI6,2015-01-13,2020-08-27
SPRINGS,ON,SGPS3,2015-01-02,2024-08-15
SPRINT,DRN,SPRN34,2016-08-01,2020-03-24
SPROUTS FARM,DRN,S2FM34,2022-07-11,2026-10-02
SPTURIS,DIR,AHEB1,2020-02-27,2020-02-27
SPTURIS,ON,AHEB3,2015-07-29,2026-09-28
SPTURIS,PNA,AHEB5,2016-05-20,2025-07-07
SPTURIS,PNB,AHEB6,2015-09-22,2025-05-19
SQUARE INC,DRN,S2QU34,2021-04-06,2021-12-10
SQUARESPACE,DRN,S2QS34,2021-08-24,2024-10-10
SSC TECHNOL,DRN,S1SN34,2020-10-20,2026-07-15
STAG INDUSTR,DRN,S2TA34,2022-02-01,2026-10-05
STANLEY BLAC,DRN,S1WK34,2020-03-03,2026-10-05
STARBUCKS,DRN,SBUB34,2015-01-02,2026-10-05
STARWOOD PRO,DRN,S2TW34,2022-02-10,2026-10-05
STATE STREET,DRN,S1TT34,2020-02-27,2026-10-05
STERIS PLC,DRN,S1TE34,2020-10-14,2026-06-02
STERLING BNC,DRN,SLBC34,2019-06-13,2022-01-27
STMICROEL,DRN,STMN34,2019-11-22,2026-10-05
STONE CO,DR1,STOC31,2021-06-28,2025-03-14
STONE CO,DRN,STOC34,2025-03-17,2026-10-05
STORECAPITAL,DRN,S2TO34,2021-08-16,2023-02-03
STRATEGY INC,DRN,M2ST34,2025-08-13,2026-10-05
STRIDE INC,DRN,L2RN34,2022-07-26,2026-10-02
STRYKER CORP,DRN,S1YK34,2020-02-21,2026-10-05
SUL AMERICA,ON,SULA3,2017-04-17,2022-12-23
SUL AMERICA,PN,SULA4,2017-04-04,2022-12-23
SUL AMERICA,UNT,SULA11,2015-01-02,2022-12-23
SULTEPA,ON,SULT3,2015-01-13,2017-03-01
SULTEPA,PN,SULT4,2015-01-06,2017-03-01
SUMITOMO MIT,DRN,S1MF34,2020-10-22,2026-10-02
SUN COMMUN,DRN,S2UI34,2021-04-05,2026-10-05
SUNO FIC FI,CI,SNID11,2023-02-07,2026-10-05
SUZANO PAPEL,ON,SUZB3,2017-11-10,2019-04-04
SUZANO PAPEL,PNA,SUZB5,2015-01-02,2017-11-09
SUZANO PAPEL,PNB,SUZB6,2015-02-23,2015-12-02
SUZANO S.A.,ON,SUZB3,2019-04-05,2026-10-05
SVB FINANCIA,DRN,S1IV34,2020-03-03,2023-03-13
SWEETCOSMET,DIR,SWET1,2015-07-13,2016-05-13
SWEETCOSMET,ON,SWET3,2015-06-17,2016-05-25
SWITCH INC,DRN,S2WC34,2022-05-12,2022-07-26
SYN PROP TEC,ON,SYNE3,2021-09-13,2026-10-05
SYNAPTICS,DRN,S2YN34,2022-02-25,2026-09-24
SYNCHRONY FI,DRN,S1YF34,2020-01-06,2026-09-23
SYNOPSYS INC,DRN,S1NP34,2020-03-03,2026-10-05
SYSCO CORP,DRN,S1YY34,2020-02-18,2026-09-29
T ROWE PRICE,DRN,T1RO34,2020-03-03,2026-10-01
T-MOBILE US,DRN,T1MU34,2020-01-31,2026-10-05
TAESA,ON,TAEE3,2017-05-17,2026-10-05
TAESA,PN,TAEE4,2017-05-10,2026-10-05
TAESA,UNT,TAEE11,2015-01-02,2026-10-05
TAIWANSMFAC,DRN,TSMC34,2019-10-25,2026-10-05
TAKE-TWO INT,DRN,T1TW34,2020-04-14,2026-10-05
TAKEDAPH,DRN,TAKP34,2019-12-17,2026-09-28
TAL EDUCATIO,DRN,T1AL34,2020-11-16,2026-10-05
TAND DIABETE,DRN,T2ND34,2022-03-30,2026-10-05
TANGER INC,DRN,S1KT34,2025-09-26,2026-01-27
TAPESTRY INC,DRN,TPRY34,2019-07-11,2026-10-02
TARGET CORP,DRN,TGTB34,2015-08-27,2026-10-05
TARPON INV,DIR,TRPN1,2018-05-22,2018-06-14
TARPON INV,ON,TRPN3,2015-01-02,2019-07-17
TAURUS ARMAS,BNS,TASA13,2019-11-12,2021-06-28
TAURUS ARMAS,BNS,TASA15,2019-11-12,2021-09-30
TAURUS ARMAS,BNS,TASA17,2019-11-12,2022-09-28
TAURUS ARMAS,ON,TASA3,2019-11-12,2026-10-05
TAURUS ARMAS,PN,TASA4,2019-11-12,2026-10-05
TC,ON,TRAD3,2021-07-28,2026-07-03
TE CONNECTIV,DRN,T1EL34,2020-03-25,2026-10-05
TEC BLUMENAU,PNA,TENE5,2015-01-15,2016-05-16
TEC BLUMENAU,PNC,TENE7,2015-01-06,2017-02-08
TECEL S JOSE,PN,SJOS4,2017-01-31,2017-03-01
TECH BRASIL,CI,TECB11,2021-10-04,2024-03-27
TECHNIPFMC P,DRN,T1EC34,2020-01-31,2026-09-14
TECHNOS,ON,TECN3,2015-01-02,2026-10-05
TECNISA,DIR,TCSA1,2016-08-25,2017-04-20
TECNISA,ON,TCSA3,2015-01-02,2026-10-05
TECNISA,ON,TCSA9,2017-05-02,2017-05-24
TECNOSOLO,ON,TCNO3,2015-01-02,2022-10-26
TECNOSOLO,PN,TCNO4,2015-01-02,2022-10-26
TECTOY,DIR,TOYB1,2017-12-28,2018-01-12
TECTOY,DIR,TOYB2,2017-12-26,2018-01-12
TECTOY,ON,TOYB3,2015-01-02,2019-07-31
TECTOY,ON,TOYB9,2015-04-30,2015-05-15
TECTOY,PN,TOYB4,2015-01-02,2019-08-01
TEGMA,ON,TGMA3,2015-01-02,2026-10-05
TEKA,ON,TEKA3,2015-01-02,2024-10-31
TEKA,PN,TEKA4,2015-01-02,2025-02-06
TEKNO,ON,TKNO3,2024-12-23,2026-04-02
TEKNO,PN,TKNO4,2015-01-21,2026-04-22
TELADOCHEALT,DRN,T2DH34,2021-04-05,2026-10-05
TELEBRAS,DIR,TELB1,2017-10-04,2025-06-10
TELEBRAS,DIR,TELB2,2017-10-02,2019-11-26
TELEBRAS,ON,TELB3,2015-01-07,2026-10-05
TELEBRAS,PN,TELB4,2015-01-02,2026-10-05
TELEF BRASIL,ON,VIVT3,2015-01-02,2026-10-05
TELEF BRASIL,PN,VIVT4,2015-01-02,2020-11-20
TELEFLEX INC,DRN,T1FX34,2020-02-21,2026-07-16
TELEFONIC,DRN,TLNC34,2019-12-17,2026-01-15
TEMPO PART,ON,TEMP3,2015-01-02,2016-04-29
TEMPUR SEALY,DRN,T2PX34,2021-08-16,2025-02-11
TENARIS SA,DRN,T1SS34,2020-11-05,2026-09-24
TENDA,ON,TEND3,2017-05-04,2026-10-05
TERADYNE INC,DRN,T2ER34,2022-03-11,2026-10-05
TEREOS,ON,TERI3,2015-01-02,2016-09-26
TERNIUMSA,DRN,TXSA34,2019-10-23,2026-10-05
TERRA SANTA,BNS,TESA12,2019-06-24,2021-07-08
TERRA SANTA,DIR,TESA1,2019-05-06,2019-05-27
TERRA SANTA,ON,TESA3,2016-11-07,2021-07-30
TERRA SANTA,ON,TESA9,2019-06-04,2019-06-18
TERRASANTAPA,ON,LAND3,2021-08-02,2026-10-05
TESLA INC,DRN,TSLA34,2017-02-14,2026-10-05
TESLA MOTORS,DRN,TSLA34,2017-01-19,2017-01-31
TESORO CORP,DRN,TSOR34,2016-08-01,2017-07-31
TEVA PHARMAC,DRN,T1EV34,2020-10-22,2026-09-28
TEX RENAUX,ON,TXRX3,2015-01-14,2026-07-24
TEX RENAUX,PN,TXRX4,2015-01-05,2026-10-05
TEXAS INC,DRN,TEXA34,2015-08-25,2026-10-05
TEXTRON INC,DRN,T1XT34,2020-03-03,2025-04-07
TGLT,DR2,TGLT32,2015-08-05,2016-12-20
THE JM SMUCK,DRN,S1JM34,2020-03-23,2026-08-10
THE PROGRESS,DRN,P1GR34,2020-02-21,2026-10-05
THE SHERWIN,DRN,S1HW34,2020-03-17,2026-10-01
THE SOUTHERN,DRN,T1SO34,2020-01-31,2026-10-05
THERMFISCHER,DRN,TMOS34,2016-04-27,2026-10-05
TIFFANY,DRN,TIFF34,2015-03-11,2021-01-12
TIM,ON,TIMS3,2020-10-13,2026-10-05
TIM PART S/A,ON,TIMP3,2015-01-02,2020-10-09
TIME FOR FUN,ON,SHOW3,2015-01-02,2026-09-01
TIME WARNER,DRN,TWXB34,2015-01-02,2018-06-13
TJX COMPANIE,DRN,TJXC34,2019-06-18,2026-10-05
TOAST INC,DRN,TOST34,2025-11-05,2026-10-05
TOP20USSTOCK,DRE,TOPB39,2025-09-17,2026-10-05
TOTVS,ON,TOTS3,2015-01-02,2026-10-05
TOYOTAMO,DRN,TMCO34,2019-12-17,2026-10-05
TRACK FIELD,PN,TFCO4,2020-10-26,2026-10-05
TRACTEBEL,ON,TBLE3,2015-01-02,2016-07-20
TRACTOR SUPP,DRN,T1SC34,2020-02-10,2026-10-05
TRADE DESK,DRN,T2TD34,2021-04-05,2026-10-05
TRAN PAULIST,DIR,TRPL2,2016-04-08,2016-04-28
TRAN PAULIST,ON,TRPL3,2015-01-09,2024-11-14
TRAN PAULIST,PN,TRPL10,2016-05-16,2016-05-24
TRAN PAULIST,PN,TRPL4,2015-01-02,2024-11-14
TRANE TECH,DRN,I1RP34,2020-03-19,2026-10-05
TRANSDIGM GR,DRN,T1DG34,2020-03-17,2026-10-05
TRANSOCEAN,DRN,RIGG34,2016-08-01,2026-10-05
TRAVELERS,DRN,TRVC34,2016-05-17,2026-09-28
TRD SPX USD,CI,SPXU11,2026-06-05,2026-10-05
TRD SPX USD,CI,USAL11,2026-06-03,2026-06-03
TREND ACWI,CI,ACWI11,2021-02-01,2025-05-23
TREND ASIA,CI,ASIA11,2021-06-28,2023-03-30
TREND BTC,CI,XBIT11,2025-12-12,2026-10-05
TREND CHINA,CI,XINA11,2020-12-21,2025-05-23
TREND DOLAR,CI,DOLX11,2025-12-29,2026-10-05
TREND EMEG,CI,EMEG11,2021-06-15,2022-11-04
TREND ESG D,CI,ESGD11,2021-11-17,2024-12-19
TREND ESG E,CI,ESGE11,2021-11-17,2024-12-19
TREND ESG US,CI,ESGU11,2021-11-17,2024-10-10
TREND ETH,CI,XETH11,2025-12-12,2026-10-05
TREND EUROPA,CI,EURP11,2021-01-19,2024-12-19
TREND IBOVX,CI,BOVX11,2021-06-21,2026-10-05
TREND IFIX,CI,XFIX11,2020-11-30,2021-09-02
TREND IFIX-L,CI,XFIX11,2021-09-03,2026-10-05
TREND INFRA,CI,OBRA11,2026-09-08,2026-10-05
TREND NASDAQ,CI,NASD11,2021-05-24,2026-10-05
TREND OURO,CI,GOLD11,2020-12-14,2026-10-05
TREND OURO H,CI,GOLX11,2025-12-22,2026-10-05
TREND PRATA,CI,SLVR11,2026-04-20,2026-10-05
TREND SMALL,CI,XCAP11,2026-08-07,2026-10-05
TREND SMALL,CI,XMAL11,2021-07-19,2023-06-26
TREND SP BRL,CI,SPXH11,2025-12-29,2026-10-05
TREND U REIT,CI,URET11,2022-02-22,2024-10-10
TREND US BND,CI,AGGX11,2026-09-02,2026-10-05
TREND US LRG,CI,USAL11,2022-02-10,2026-06-02
TREND US TEC,CI,UTEC11,2022-05-19,2025-05-23
TREND VALOR,CI,XVAL11,2026-10-05,2026-10-05
TREVISA,ON,LUXM3,2015-04-30,2015-05-25
TREVISA,PN,LUXM4,2015-02-20,2026-10-05
TREX CO INC,DRN,T2RE34,2022-03-21,2026-10-05
TRG SMIC CAP,CI,TRIG11,2021-11-12,2026-10-05
TRIMBLE INC,DRN,T2RM34,2022-04-18,2026-07-16
TRIPADVISOR,DRN,T1RI34,2020-02-13,2026-10-05
TRISUL,ON,TRIS3,2015-01-02,2026-10-05
TRIUNFO PART,ON,TPIS3,2015-01-02,2026-10-05
TRTMSCI EAFE,DRE,BEGD39,2022-05-09,2026-10-05
TRTMSCI EAFE,DRN,BEGD39,2020-12-04,2022-05-06
TRUIST FINAN,DRN,B1BT34,2020-02-27,2026-10-05
TRUSTMSCI US,DRE,BEGU39,2022-05-09,2026-10-05
TRUSTMSCI US,DRN,BEGU39,2020-12-01,2022-05-06
TUPY,ON,TUPY3,2015-01-02,2026-10-05
TUSIMPLE HOL,DRN,T2SP34,2022-07-26,2023-03-17
TWILIO INC,DRN,T1WL34,2020-10-23,2026-10-05
TWITTER,DRN,TWTR34,2015-02-02,2022-11-07
TYLER TECH,DRN,T2YL34,2022-03-30,2026-10-01
TYSON FOODS,DRN,TSNF34,2019-07-11,2026-10-05
UBER TECH IN,DRN,U1BE34,2019-12-23,2026-10-05
UBS GROUP,DRN,UBSG34,2016-11-16,2026-10-05
UDR INC,DRN,U1DR34,2020-03-23,2026-09-28
UIPATH INC,DRN,P2AT34,2021-08-16,2026-10-05
ULTA BEAUTY,DRN,U1LT34,2020-03-02,2026-10-01
ULTRAGENYX,DRN,R2AR34,2022-03-30,2026-10-05
ULTRAPAR,DIR,UGPA1,2021-06-30,2021-10-28
ULTRAPAR,ON,UGPA3,2015-01-02,2026-10-05
UMH PROPERTS,DRN,U1MH34,2025-10-09,2026-08-31
UNDER ARMOUR,DRN,U1AI34,2020-03-03,2026-10-05
UNICASA,ON,UCAS3,2015-01-02,2026-10-05
UNIFIQUE,ON,FIQE3,2021-07-27,2026-10-05
UNILEVER,DRN,ULEV34,2019-10-25,2026-10-05
UNILEVER NV,DRN,U1NL34,2020-10-20,2020-11-25
UNIONPACIFIC,DRN,UPAC34,2015-07-27,2026-10-05
UNIPAR,ON,UNIP3,2015-01-07,2026-10-05
UNIPAR,PNA,UNIP5,2015-01-02,2026-10-05
UNIPAR,PNB,UNIP6,2015-01-02,2026-10-05
UNITED AIRLI,DRN,U1AL34,2020-01-30,2026-10-05
UNITED NATUR,DRN,U2NF34,2022-07-26,2026-09-21
UNITED RENTA,DRN,U1RI34,2020-03-19,2026-10-05
UNITED TECH,DRN,UTEC34,2015-01-14,2020-04-01
UNITEDHEALTH,DRN,UNHH34,2019-05-13,2026-10-05
UNITEDTHERAP,DRN,U2TH34,2023-07-27,2026-10-05
UNITY SOFTWR,DRN,U2ST34,2021-04-06,2026-10-05
UNIVERSAL HE,DRN,U1HS34,2020-03-23,2026-09-22
UNUM GROUP,DRN,U1NM34,2020-02-28,2026-10-05
UPS,DRN,UPSS34,2015-01-20,2026-10-05
UPSTART HOLD,DRN,U2PS34,2022-02-14,2026-10-05
UPWORK INC,DRN,U2PW34,2021-08-18,2026-10-02
US AEROSPACE,DRE,BAER39,2022-05-09,2026-10-05
US AEROSPACE,DRN,BAER39,2020-11-30,2022-05-06
US BANCORP,DRN,USBC34,2015-02-09,2026-10-05
US FINANCIAL,DRE,BIYF39,2022-05-09,2026-10-05
US FINANCIAL,DRN,BIYF39,2020-11-30,2022-05-06
US INSURANCE,DRE,BIAK39,2025-09-22,2026-10-05
US STEEL,DRN,USSX34,2016-08-01,2025-06-10
US TECHNOLOG,DRE,BIYW39,2022-05-09,2026-10-05
US TECHNOLOG,DRN,BIYW39,2020-11-30,2022-05-06
US TELECOM,DRE,BIYZ39,2025-09-22,2026-09-11
USBROKERD SE,DRE,BIAI39,2025-09-22,2026-10-05
USFINANCSERV,DRE,BIYG39,2022-05-09,2026-10-05
USFINANCSERV,DRN,BIYG39,2021-05-04,2022-05-03
USIMINAS,DIR,USIM1,2016-04-25,2016-05-16
USIMINAS,DIR,USIM11,2016-03-22,2016-04-13
USIMINAS,ON,USIM3,2015-01-02,2026-10-05
USIMINAS,ON,USIM9,2016-05-25,2016-07-19
USIMINAS,PNA,USIM12,2016-04-22,2016-06-03
USIMINAS,PNA,USIM5,2015-01-02,2026-10-05
USIMINAS,PNB,USIM6,2015-02-23,2026-09-30
USMEDICDEVIC,DRE,BIHI39,2022-05-09,2026-10-05
USMEDICDEVIC,DRN,BIHI39,2021-05-03,2022-05-06
USOIL EQSRV,DRE,BIEZ39,2025-09-22,2026-09-23
V-AGRO,ON,VAGR3,2015-01-02,2016-11-04
V-AGRO,ON,VAGR9,2015-01-02,2015-03-05
VALE,ON,VALE3,2015-01-02,2026-10-05
VALE,PNA,VALE5,2015-01-02,2017-11-24
VALERO ENER,DRN,VLOE34,2016-08-01,2026-10-05
VALID,BNS,VLID11,2021-03-17,2022-08-31
VALID,DIR,VLID1,2021-01-13,2021-02-08
VALID,ON,VLID3,2015-01-02,2026-10-05
VALID,ON,VLID9,2021-02-12,2021-03-11
VALLEY NTION,DRN,VLYB34,2019-07-11,2026-10-05
VALOUR BTC 0,DRE,BTCV39,2026-03-12,2026-10-02
VALOUR ETH 0,DRE,ETHV39,2026-09-10,2026-10-05
VALOUR SOL,DRE,VSOL39,2026-08-26,2026-10-05
VALOUR SUI,DRE,VSUI39,2026-09-30,2026-10-02
VALOUR XRP,DRE,XRPV39,2025-12-18,2026-01-29
VAMOS,DIR,VAMO1,2026-03-11,2026-04-27
VAMOS,ON,VAMO3,2021-01-29,2026-10-05
VAMOS,ON,VAMO9,2026-05-04,2026-05-15
VANECK ANGL,DRE,ANGV39,2025-09-15,2026-10-05
VANECK EMERG,DRE,HYEM39,2025-10-21,2026-09-25
VANECK PREF,DRE,PFXF39,2024-03-14,2024-03-14
VANG INFRA,CI,VANG11,2024-07-09,2026-09-25
VARIAN MEDIC,DRN,V1AR34,2020-10-21,2021-03-08
VARONIS SYS,DRN,V2RN34,2022-07-26,2026-10-05
VE BUZZ ETF,DRE,BUZZ39,2022-07-26,2026-09-22
VE BUZZ ETF,DRN,BUZZ39,2022-04-20,2022-04-20
VE GOLD ETF,DRE,GDXB39,2022-05-09,2026-10-05
VE GOLD ETF,DRN,GDXB39,2022-02-25,2022-05-05
VE MOAT ETF,DRE,MOTB39,2022-05-10,2026-10-05
VE MOAT ETF,DRN,MOTB39,2022-04-18,2022-04-18
VE STEEL ETF,DRE,SLXB39,2022-06-08,2026-03-17
VE STEEL ETF,DRN,SLXB39,2022-02-25,2022-04-29
VEEVASYSTEMS,DRN,V2EE34,2021-08-16,2026-10-05
VENTAS INC,DRN,V1TA34,2020-03-20,2026-10-02
VERISIGN INC,DRN,VRSN34,2019-07-11,2026-09-01
VERISK ANALY,DRN,V1RS34,2020-03-10,2026-10-05
VERIZON,DRN,VERZ34,2015-01-02,2026-10-05
VERTEX PHARM,DRN,VRTX34,2019-06-18,2026-10-05
VERTIV HOLDS,DRN,V1RT34,2025-05-14,2026-10-05
VESTE,DIR,VSTE1,2024-01-24,2024-02-14
VESTE,ON,VSTE3,2023-02-09,2026-10-05
VF CORP,DRN,VFCO34,2019-07-11,2026-09-25
VIA,BNS,VIIA12,2023-09-18,2023-09-19
VIA,ON,VIIA3,2021-08-16,2023-09-19
VIACOM INC,DRN,VIAM34,2019-07-11,2019-11-11
VIACOMCBS,DRN,C1BS34,2020-02-27,2022-02-22
VIAVAREJO,ON,VVAR3,2015-01-07,2021-08-13
VIAVAREJO,PN,VVAR4,2015-10-07,2018-11-23
VIAVAREJO,UNT,VVAR11,2015-01-02,2018-11-23
VIBRA,ON,VBBR3,2021-10-22,2026-10-05
VIGOR FOOD,ON,VIGR3,2015-02-12,2016-08-08
VIMEO INC,DRN,V2ME34,2021-08-18,2025-11-21
VIPSHOP HOLD,DRN,V1IP34,2020-10-21,2026-10-05
VISA INC,DRN,VISA34,2015-01-02,2026-10-05
VISTRA CORP,DRN,V1ST34,2025-05-14,2026-10-05
VITALYZE.ME,DIR,VTLM1,2016-07-20,2016-09-21
VITALYZE.ME,ON,VTLM3,2016-05-27,2016-12-29
VITRUEDUCA,ON,VTRU3,2024-06-10,2026-10-05
VITTIA,ON,VITT3,2021-09-02,2026-10-05
VIVARA S.A.,ON,VIVA3,2019-10-10,2026-10-05
VIVEO,DIR,VVEO1,2026-07-02,2026-08-26
VIVEO,ON,VVEO3,2021-08-09,2026-10-05
VIVER,BNS,VIVR12,2026-04-13,2026-10-05
VIVER,DIR,VIVR1,2018-03-16,2026-01-13
VIVER,DIR,VIVR12,2024-02-14,2024-03-05
VIVER,DIR,VIVR13,2026-02-24,2026-03-20
VIVER,ON,VIVR3,2015-01-02,2026-10-05
VIVINT SMART,DRN,V2VN34,2022-07-26,2022-07-26
VIVMARK RESI,DRN,VMRK34,2026-08-25,2026-10-01
VMWARE INC,DRN,V2MW34,2022-03-11,2023-10-04
VODAFONE GRO,DRN,V1OD34,2020-10-27,2026-10-05
VORNADO REAL,DRN,V1NO34,2020-03-03,2026-10-01
VTEX,DRN,V2TX34,2024-03-20,2026-10-05
VULCABRAS,DIR,VULC1,2025-11-05,2025-12-01
VULCABRAS,ON,VULC3,2015-01-02,2026-10-05
VULCABRAS,ON,VULC9,2025-12-16,2025-12-18
VULCAN MATER,DRN,V1MC34,2020-03-20,2026-10-05
WABTEC CORP,DRN,W1AB34,2020-03-20,2026-10-01
WAL MART,DRN,WALM34,2015-01-02,2026-10-05
WALGREENS,DRN,WGBA34,2019-05-23,2025-04-11
WALT DISNEY,DRN,DISB34,2015-01-02,2026-10-05
WARNER DISCO,DRN,W1BD34,2022-04-20,2026-10-05
WARNER MUSIC,DRN,W1MG34,2020-10-26,2026-10-05
WASTE MANAG,DRN,W1MC34,2020-02-10,2026-10-05
WATERS CORP,DRN,WATC34,2019-07-11,2026-06-08
WATSCO INC,DRN,W1SO34,2020-11-23,2026-09-18
WAYFAIR INC,DRN,W2YF34,2021-08-17,2026-09-16
WDC NETWORKS,ON,LVTC3,2021-07-26,2025-09-30
WDC NETWORKS,ON,WDCN3,2025-10-01,2026-10-05
WEC ENERGY G,DRN,W1EC34,2020-03-23,2026-07-13
WEG,ON,WEGE3,2015-01-02,2026-10-05
WEIBO CORP,DRN,W1BO34,2020-10-20,2026-10-05
WELLS FARGO,DRN,WFCO34,2015-01-02,2026-10-05
WELLTOWER IN,DRN,W1EL34,2020-03-03,2026-10-05
WEST PHARMA,DRN,W2ST34,2021-08-16,2026-09-08
WESTERN BCOR,DRN,WABC34,2019-07-11,2026-09-14
WESTERN DIG,DRN,W1DC34,2020-01-06,2026-10-05
WESTERNUNION,DRN,WUNI34,2015-09-21,2026-10-05
WESTPAC BANK,DRN,W1BK34,2020-10-28,2022-01-03
WESTROCK CO,DRN,W1RK34,2020-02-28,2023-09-22
WESTWING,ON,WEST3,2021-02-11,2026-10-05
WETZEL S/A,ON,MWET3,2015-04-28,2026-09-03
WETZEL S/A,PN,MWET4,2015-01-06,2026-09-08
WEX INC,DRN,W2EX34,2022-07-26,2026-07-23
WEYERHAEUSER,DRN,W1YC34,2020-02-28,2026-10-05
WHIRLPOOL,ON,WHRL3,2015-01-02,2026-10-05
WHIRLPOOL,PN,WHRL4,2015-01-02,2026-10-05
WHIRLPOOL CO,DRN,W1HR34,2020-03-03,2026-10-05
WILLIAMS COS,DRN,W1MB34,2020-02-28,2026-10-05
WILLIS TOWER,DRN,W1LT34,2020-05-04,2026-05-13
WILSON SONS,DR3,WSON33,2015-01-02,2021-10-22
WILSON SONS,ON,PORT3,2021-10-25,2025-12-03
WIX.COM LTD,DRN,W1IX34,2020-11-06,2026-10-05
WIZ CO,ON,WIZC3,2023-02-09,2026-10-05
WIZ S.A.,ON,WIZS3,2017-05-03,2023-02-08
WLM IND COM,ON,SGAS3,2015-04-02,2017-06-23
WLM IND COM,ON,WLMM3,2017-07-07,2026-10-05
WLM IND COM,PN,SGAS4,2015-03-04,2017-06-23
WLM IND COM,PN,WLMM4,2017-06-26,2026-10-05
WOLFSPEED IN,DRN,W2OL34,2022-04-18,2025-07-08
WORKDAY INC,DRN,W1DA34,2020-02-28,2026-10-05
WPP PLC,DRN,W1PP34,2020-10-20,2026-10-05
WR BERKLEY C,DRN,W1RB34,2020-10-27,2026-10-05
WT CLOU COMP,DRE,BWCL39,2023-10-03,2025-12-16
WT FLOATRATE,DRE,BUSF39,2023-11-08,2023-11-14
WT YIELD ENH,DRE,BAGY39,2023-11-08,2026-06-24
WW GRAINGER,DRN,G1WW34,2020-02-11,2026-09-29
WYNN RESORTS,DRN,W1YN34,2020-02-28,2026-10-01
XCEL ENERGY,DRN,X1EL34,2020-02-10,2026-10-05
XEROX CORP,DRN,XRXB34,2015-02-09,2026-10-05
XILINX INC,DRN,X1LN34,2020-03-02,2022-02-11
XP INC,DR1,XPBR20,2023-07-03,2024-09-12
XP INC,DR1,XPBR31,2021-10-04,2026-10-05
XPETFACWI,CI,ACWI11,2025-05-26,2026-10-05
XPETFCHINA,CI,XINA11,2025-05-26,2026-10-05
XPETFUSTECH,CI,UTEC11,2025-05-26,2026-10-05
XRP HASH,CI,XRPH11,2025-04-25,2026-10-05
XYLEM INC,DRN,X1YL34,2020-03-23,2026-09-30
YBYRA S/A,PN,YBRA4,2023-10-03,2023-11-01
YDUQS PART,ON,YDUQ3,2019-07-23,2026-10-05
YPF SA,DRN,Y2PF34,2023-08-10,2026-10-05
YUM BRANDS,DRN,YUMR34,2019-07-11,2026-10-05
ZAMP S.A.,DIR,ZAMP1,2024-07-29,2024-08-22
ZAMP S.A.,ON,ZAMP3,2022-10-26,2025-12-02
ZAMP S.A.,ON,ZAMP9,2024-09-03,2024-10-24
ZEBRA TECHNO,DRN,Z1BR34,2020-10-14,2026-10-02
ZENDESK INC,DRN,Z2EN34,2021-08-23,2022-11-21
ZETA GLOBAL,DRN,Z1TA34,2025-10-20,2026-09-30
ZIFF DAVIS,DRN,Z2DV34,2022-02-25,2026-10-05
ZILLOW GROUP,DRN,Z2LL34,2021-08-16,2026-10-05
ZILLOW GROUP,DRN,Z2LL35,2023-07-03,2025-12-23
ZIMMER BIOME,DRN,Z1BH34,2020-03-18,2026-09-28
ZIONSBANCORP,DRN,Z1IO34,2020-02-28,2026-07-23
ZOETIS INC,DRN,Z1TS34,2020-02-21,2026-10-05
ZOOM COMMS,DRN,Z1OM34,2024-12-02,2026-10-05
ZOOM VIDEO,DRN,Z1OM34,2020-10-14,2024-11-29
ZOOMINFO TC,DRN,Z2IT34,2022-02-15,2026-10-05
ZSCALER INC,DRN,Z2SC34,2022-02-11,2026-10-05
ZTO EXPRESS,DRN,Z1TO34,2020-10-20,2026-10-05
ZYNGA INC,DRN,Z2NG34,2021-04-06,2022-05-27
